INSERT INTO GENDER(gender_id, gender_discription, gender_name) VALUES(0, 'Genderfluid', 'Genderfluid')
INSERT INTO PERSON(person_id, person_gender_id, person_first_name, person_last_name, person_email_name) VALUES(0,0,'Lisha','Olliffe','lolliffequ@reddit.com')
Insert into zip(zip_id, zip_code, zip_city, zip_state)Values (0,'19141','Philadelphia','Pennsylvania')
Insert into HOUSE_ADDRESS(house_address_id , house_address_line_one, house_address_line_two, house_address_zip_id) VALUES(0,'1537 Clyde Gallagher Street','',0) 
INSERT INTO LIVING_SITUATION(living_situation_person_id,living_situation_house_address_id) VALUES(0,0)
INSERT INTO GENDER(gender_id, gender_discription, gender_name) VALUES(1, 'Non-binary', 'Non-binary')
INSERT INTO PERSON(person_id, person_gender_id, person_first_name, person_last_name, person_email_name) VALUES(1,1,'Ram','Sells','rsellsd8@example.com')
Insert into zip(zip_id, zip_code, zip_city, zip_state)Values (1,'19115','Philadelphia','Pennsylvania')
Insert into HOUSE_ADDRESS(house_address_id , house_address_line_one, house_address_line_two, house_address_zip_id) VALUES(1,'21064 Briar Crest Crossing','',1) 
INSERT INTO LIVING_SITUATION(living_situation_person_id,living_situation_house_address_id) VALUES(1,1)
INSERT INTO GENDER(gender_id, gender_discription, gender_name) VALUES(2, 'Female', 'Female')
INSERT INTO PERSON(person_id, person_gender_id, person_first_name, person_last_name, person_email_name) VALUES(2,2,'Rosemary','Huntley','rhuntley2o@comcast.net')
Insert into zip(zip_id, zip_code, zip_city, zip_state)Values (2,'19160','Philadelphia','Pennsylvania')
Insert into HOUSE_ADDRESS(house_address_id , house_address_line_one, house_address_line_two, house_address_zip_id) VALUES(2,'28541 Prairieview Junction','',2) 
INSERT INTO LIVING_SITUATION(living_situation_person_id,living_situation_house_address_id) VALUES(2,2)
INSERT INTO GENDER(gender_id, gender_discription, gender_name) VALUES(3, 'Bigender', 'Bigender')
INSERT INTO PERSON(person_id, person_gender_id, person_first_name, person_last_name, person_email_name) VALUES(3,3,'Roberta','Rotge','rrotgehw@ovh.net')
Insert into zip(zip_id, zip_code, zip_city, zip_state)Values (3,'19093','Philadelphia','Pennsylvania')
Insert into HOUSE_ADDRESS(house_address_id , house_address_line_one, house_address_line_two, house_address_zip_id) VALUES(3,'7679 Brickson Park Parkway','',3) 
INSERT INTO LIVING_SITUATION(living_situation_person_id,living_situation_house_address_id) VALUES(3,3)
INSERT INTO GENDER(gender_id, gender_discription, gender_name) VALUES(4, 'Agender', 'Agender')
INSERT INTO PERSON(person_id, person_gender_id, person_first_name, person_last_name, person_email_name) VALUES(4,4,'Lilias','Cotelard','lcotelardpy@cnbc.com')
Insert into zip(zip_id, zip_code, zip_city, zip_state)Values (4,'19104','Philadelphia','Pennsylvania')
Insert into HOUSE_ADDRESS(house_address_id , house_address_line_one, house_address_line_two, house_address_zip_id) VALUES(4,'19076 Summerview Circle','',4) 
INSERT INTO LIVING_SITUATION(living_situation_person_id,living_situation_house_address_id) VALUES(4,4)
INSERT INTO PERSON(person_id, person_gender_id, person_first_name, person_last_name, person_email_name) VALUES(5,3,'Kit','Pipkin','kpipkin4d@icio.us')
Insert into HOUSE_ADDRESS(house_address_id , house_address_line_one, house_address_line_two, house_address_zip_id) VALUES(5,'305 New Castle Junction','',4) 
INSERT INTO LIVING_SITUATION(living_situation_person_id,living_situation_house_address_id) VALUES(5,5)
INSERT INTO PERSON(person_id, person_gender_id, person_first_name, person_last_name, person_email_name) VALUES(6,0,'Bobine','Vido','bvido7l@merriam-webster.com')
Insert into zip(zip_id, zip_code, zip_city, zip_state)Values (6,'18706','Wilkes Barre','Pennsylvania')
Insert into HOUSE_ADDRESS(house_address_id , house_address_line_one, house_address_line_two, house_address_zip_id) VALUES(6,'6090 Di Loreto Crossing','',6) 
INSERT INTO LIVING_SITUATION(living_situation_person_id,living_situation_house_address_id) VALUES(6,6)
INSERT INTO GENDER(gender_id, gender_discription, gender_name) VALUES(7, 'Genderqueer', 'Genderqueer')
INSERT INTO PERSON(person_id, person_gender_id, person_first_name, person_last_name, person_email_name) VALUES(7,7,'Walt','Dreus','wdreusnu@tinyurl.com')
Insert into HOUSE_ADDRESS(house_address_id , house_address_line_one, house_address_line_two, house_address_zip_id) VALUES(7,'24 Meadow Ridge Center','',6) 
INSERT INTO LIVING_SITUATION(living_situation_person_id,living_situation_house_address_id) VALUES(7,7)
INSERT INTO GENDER(gender_id, gender_discription, gender_name) VALUES(8, 'Polygender', 'Polygender')
INSERT INTO PERSON(person_id, person_gender_id, person_first_name, person_last_name, person_email_name) VALUES(8,8,'Hedwiga','Colquite','hcolquite7t@naver.com')
Insert into zip(zip_id, zip_code, zip_city, zip_state)Values (8,'19146','Philadelphia','Pennsylvania')
Insert into HOUSE_ADDRESS(house_address_id , house_address_line_one, house_address_line_two, house_address_zip_id) VALUES(8,'42 Blue Bill Park Pass','',8) 
INSERT INTO LIVING_SITUATION(living_situation_person_id,living_situation_house_address_id) VALUES(8,8)
INSERT INTO GENDER(gender_id, gender_discription, gender_name) VALUES(9, 'Male', 'Male')
INSERT INTO PERSON(person_id, person_gender_id, person_first_name, person_last_name, person_email_name) VALUES(9,9,'Ulick','Roscoe','uroscoer7@thetimes.co.uk')
Insert into zip(zip_id, zip_code, zip_city, zip_state)Values (9,'19196','Philadelphia','Pennsylvania')
Insert into HOUSE_ADDRESS(house_address_id , house_address_line_one, house_address_line_two, house_address_zip_id) VALUES(9,'6 Green Ridge Crossing','',9) 
INSERT INTO LIVING_SITUATION(living_situation_person_id,living_situation_house_address_id) VALUES(9,9)
INSERT INTO PERSON(person_id, person_gender_id, person_first_name, person_last_name, person_email_name) VALUES(10,8,'Gerome','Rigge','griggebg@webeden.co.uk')
Insert into zip(zip_id, zip_code, zip_city, zip_state)Values (10,'19136','Philadelphia','Pennsylvania')
Insert into HOUSE_ADDRESS(house_address_id , house_address_line_one, house_address_line_two, house_address_zip_id) VALUES(10,'980 La Follette Center','',10) 
INSERT INTO LIVING_SITUATION(living_situation_person_id,living_situation_house_address_id) VALUES(10,10)
INSERT INTO PERSON(person_id, person_gender_id, person_first_name, person_last_name, person_email_name) VALUES(11,4,'Dewitt','Fourmy','dfourmy5e@google.fr')
Insert into zip(zip_id, zip_code, zip_city, zip_state)Values (11,'18768','Wilkes Barre','Pennsylvania')
Insert into HOUSE_ADDRESS(house_address_id , house_address_line_one, house_address_line_two, house_address_zip_id) VALUES(11,'23466 Longview Street','',11) 
INSERT INTO LIVING_SITUATION(living_situation_person_id,living_situation_house_address_id) VALUES(11,11)
INSERT INTO PERSON(person_id, person_gender_id, person_first_name, person_last_name, person_email_name) VALUES(12,8,'Brenda','McGonnell','bmcgonnellez@gravatar.com')
Insert into HOUSE_ADDRESS(house_address_id , house_address_line_one, house_address_line_two, house_address_zip_id) VALUES(12,'387 Old Gate Junction','',11) 
INSERT INTO LIVING_SITUATION(living_situation_person_id,living_situation_house_address_id) VALUES(12,12)
INSERT INTO PERSON(person_id, person_gender_id, person_first_name, person_last_name, person_email_name) VALUES(13,9,'Marcie','Rudinger','mrudinger3l@indiegogo.com')
Insert into zip(zip_id, zip_code, zip_city, zip_state)Values (13,'19125','Philadelphia','Pennsylvania')
Insert into HOUSE_ADDRESS(house_address_id , house_address_line_one, house_address_line_two, house_address_zip_id) VALUES(13,'49 Kensington Terrace','',13) 
INSERT INTO LIVING_SITUATION(living_situation_person_id,living_situation_house_address_id) VALUES(13,13)
INSERT INTO PERSON(person_id, person_gender_id, person_first_name, person_last_name, person_email_name) VALUES(14,4,'Katerine','Huttley','khuttley1j@instagram.com')
Insert into zip(zip_id, zip_code, zip_city, zip_state)Values (14,'19191','Philadelphia','Pennsylvania')
Insert into HOUSE_ADDRESS(house_address_id , house_address_line_one, house_address_line_two, house_address_zip_id) VALUES(14,'554 Hollow Ridge Pass','',14) 
INSERT INTO LIVING_SITUATION(living_situation_person_id,living_situation_house_address_id) VALUES(14,14)
INSERT INTO PERSON(person_id, person_gender_id, person_first_name, person_last_name, person_email_name) VALUES(15,2,'Selena','Earry','searry5r@elpais.com')
Insert into HOUSE_ADDRESS(house_address_id , house_address_line_one, house_address_line_two, house_address_zip_id) VALUES(15,'6 Commercial Junction','',2) 
INSERT INTO LIVING_SITUATION(living_situation_person_id,living_situation_house_address_id) VALUES(15,15)
INSERT INTO PERSON(person_id, person_gender_id, person_first_name, person_last_name, person_email_name) VALUES(16,9,'Loni','Sturley','lsturleyn2@live.com')
Insert into HOUSE_ADDRESS(house_address_id , house_address_line_one, house_address_line_two, house_address_zip_id) VALUES(16,'914 Fair Oaks Terrace','',4) 
INSERT INTO LIVING_SITUATION(living_situation_person_id,living_situation_house_address_id) VALUES(16,16)
INSERT INTO PERSON(person_id, person_gender_id, person_first_name, person_last_name, person_email_name) VALUES(17,1,'Maud','Quillinane','mquillinanebx@netlog.com')
Insert into HOUSE_ADDRESS(house_address_id , house_address_line_one, house_address_line_two, house_address_zip_id) VALUES(17,'96392 Clarendon Alley','',9) 
INSERT INTO LIVING_SITUATION(living_situation_person_id,living_situation_house_address_id) VALUES(17,17)
INSERT INTO PERSON(person_id, person_gender_id, person_first_name, person_last_name, person_email_name) VALUES(18,3,'Melloney','Grisard','mgrisardk6@ed.gov')
Insert into HOUSE_ADDRESS(house_address_id , house_address_line_one, house_address_line_two, house_address_zip_id) VALUES(18,'011 Redwing Junction','',11) 
INSERT INTO LIVING_SITUATION(living_situation_person_id,living_situation_house_address_id) VALUES(18,18)
INSERT INTO PERSON(person_id, person_gender_id, person_first_name, person_last_name, person_email_name) VALUES(19,4,'Gaylene','Lorman','glormang4@shinystat.com')
Insert into zip(zip_id, zip_code, zip_city, zip_state)Values (19,'19120','Philadelphia','Pennsylvania')
Insert into HOUSE_ADDRESS(house_address_id , house_address_line_one, house_address_line_two, house_address_zip_id) VALUES(19,'1881 Shoshone Street','',19) 
INSERT INTO LIVING_SITUATION(living_situation_person_id,living_situation_house_address_id) VALUES(19,19)
INSERT INTO PERSON(person_id, person_gender_id, person_first_name, person_last_name, person_email_name) VALUES(20,3,'Rockey','Trolley','rtrolleyg1@booking.com')
Insert into HOUSE_ADDRESS(house_address_id , house_address_line_one, house_address_line_two, house_address_zip_id) VALUES(20,'2727 Michigan Street','',4) 
INSERT INTO LIVING_SITUATION(living_situation_person_id,living_situation_house_address_id) VALUES(20,20)
INSERT INTO PERSON(person_id, person_gender_id, person_first_name, person_last_name, person_email_name) VALUES(21,7,'Mayer','Brittin','mbrittincs@nbcnews.com')
Insert into HOUSE_ADDRESS(house_address_id , house_address_line_one, house_address_line_two, house_address_zip_id) VALUES(21,'30013 Pearson Circle','',10) 
INSERT INTO LIVING_SITUATION(living_situation_person_id,living_situation_house_address_id) VALUES(21,21)
INSERT INTO PERSON(person_id, person_gender_id, person_first_name, person_last_name, person_email_name) VALUES(22,8,'Shaine','Snoding','ssnodinglj@dropbox.com')
Insert into HOUSE_ADDRESS(house_address_id , house_address_line_one, house_address_line_two, house_address_zip_id) VALUES(22,'34008 Holmberg Place','',14) 
INSERT INTO LIVING_SITUATION(living_situation_person_id,living_situation_house_address_id) VALUES(22,22)
INSERT INTO PERSON(person_id, person_gender_id, person_first_name, person_last_name, person_email_name) VALUES(23,3,'Dore','Sagg','dsaggi7@deliciousdays.com')
Insert into zip(zip_id, zip_code, zip_city, zip_state)Values (23,'18763','Wilkes Barre','Pennsylvania')
Insert into HOUSE_ADDRESS(house_address_id , house_address_line_one, house_address_line_two, house_address_zip_id) VALUES(23,'59015 Vahlen Terrace','',23) 
INSERT INTO LIVING_SITUATION(living_situation_person_id,living_situation_house_address_id) VALUES(23,23)
INSERT INTO PERSON(person_id, person_gender_id, person_first_name, person_last_name, person_email_name) VALUES(24,3,'Magdalena','Aupol','maupol8h@wikia.com')
Insert into HOUSE_ADDRESS(house_address_id , house_address_line_one, house_address_line_two, house_address_zip_id) VALUES(24,'6627 Dennis Junction','',11) 
INSERT INTO LIVING_SITUATION(living_situation_person_id,living_situation_house_address_id) VALUES(24,24)
INSERT INTO PERSON(person_id, person_gender_id, person_first_name, person_last_name, person_email_name) VALUES(25,2,'Nathanil','Gillatt','ngillattlp@alibaba.com')
Insert into zip(zip_id, zip_code, zip_city, zip_state)Values (25,'19184','Philadelphia','Pennsylvania')
Insert into HOUSE_ADDRESS(house_address_id , house_address_line_one, house_address_line_two, house_address_zip_id) VALUES(25,'6772 Fair Oaks Place','',25) 
INSERT INTO LIVING_SITUATION(living_situation_person_id,living_situation_house_address_id) VALUES(25,25)
INSERT INTO PERSON(person_id, person_gender_id, person_first_name, person_last_name, person_email_name) VALUES(26,7,'Cherri','McBeth','cmcbeth8n@hibu.com')
Insert into zip(zip_id, zip_code, zip_city, zip_state)Values (26,'19178','Philadelphia','Pennsylvania')
Insert into HOUSE_ADDRESS(house_address_id , house_address_line_one, house_address_line_two, house_address_zip_id) VALUES(26,'98663 Gulseth Avenue','',26) 
INSERT INTO LIVING_SITUATION(living_situation_person_id,living_situation_house_address_id) VALUES(26,26)
INSERT INTO PERSON(person_id, person_gender_id, person_first_name, person_last_name, person_email_name) VALUES(27,4,'Ginni','Smart','gsmart7k@scientificamerican.com')
Insert into HOUSE_ADDRESS(house_address_id , house_address_line_one, house_address_line_two, house_address_zip_id) VALUES(27,'12 Morningstar Lane','',2) 
INSERT INTO LIVING_SITUATION(living_situation_person_id,living_situation_house_address_id) VALUES(27,27)
INSERT INTO PERSON(person_id, person_gender_id, person_first_name, person_last_name, person_email_name) VALUES(28,4,'Bo','Faltskog','bfaltskogkf@arstechnica.com')
Insert into zip(zip_id, zip_code, zip_city, zip_state)Values (28,'19131','Philadelphia','Pennsylvania')
Insert into HOUSE_ADDRESS(house_address_id , house_address_line_one, house_address_line_two, house_address_zip_id) VALUES(28,'12515 Pawling Alley','',28) 
INSERT INTO LIVING_SITUATION(living_situation_person_id,living_situation_house_address_id) VALUES(28,28)
INSERT INTO PERSON(person_id, person_gender_id, person_first_name, person_last_name, person_email_name) VALUES(29,1,'Rolland','Fulep','rfulepft@wp.com')
Insert into HOUSE_ADDRESS(house_address_id , house_address_line_one, house_address_line_two, house_address_zip_id) VALUES(29,'29795 Arrowood Road','',6) 
INSERT INTO LIVING_SITUATION(living_situation_person_id,living_situation_house_address_id) VALUES(29,29)
INSERT INTO PERSON(person_id, person_gender_id, person_first_name, person_last_name, person_email_name) VALUES(30,4,'Tracey','McQuillen','tmcquillenf5@facebook.com')
Insert into HOUSE_ADDRESS(house_address_id , house_address_line_one, house_address_line_two, house_address_zip_id) VALUES(30,'3 Burning Wood Pass','',2) 
INSERT INTO LIVING_SITUATION(living_situation_person_id,living_situation_house_address_id) VALUES(30,30)
INSERT INTO PERSON(person_id, person_gender_id, person_first_name, person_last_name, person_email_name) VALUES(31,9,'Darb','Bigglestone','dbigglestoneka@java.com')
Insert into HOUSE_ADDRESS(house_address_id , house_address_line_one, house_address_line_two, house_address_zip_id) VALUES(31,'74945 Mitchell Park','',23) 
INSERT INTO LIVING_SITUATION(living_situation_person_id,living_situation_house_address_id) VALUES(31,31)
INSERT INTO PERSON(person_id, person_gender_id, person_first_name, person_last_name, person_email_name) VALUES(32,9,'Janenna','Amyes','jamyesmu@slideshare.net')
Insert into HOUSE_ADDRESS(house_address_id , house_address_line_one, house_address_line_two, house_address_zip_id) VALUES(32,'7973 Mayfield Place','',13) 
INSERT INTO LIVING_SITUATION(living_situation_person_id,living_situation_house_address_id) VALUES(32,32)
INSERT INTO PERSON(person_id, person_gender_id, person_first_name, person_last_name, person_email_name) VALUES(33,4,'Dionysus','Bontine','dbontinej2@unblog.fr')
Insert into HOUSE_ADDRESS(house_address_id , house_address_line_one, house_address_line_two, house_address_zip_id) VALUES(33,'9 Talisman Crossing','',14) 
INSERT INTO LIVING_SITUATION(living_situation_person_id,living_situation_house_address_id) VALUES(33,33)
INSERT INTO PERSON(person_id, person_gender_id, person_first_name, person_last_name, person_email_name) VALUES(34,0,'Wanda','Twitty','wtwitty1e@shutterfly.com')
Insert into HOUSE_ADDRESS(house_address_id , house_address_line_one, house_address_line_two, house_address_zip_id) VALUES(34,'938 Scofield Circle','',19) 
INSERT INTO LIVING_SITUATION(living_situation_person_id,living_situation_house_address_id) VALUES(34,34)
INSERT INTO PERSON(person_id, person_gender_id, person_first_name, person_last_name, person_email_name) VALUES(35,0,'Sharron','Nealon','snealon5o@cyberchimps.com')
Insert into HOUSE_ADDRESS(house_address_id , house_address_line_one, house_address_line_two, house_address_zip_id) VALUES(35,'07150 Helena Alley','',4) 
INSERT INTO LIVING_SITUATION(living_situation_person_id,living_situation_house_address_id) VALUES(35,35)
INSERT INTO PERSON(person_id, person_gender_id, person_first_name, person_last_name, person_email_name) VALUES(36,1,'Patrice','Stille','pstilleg7@oaic.gov.au')
Insert into zip(zip_id, zip_code, zip_city, zip_state)Values (36,'19109','Philadelphia','Pennsylvania')
Insert into HOUSE_ADDRESS(house_address_id , house_address_line_one, house_address_line_two, house_address_zip_id) VALUES(36,'1598 Tomscot Point','',36) 
INSERT INTO LIVING_SITUATION(living_situation_person_id,living_situation_house_address_id) VALUES(36,36)
INSERT INTO PERSON(person_id, person_gender_id, person_first_name, person_last_name, person_email_name) VALUES(37,3,'Bartlett','Farry','bfarry1m@ifeng.com')
Insert into HOUSE_ADDRESS(house_address_id , house_address_line_one, house_address_line_two, house_address_zip_id) VALUES(37,'219 Gateway Avenue','',25) 
INSERT INTO LIVING_SITUATION(living_situation_person_id,living_situation_house_address_id) VALUES(37,37)
INSERT INTO PERSON(person_id, person_gender_id, person_first_name, person_last_name, person_email_name) VALUES(38,1,'Esther','Jerosch','ejeroschor@google.com.br')
Insert into HOUSE_ADDRESS(house_address_id , house_address_line_one, house_address_line_two, house_address_zip_id) VALUES(38,'26 Golf View Court','',25) 
INSERT INTO LIVING_SITUATION(living_situation_person_id,living_situation_house_address_id) VALUES(38,38)
INSERT INTO PERSON(person_id, person_gender_id, person_first_name, person_last_name, person_email_name) VALUES(39,0,'Chico','Tolerton','ctolerton86@imageshack.us')
Insert into HOUSE_ADDRESS(house_address_id , house_address_line_one, house_address_line_two, house_address_zip_id) VALUES(39,'30 Graceland Drive','',26) 
INSERT INTO LIVING_SITUATION(living_situation_person_id,living_situation_house_address_id) VALUES(39,39)
INSERT INTO PERSON(person_id, person_gender_id, person_first_name, person_last_name, person_email_name) VALUES(40,9,'Loy','Jouning','ljouninglh@forbes.com')
Insert into HOUSE_ADDRESS(house_address_id , house_address_line_one, house_address_line_two, house_address_zip_id) VALUES(40,'302 Dunning Avenue','',3) 
INSERT INTO LIVING_SITUATION(living_situation_person_id,living_situation_house_address_id) VALUES(40,40)
INSERT INTO PERSON(person_id, person_gender_id, person_first_name, person_last_name, person_email_name) VALUES(41,8,'Davine','Kennally','dkennally8f@ifeng.com')
Insert into HOUSE_ADDRESS(house_address_id , house_address_line_one, house_address_line_two, house_address_zip_id) VALUES(41,'3565 Division Road','',11) 
INSERT INTO LIVING_SITUATION(living_situation_person_id,living_situation_house_address_id) VALUES(41,41)
INSERT INTO PERSON(person_id, person_gender_id, person_first_name, person_last_name, person_email_name) VALUES(42,9,'Wynn','Laslett','wlaslettb4@booking.com')
Insert into HOUSE_ADDRESS(house_address_id , house_address_line_one, house_address_line_two, house_address_zip_id) VALUES(42,'38 Clarendon Drive','',13) 
INSERT INTO LIVING_SITUATION(living_situation_person_id,living_situation_house_address_id) VALUES(42,42)
INSERT INTO PERSON(person_id, person_gender_id, person_first_name, person_last_name, person_email_name) VALUES(43,7,'Rhea','Bewshaw','rbewshawox@mediafire.com')
Insert into zip(zip_id, zip_code, zip_city, zip_state)Values (43,'19172','Philadelphia','Pennsylvania')
Insert into HOUSE_ADDRESS(house_address_id , house_address_line_one, house_address_line_two, house_address_zip_id) VALUES(43,'4342 Ryan Junction','',43) 
INSERT INTO LIVING_SITUATION(living_situation_person_id,living_situation_house_address_id) VALUES(43,43)
INSERT INTO PERSON(person_id, person_gender_id, person_first_name, person_last_name, person_email_name) VALUES(44,1,'Hortense','Tooth','htoothkc@who.int')
Insert into HOUSE_ADDRESS(house_address_id , house_address_line_one, house_address_line_two, house_address_zip_id) VALUES(44,'45 Menomonie Point','',4) 
INSERT INTO LIVING_SITUATION(living_situation_person_id,living_situation_house_address_id) VALUES(44,44)
INSERT INTO PERSON(person_id, person_gender_id, person_first_name, person_last_name, person_email_name) VALUES(45,8,'Ester','Sarney','esarney2d@dyndns.org')
Insert into HOUSE_ADDRESS(house_address_id , house_address_line_one, house_address_line_two, house_address_zip_id) VALUES(45,'5 Oak Valley Trail','',0) 
INSERT INTO LIVING_SITUATION(living_situation_person_id,living_situation_house_address_id) VALUES(45,45)
INSERT INTO PERSON(person_id, person_gender_id, person_first_name, person_last_name, person_email_name) VALUES(46,2,'Shirlee','Chilles','schilleshj@statcounter.com')
Insert into HOUSE_ADDRESS(house_address_id , house_address_line_one, house_address_line_two, house_address_zip_id) VALUES(46,'5 Springview Alley','',1) 
INSERT INTO LIVING_SITUATION(living_situation_person_id,living_situation_house_address_id) VALUES(46,46)
INSERT INTO PERSON(person_id, person_gender_id, person_first_name, person_last_name, person_email_name) VALUES(47,9,'Elnore','Grzesiak','egrzesiakpf@intel.com')
Insert into HOUSE_ADDRESS(house_address_id , house_address_line_one, house_address_line_two, house_address_zip_id) VALUES(47,'50648 Redwing Road','',11) 
INSERT INTO LIVING_SITUATION(living_situation_person_id,living_situation_house_address_id) VALUES(47,47)
INSERT INTO PERSON(person_id, person_gender_id, person_first_name, person_last_name, person_email_name) VALUES(48,4,'Wylie','Mushawe','wmushawe7b@posterous.com')
Insert into HOUSE_ADDRESS(house_address_id , house_address_line_one, house_address_line_two, house_address_zip_id) VALUES(48,'569 Fremont Avenue','',9) 
INSERT INTO LIVING_SITUATION(living_situation_person_id,living_situation_house_address_id) VALUES(48,48)
INSERT INTO PERSON(person_id, person_gender_id, person_first_name, person_last_name, person_email_name) VALUES(49,1,'Caleb','Schimoni','cschimonibs@ucsd.edu')
Insert into HOUSE_ADDRESS(house_address_id , house_address_line_one, house_address_line_two, house_address_zip_id) VALUES(49,'58073 Boyd Parkway','',1) 
INSERT INTO LIVING_SITUATION(living_situation_person_id,living_situation_house_address_id) VALUES(49,49)
INSERT INTO PERSON(person_id, person_gender_id, person_first_name, person_last_name, person_email_name) VALUES(50,3,'Binnie','Howarth','bhowarthfg@abc.net.au')
Insert into HOUSE_ADDRESS(house_address_id , house_address_line_one, house_address_line_two, house_address_zip_id) VALUES(50,'711 Tennessee Lane','',3) 
INSERT INTO LIVING_SITUATION(living_situation_person_id,living_situation_house_address_id) VALUES(50,50)
INSERT INTO PERSON(person_id, person_gender_id, person_first_name, person_last_name, person_email_name) VALUES(51,8,'Lyndy','Visco','lvisco3s@parallels.com')
Insert into HOUSE_ADDRESS(house_address_id , house_address_line_one, house_address_line_two, house_address_zip_id) VALUES(51,'7431 Spaight Trail','',1) 
INSERT INTO LIVING_SITUATION(living_situation_person_id,living_situation_house_address_id) VALUES(51,51)
INSERT INTO PERSON(person_id, person_gender_id, person_first_name, person_last_name, person_email_name) VALUES(52,9,'Kerwin','Pietersen','kpietersennr@ask.com')
Insert into HOUSE_ADDRESS(house_address_id , house_address_line_one, house_address_line_two, house_address_zip_id) VALUES(52,'8320 Walton Avenue','',14) 
INSERT INTO LIVING_SITUATION(living_situation_person_id,living_situation_house_address_id) VALUES(52,52)
INSERT INTO PERSON(person_id, person_gender_id, person_first_name, person_last_name, person_email_name) VALUES(53,2,'Ikey','Cranch','icranch8r@ask.com')
Insert into HOUSE_ADDRESS(house_address_id , house_address_line_one, house_address_line_two, house_address_zip_id) VALUES(53,'0 Merchant Circle','',3) 
INSERT INTO LIVING_SITUATION(living_situation_person_id,living_situation_house_address_id) VALUES(53,53)
INSERT INTO PERSON(person_id, person_gender_id, person_first_name, person_last_name, person_email_name) VALUES(54,9,'Jarib','Hartfield','jhartfieldff@ebay.co.uk')
Insert into HOUSE_ADDRESS(house_address_id , house_address_line_one, house_address_line_two, house_address_zip_id) VALUES(54,'0 Rutledge Circle','',28) 
INSERT INTO LIVING_SITUATION(living_situation_person_id,living_situation_house_address_id) VALUES(54,54)
INSERT INTO PERSON(person_id, person_gender_id, person_first_name, person_last_name, person_email_name) VALUES(55,7,'Iorgo','Braam','ibraam80@tamu.edu')
Insert into HOUSE_ADDRESS(house_address_id , house_address_line_one, house_address_line_two, house_address_zip_id) VALUES(55,'0 Tennessee Drive','',1) 
INSERT INTO LIVING_SITUATION(living_situation_person_id,living_situation_house_address_id) VALUES(55,55)
INSERT INTO PERSON(person_id, person_gender_id, person_first_name, person_last_name, person_email_name) VALUES(56,3,'Nissy','Blodg','nblodgow@google.co.uk')
Insert into HOUSE_ADDRESS(house_address_id , house_address_line_one, house_address_line_two, house_address_zip_id) VALUES(56,'097 Bluestem Pass','',13) 
INSERT INTO LIVING_SITUATION(living_situation_person_id,living_situation_house_address_id) VALUES(56,56)
INSERT INTO PERSON(person_id, person_gender_id, person_first_name, person_last_name, person_email_name) VALUES(57,3,'Hermann','Strood','hstrood7w@ft.com')
Insert into HOUSE_ADDRESS(house_address_id , house_address_line_one, house_address_line_two, house_address_zip_id) VALUES(57,'21 Thackeray Park','',9) 
INSERT INTO LIVING_SITUATION(living_situation_person_id,living_situation_house_address_id) VALUES(57,57)
INSERT INTO PERSON(person_id, person_gender_id, person_first_name, person_last_name, person_email_name) VALUES(58,0,'Cariotta','Peppett','cpeppettht@hp.com')
Insert into HOUSE_ADDRESS(house_address_id , house_address_line_one, house_address_line_two, house_address_zip_id) VALUES(58,'25205 Merry Court','',11) 
INSERT INTO LIVING_SITUATION(living_situation_person_id,living_situation_house_address_id) VALUES(58,58)
INSERT INTO PERSON(person_id, person_gender_id, person_first_name, person_last_name, person_email_name) VALUES(59,0,'Alex','Ibarra','aibarrapa@bigcartel.com')
Insert into HOUSE_ADDRESS(house_address_id , house_address_line_one, house_address_line_two, house_address_zip_id) VALUES(59,'44655 Merry Place','',6) 
INSERT INTO LIVING_SITUATION(living_situation_person_id,living_situation_house_address_id) VALUES(59,59)
INSERT INTO PERSON(person_id, person_gender_id, person_first_name, person_last_name, person_email_name) VALUES(60,1,'Matty','Merali','mmeralimp@prnewswire.com')
Insert into HOUSE_ADDRESS(house_address_id , house_address_line_one, house_address_line_two, house_address_zip_id) VALUES(60,'46835 Green Point','',4) 
INSERT INTO LIVING_SITUATION(living_situation_person_id,living_situation_house_address_id) VALUES(60,60)
INSERT INTO PERSON(person_id, person_gender_id, person_first_name, person_last_name, person_email_name) VALUES(61,2,'Konstantin','Kildale','kkildalepc@usatoday.com')
Insert into zip(zip_id, zip_code, zip_city, zip_state)Values (61,'19495','Valley Forge','Pennsylvania')
Insert into HOUSE_ADDRESS(house_address_id , house_address_line_one, house_address_line_two, house_address_zip_id) VALUES(61,'5 Cherokee Center','',61) 
INSERT INTO LIVING_SITUATION(living_situation_person_id,living_situation_house_address_id) VALUES(61,61)
INSERT INTO PERSON(person_id, person_gender_id, person_first_name, person_last_name, person_email_name) VALUES(62,9,'Renaldo','Cornfield','rcornfieldq2@flickr.com')
Insert into HOUSE_ADDRESS(house_address_id , house_address_line_one, house_address_line_two, house_address_zip_id) VALUES(62,'54676 Dayton Park','',1) 
INSERT INTO LIVING_SITUATION(living_situation_person_id,living_situation_house_address_id) VALUES(62,62)
INSERT INTO PERSON(person_id, person_gender_id, person_first_name, person_last_name, person_email_name) VALUES(63,7,'Ewen','Gendricke','egendrickec4@newsvine.com')
Insert into HOUSE_ADDRESS(house_address_id , house_address_line_one, house_address_line_two, house_address_zip_id) VALUES(63,'6 Killdeer Circle','',25) 
INSERT INTO LIVING_SITUATION(living_situation_person_id,living_situation_house_address_id) VALUES(63,63)
INSERT INTO PERSON(person_id, person_gender_id, person_first_name, person_last_name, person_email_name) VALUES(64,2,'Lisette','Boltwood','lboltwoodfe@japanpost.jp')
Insert into HOUSE_ADDRESS(house_address_id , house_address_line_one, house_address_line_two, house_address_zip_id) VALUES(64,'619 Cascade Court','',1) 
INSERT INTO LIVING_SITUATION(living_situation_person_id,living_situation_house_address_id) VALUES(64,64)
INSERT INTO PERSON(person_id, person_gender_id, person_first_name, person_last_name, person_email_name) VALUES(65,2,'Rosalia','Radborne','rradbornedi@xinhuanet.com')
Insert into HOUSE_ADDRESS(house_address_id , house_address_line_one, house_address_line_two, house_address_zip_id) VALUES(65,'66 Monterey Drive','',19) 
INSERT INTO LIVING_SITUATION(living_situation_person_id,living_situation_house_address_id) VALUES(65,65)
INSERT INTO PERSON(person_id, person_gender_id, person_first_name, person_last_name, person_email_name) VALUES(66,3,'Dominique','Gissing','dgissingnt@techcrunch.com')
Insert into HOUSE_ADDRESS(house_address_id , house_address_line_one, house_address_line_two, house_address_zip_id) VALUES(66,'78 Kropf Crossing','',23) 
INSERT INTO LIVING_SITUATION(living_situation_person_id,living_situation_house_address_id) VALUES(66,66)
INSERT INTO PERSON(person_id, person_gender_id, person_first_name, person_last_name, person_email_name) VALUES(67,7,'Alf','Shawel','ashawelhm@scientificamerican.com')
Insert into HOUSE_ADDRESS(house_address_id , house_address_line_one, house_address_line_two, house_address_zip_id) VALUES(67,'1 Killdeer Court','',10) 
INSERT INTO LIVING_SITUATION(living_situation_person_id,living_situation_house_address_id) VALUES(67,67)
INSERT INTO PERSON(person_id, person_gender_id, person_first_name, person_last_name, person_email_name) VALUES(68,9,'Mirabella','Bragger','mbraggerri@alexa.com')
Insert into HOUSE_ADDRESS(house_address_id , house_address_line_one, house_address_line_two, house_address_zip_id) VALUES(68,'47 Lillian Plaza','',10) 
INSERT INTO LIVING_SITUATION(living_situation_person_id,living_situation_house_address_id) VALUES(68,68)
INSERT INTO PERSON(person_id, person_gender_id, person_first_name, person_last_name, person_email_name) VALUES(69,2,'Fawne','Steptoe','fsteptoeh8@bluehost.com')
Insert into HOUSE_ADDRESS(house_address_id , house_address_line_one, house_address_line_two, house_address_zip_id) VALUES(69,'49 Cardinal Road','',43) 
INSERT INTO LIVING_SITUATION(living_situation_person_id,living_situation_house_address_id) VALUES(69,69)
INSERT INTO PERSON(person_id, person_gender_id, person_first_name, person_last_name, person_email_name) VALUES(70,2,'Hali','Creus','hcreusgs@people.com.cn')
Insert into HOUSE_ADDRESS(house_address_id , house_address_line_one, house_address_line_two, house_address_zip_id) VALUES(70,'52429 Lien Plaza','',9) 
INSERT INTO LIVING_SITUATION(living_situation_person_id,living_situation_house_address_id) VALUES(70,70)
INSERT INTO PERSON(person_id, person_gender_id, person_first_name, person_last_name, person_email_name) VALUES(71,0,'Al','Quilter','aquilterg0@fastcompany.com')
Insert into HOUSE_ADDRESS(house_address_id , house_address_line_one, house_address_line_two, house_address_zip_id) VALUES(71,'54 Bunting Alley','',23) 
INSERT INTO LIVING_SITUATION(living_situation_person_id,living_situation_house_address_id) VALUES(71,71)
INSERT INTO PERSON(person_id, person_gender_id, person_first_name, person_last_name, person_email_name) VALUES(72,9,'Amble','Pavlov','apavlov5m@ebay.com')
Insert into HOUSE_ADDRESS(house_address_id , house_address_line_one, house_address_line_two, house_address_zip_id) VALUES(72,'6 Garrison Alley','',14) 
INSERT INTO LIVING_SITUATION(living_situation_person_id,living_situation_house_address_id) VALUES(72,72)
INSERT INTO PERSON(person_id, person_gender_id, person_first_name, person_last_name, person_email_name) VALUES(73,0,'Janey','Rodder','jrodder9w@gov.uk')
Insert into HOUSE_ADDRESS(house_address_id , house_address_line_one, house_address_line_two, house_address_zip_id) VALUES(73,'6126 Marcy Plaza','',3) 
INSERT INTO LIVING_SITUATION(living_situation_person_id,living_situation_house_address_id) VALUES(73,73)
INSERT INTO PERSON(person_id, person_gender_id, person_first_name, person_last_name, person_email_name) VALUES(74,4,'Talya','McGettrick','tmcgettrick7z@topsy.com')
Insert into HOUSE_ADDRESS(house_address_id , house_address_line_one, house_address_line_two, house_address_zip_id) VALUES(74,'7617 Johnson Way','',36) 
INSERT INTO LIVING_SITUATION(living_situation_person_id,living_situation_house_address_id) VALUES(74,74)
INSERT INTO PERSON(person_id, person_gender_id, person_first_name, person_last_name, person_email_name) VALUES(75,7,'Anthea','Withur','awithur3j@cbc.ca')
Insert into HOUSE_ADDRESS(house_address_id , house_address_line_one, house_address_line_two, house_address_zip_id) VALUES(75,'017 Gale Street','',11) 
INSERT INTO LIVING_SITUATION(living_situation_person_id,living_situation_house_address_id) VALUES(75,75)
INSERT INTO PERSON(person_id, person_gender_id, person_first_name, person_last_name, person_email_name) VALUES(76,1,'Marian','Taverner','mtavernerkh@marketwatch.com')
Insert into HOUSE_ADDRESS(house_address_id , house_address_line_one, house_address_line_two, house_address_zip_id) VALUES(76,'09 Mifflin Park','',61) 
INSERT INTO LIVING_SITUATION(living_situation_person_id,living_situation_house_address_id) VALUES(76,76)
INSERT INTO PERSON(person_id, person_gender_id, person_first_name, person_last_name, person_email_name) VALUES(77,2,'Nada','Elphey','nelpheyga@flickr.com')
Insert into HOUSE_ADDRESS(house_address_id , house_address_line_one, house_address_line_two, house_address_zip_id) VALUES(77,'154 Dayton Pass','',10) 
INSERT INTO LIVING_SITUATION(living_situation_person_id,living_situation_house_address_id) VALUES(77,77)
INSERT INTO PERSON(person_id, person_gender_id, person_first_name, person_last_name, person_email_name) VALUES(78,0,'Ernie','Kurt','ekurto@dailymotion.com')
Insert into HOUSE_ADDRESS(house_address_id , house_address_line_one, house_address_line_two, house_address_zip_id) VALUES(78,'26 Dunning Pass','',10) 
INSERT INTO LIVING_SITUATION(living_situation_person_id,living_situation_house_address_id) VALUES(78,78)
INSERT INTO PERSON(person_id, person_gender_id, person_first_name, person_last_name, person_email_name) VALUES(79,1,'Cherianne','Weldrick','cweldrickhr@wikipedia.org')
Insert into HOUSE_ADDRESS(house_address_id , house_address_line_one, house_address_line_two, house_address_zip_id) VALUES(79,'6 Eastlawn Road','',36) 
INSERT INTO LIVING_SITUATION(living_situation_person_id,living_situation_house_address_id) VALUES(79,79)
INSERT INTO PERSON(person_id, person_gender_id, person_first_name, person_last_name, person_email_name) VALUES(80,9,'Derk','Merck','dmerck65@storify.com')
Insert into HOUSE_ADDRESS(house_address_id , house_address_line_one, house_address_line_two, house_address_zip_id) VALUES(80,'73 Sunbrook Way','',43) 
INSERT INTO LIVING_SITUATION(living_situation_person_id,living_situation_house_address_id) VALUES(80,80)
INSERT INTO PERSON(person_id, person_gender_id, person_first_name, person_last_name, person_email_name) VALUES(81,9,'Orson','Djorvic','odjorvicra@weather.com')
INSERT INTO LIVING_SITUATION(living_situation_person_id,living_situation_house_address_id) VALUES(81,80)
INSERT INTO PERSON(person_id, person_gender_id, person_first_name, person_last_name, person_email_name) VALUES(82,1,'Jolyn','Harriday','jharridayb1@liveinternet.ru')
INSERT INTO LIVING_SITUATION(living_situation_person_id,living_situation_house_address_id) VALUES(82,80)
INSERT INTO PERSON(person_id, person_gender_id, person_first_name, person_last_name, person_email_name) VALUES(83,2,'Alia','MacKellar','amackellarcd@apple.com')
INSERT INTO LIVING_SITUATION(living_situation_person_id,living_situation_house_address_id) VALUES(83,80)
INSERT INTO PERSON(person_id, person_gender_id, person_first_name, person_last_name, person_email_name) VALUES(84,7,'Ainslie','Goldsack','agoldsackl@tiny.cc')
INSERT INTO LIVING_SITUATION(living_situation_person_id,living_situation_house_address_id) VALUES(84,80)
INSERT INTO PERSON(person_id, person_gender_id, person_first_name, person_last_name, person_email_name) VALUES(85,8,'Galvin','McClaren','gmcclarennd@drupal.org')
INSERT INTO LIVING_SITUATION(living_situation_person_id,living_situation_house_address_id) VALUES(85,80)
INSERT INTO PERSON(person_id, person_gender_id, person_first_name, person_last_name, person_email_name) VALUES(86,8,'Felicio','Bouch','fbouch8c@icq.com')
INSERT INTO LIVING_SITUATION(living_situation_person_id,living_situation_house_address_id) VALUES(86,80)
INSERT INTO PERSON(person_id, person_gender_id, person_first_name, person_last_name, person_email_name) VALUES(87,0,'Tonie','Ringsell','tringselleh@newyorker.com')
INSERT INTO LIVING_SITUATION(living_situation_person_id,living_situation_house_address_id) VALUES(87,80)
INSERT INTO PERSON(person_id, person_gender_id, person_first_name, person_last_name, person_email_name) VALUES(88,9,'Alden','Noot','anootac@bloglovin.com')
INSERT INTO LIVING_SITUATION(living_situation_person_id,living_situation_house_address_id) VALUES(88,80)
INSERT INTO PERSON(person_id, person_gender_id, person_first_name, person_last_name, person_email_name) VALUES(89,1,'Horton','Hance','hhanceg6@nature.com')
Insert into HOUSE_ADDRESS(house_address_id , house_address_line_one, house_address_line_two, house_address_zip_id) VALUES(89,'85 Bultman Park','',25) 
INSERT INTO LIVING_SITUATION(living_situation_person_id,living_situation_house_address_id) VALUES(89,89)
INSERT INTO PERSON(person_id, person_gender_id, person_first_name, person_last_name, person_email_name) VALUES(90,4,'Alberik','Diamant','adiamant50@amazonaws.com')
Insert into HOUSE_ADDRESS(house_address_id , house_address_line_one, house_address_line_two, house_address_zip_id) VALUES(90,'9 Moulton Place','',14) 
INSERT INTO LIVING_SITUATION(living_situation_person_id,living_situation_house_address_id) VALUES(90,90)
INSERT INTO PERSON(person_id, person_gender_id, person_first_name, person_last_name, person_email_name) VALUES(91,3,'Sonnie','Dressell','sdressellm8@skype.com')
Insert into HOUSE_ADDRESS(house_address_id , house_address_line_one, house_address_line_two, house_address_zip_id) VALUES(91,'9262 Hoard Road','',36) 
INSERT INTO LIVING_SITUATION(living_situation_person_id,living_situation_house_address_id) VALUES(91,91)
INSERT INTO PERSON(person_id, person_gender_id, person_first_name, person_last_name, person_email_name) VALUES(92,4,'Lowell','Manuaud','lmanuaudlq@ovh.net')
Insert into HOUSE_ADDRESS(house_address_id , house_address_line_one, house_address_line_two, house_address_zip_id) VALUES(92,'97409 Troy Pass','',61) 
INSERT INTO LIVING_SITUATION(living_situation_person_id,living_situation_house_address_id) VALUES(92,92)
INSERT INTO PERSON(person_id, person_gender_id, person_first_name, person_last_name, person_email_name) VALUES(93,9,'Ilise','Duerden','iduerdenlo@biblegateway.com')
Insert into HOUSE_ADDRESS(house_address_id , house_address_line_one, house_address_line_two, house_address_zip_id) VALUES(93,'1 Hovde Avenue','',43) 
INSERT INTO LIVING_SITUATION(living_situation_person_id,living_situation_house_address_id) VALUES(93,93)
INSERT INTO PERSON(person_id, person_gender_id, person_first_name, person_last_name, person_email_name) VALUES(94,1,'Kingsley','Balfour','kbalfourh2@bandcamp.com')
Insert into HOUSE_ADDRESS(house_address_id , house_address_line_one, house_address_line_two, house_address_zip_id) VALUES(94,'2 Helena Court','',8) 
INSERT INTO LIVING_SITUATION(living_situation_person_id,living_situation_house_address_id) VALUES(94,94)
INSERT INTO PERSON(person_id, person_gender_id, person_first_name, person_last_name, person_email_name) VALUES(95,1,'Deirdre','Lloyd-Williams','dlloydwilliams64@barnesandnoble.com')
Insert into zip(zip_id, zip_code, zip_city, zip_state)Values (95,'19151','Philadelphia','Pennsylvania')
Insert into HOUSE_ADDRESS(house_address_id , house_address_line_one, house_address_line_two, house_address_zip_id) VALUES(95,'21 Bartelt Way','',95) 
INSERT INTO LIVING_SITUATION(living_situation_person_id,living_situation_house_address_id) VALUES(95,95)
INSERT INTO PERSON(person_id, person_gender_id, person_first_name, person_last_name, person_email_name) VALUES(96,9,'Joachim','Gifkins','jgifkinsl0@google.pl')
Insert into HOUSE_ADDRESS(house_address_id , house_address_line_one, house_address_line_two, house_address_zip_id) VALUES(96,'503 Vera Place','',3) 
INSERT INTO LIVING_SITUATION(living_situation_person_id,living_situation_house_address_id) VALUES(96,96)
INSERT INTO PERSON(person_id, person_gender_id, person_first_name, person_last_name, person_email_name) VALUES(97,1,'Arly','Romans','aromanset@opensource.org')
Insert into HOUSE_ADDRESS(house_address_id , house_address_line_one, house_address_line_two, house_address_zip_id) VALUES(97,'61 Lyons Drive','',8) 
INSERT INTO LIVING_SITUATION(living_situation_person_id,living_situation_house_address_id) VALUES(97,97)
INSERT INTO PERSON(person_id, person_gender_id, person_first_name, person_last_name, person_email_name) VALUES(98,7,'Cristionna','Mourge','cmourge4w@gov.uk')
Insert into HOUSE_ADDRESS(house_address_id , house_address_line_one, house_address_line_two, house_address_zip_id) VALUES(98,'7 Hayes Street','',9) 
INSERT INTO LIVING_SITUATION(living_situation_person_id,living_situation_house_address_id) VALUES(98,98)
INSERT INTO PERSON(person_id, person_gender_id, person_first_name, person_last_name, person_email_name) VALUES(99,0,'Gerty','Palmby','gpalmbyq7@tiny.cc')
Insert into HOUSE_ADDRESS(house_address_id , house_address_line_one, house_address_line_two, house_address_zip_id) VALUES(99,'9 Russell Road','',26) 
INSERT INTO LIVING_SITUATION(living_situation_person_id,living_situation_house_address_id) VALUES(99,99)
INSERT INTO PERSON(person_id, person_gender_id, person_first_name, person_last_name, person_email_name) VALUES(100,8,'Fernanda','Beachamp','fbeachampdd@sina.com.cn')
Insert into HOUSE_ADDRESS(house_address_id , house_address_line_one, house_address_line_two, house_address_zip_id) VALUES(100,'12 Bay Center','',23) 
INSERT INTO LIVING_SITUATION(living_situation_person_id,living_situation_house_address_id) VALUES(100,100)
INSERT INTO PERSON(person_id, person_gender_id, person_first_name, person_last_name, person_email_name) VALUES(101,7,'Clayson','Allitt','callitt2v@symantec.com')
Insert into HOUSE_ADDRESS(house_address_id , house_address_line_one, house_address_line_two, house_address_zip_id) VALUES(101,'0 Katie Hill','',28) 
INSERT INTO LIVING_SITUATION(living_situation_person_id,living_situation_house_address_id) VALUES(101,101)
INSERT INTO PERSON(person_id, person_gender_id, person_first_name, person_last_name, person_email_name) VALUES(102,0,'Lek','Farrance','lfarrance34@nationalgeographic.com')
Insert into HOUSE_ADDRESS(house_address_id , house_address_line_one, house_address_line_two, house_address_zip_id) VALUES(102,'3 Brown Hill','',3) 
INSERT INTO LIVING_SITUATION(living_situation_person_id,living_situation_house_address_id) VALUES(102,102)
INSERT INTO PERSON(person_id, person_gender_id, person_first_name, person_last_name, person_email_name) VALUES(103,0,'Cornie','Matthisson','cmatthisson25@icq.com')
Insert into HOUSE_ADDRESS(house_address_id , house_address_line_one, house_address_line_two, house_address_zip_id) VALUES(103,'5 Melby Park','',36) 
INSERT INTO LIVING_SITUATION(living_situation_person_id,living_situation_house_address_id) VALUES(103,103)
INSERT INTO PERSON(person_id, person_gender_id, person_first_name, person_last_name, person_email_name) VALUES(104,4,'Zuzana','Colrein','zcolreinjd@sbwire.com')
Insert into HOUSE_ADDRESS(house_address_id , house_address_line_one, house_address_line_two, house_address_zip_id) VALUES(104,'77 Eagan Way','',11) 
INSERT INTO LIVING_SITUATION(living_situation_person_id,living_situation_house_address_id) VALUES(104,104)
INSERT INTO PERSON(person_id, person_gender_id, person_first_name, person_last_name, person_email_name) VALUES(105,0,'Kirsteni','Harte','khartebm@blinklist.com')
Insert into HOUSE_ADDRESS(house_address_id , house_address_line_one, house_address_line_two, house_address_zip_id) VALUES(105,'3 Esker Way','',13) 
INSERT INTO LIVING_SITUATION(living_situation_person_id,living_situation_house_address_id) VALUES(105,105)
INSERT INTO PERSON(person_id, person_gender_id, person_first_name, person_last_name, person_email_name) VALUES(106,4,'Wayland','Fishe','wfishe7p@1und1.de')
Insert into zip(zip_id, zip_code, zip_city, zip_state)Values (106,'15134','Mc Keesport','Pennsylvania')
Insert into HOUSE_ADDRESS(house_address_id , house_address_line_one, house_address_line_two, house_address_zip_id) VALUES(106,'9260 Brickson Park Alley','',106) 
INSERT INTO LIVING_SITUATION(living_situation_person_id,living_situation_house_address_id) VALUES(106,106)
INSERT INTO PERSON(person_id, person_gender_id, person_first_name, person_last_name, person_email_name) VALUES(107,1,'Tamera','Willmett','twillmett6r@livejournal.com')
Insert into HOUSE_ADDRESS(house_address_id , house_address_line_one, house_address_line_two, house_address_zip_id) VALUES(107,'68313 Paget Junction','',106) 
INSERT INTO LIVING_SITUATION(living_situation_person_id,living_situation_house_address_id) VALUES(107,107)
INSERT INTO PERSON(person_id, person_gender_id, person_first_name, person_last_name, person_email_name) VALUES(108,1,'Patin','Christophers','pchristophersni@si.edu')
Insert into HOUSE_ADDRESS(house_address_id , house_address_line_one, house_address_line_two, house_address_zip_id) VALUES(108,'122 Lillian Terrace','',106) 
INSERT INTO LIVING_SITUATION(living_situation_person_id,living_situation_house_address_id) VALUES(108,108)
INSERT INTO PERSON(person_id, person_gender_id, person_first_name, person_last_name, person_email_name) VALUES(109,8,'Davita','Ruprecht','druprechtrh@businessweek.com')
Insert into HOUSE_ADDRESS(house_address_id , house_address_line_one, house_address_line_two, house_address_zip_id) VALUES(109,'2 Lukken Crossing','',106) 
INSERT INTO LIVING_SITUATION(living_situation_person_id,living_situation_house_address_id) VALUES(109,109)
INSERT INTO PERSON(person_id, person_gender_id, person_first_name, person_last_name, person_email_name) VALUES(110,8,'Candide','Rameau','crameaudl@sciencedirect.com')
Insert into HOUSE_ADDRESS(house_address_id , house_address_line_one, house_address_line_two, house_address_zip_id) VALUES(110,'760 Sullivan Road','',106) 
INSERT INTO LIVING_SITUATION(living_situation_person_id,living_situation_house_address_id) VALUES(110,110)
INSERT INTO PERSON(person_id, person_gender_id, person_first_name, person_last_name, person_email_name) VALUES(111,0,'Menard','Madison','mmadison13@networksolutions.com')
Insert into HOUSE_ADDRESS(house_address_id , house_address_line_one, house_address_line_two, house_address_zip_id) VALUES(111,'33 Boyd Crossing','',106) 
INSERT INTO LIVING_SITUATION(living_situation_person_id,living_situation_house_address_id) VALUES(111,111)
INSERT INTO PERSON(person_id, person_gender_id, person_first_name, person_last_name, person_email_name) VALUES(112,4,'Kathleen','Antrack','kantrack1s@latimes.com')
Insert into zip(zip_id, zip_code, zip_city, zip_state)Values (112,'15230','Pittsburgh','Pennsylvania')
Insert into HOUSE_ADDRESS(house_address_id , house_address_line_one, house_address_line_two, house_address_zip_id) VALUES(112,'57702 Autumn Leaf Parkway','',112) 
INSERT INTO LIVING_SITUATION(living_situation_person_id,living_situation_house_address_id) VALUES(112,112)
INSERT INTO PERSON(person_id, person_gender_id, person_first_name, person_last_name, person_email_name) VALUES(113,2,'Chas','Sambiedge','csambiedgeaq@etsy.com')
Insert into zip(zip_id, zip_code, zip_city, zip_state)Values (113,'15240','Pittsburgh','Pennsylvania')
Insert into HOUSE_ADDRESS(house_address_id , house_address_line_one, house_address_line_two, house_address_zip_id) VALUES(113,'92069 Claremont Junction','',113) 
INSERT INTO LIVING_SITUATION(living_situation_person_id,living_situation_house_address_id) VALUES(113,113)
INSERT INTO PERSON(person_id, person_gender_id, person_first_name, person_last_name, person_email_name) VALUES(114,2,'Randee','Wishkar','rwishkar49@utexas.edu')
Insert into zip(zip_id, zip_code, zip_city, zip_state)Values (114,'17121','Harrisburg','Pennsylvania')
Insert into HOUSE_ADDRESS(house_address_id , house_address_line_one, house_address_line_two, house_address_zip_id) VALUES(114,'1088 Mockingbird Center','',114) 
INSERT INTO LIVING_SITUATION(living_situation_person_id,living_situation_house_address_id) VALUES(114,114)
INSERT INTO PERSON(person_id, person_gender_id, person_first_name, person_last_name, person_email_name) VALUES(115,1,'Starlene','Dunne','sdunnen0@geocities.jp')
Insert into HOUSE_ADDRESS(house_address_id , house_address_line_one, house_address_line_two, house_address_zip_id) VALUES(115,'18 Messerschmidt Center','',113) 
INSERT INTO LIVING_SITUATION(living_situation_person_id,living_situation_house_address_id) VALUES(115,115)
INSERT INTO PERSON(person_id, person_gender_id, person_first_name, person_last_name, person_email_name) VALUES(116,4,'Constantia','Limrick','climrickld@ucoz.ru')
Insert into zip(zip_id, zip_code, zip_city, zip_state)Values (116,'15205','Pittsburgh','Pennsylvania')
Insert into HOUSE_ADDRESS(house_address_id , house_address_line_one, house_address_line_two, house_address_zip_id) VALUES(116,'22100 Springview Center','',116) 
INSERT INTO LIVING_SITUATION(living_situation_person_id,living_situation_house_address_id) VALUES(116,116)
INSERT INTO PERSON(person_id, person_gender_id, person_first_name, person_last_name, person_email_name) VALUES(117,2,'Diane-marie','Ashforth','dashforthek@cnet.com')
Insert into zip(zip_id, zip_code, zip_city, zip_state)Values (117,'15215','Pittsburgh','Pennsylvania')
Insert into HOUSE_ADDRESS(house_address_id , house_address_line_one, house_address_line_two, house_address_zip_id) VALUES(117,'10854 Packers Crossing','',117) 
INSERT INTO LIVING_SITUATION(living_situation_person_id,living_situation_house_address_id) VALUES(117,117)
INSERT INTO PERSON(person_id, person_gender_id, person_first_name, person_last_name, person_email_name) VALUES(118,1,'Adriana','Hartly','ahartlyqr@fema.gov')
Insert into HOUSE_ADDRESS(house_address_id , house_address_line_one, house_address_line_two, house_address_zip_id) VALUES(118,'4974 Birchwood Parkway','',117) 
INSERT INTO LIVING_SITUATION(living_situation_person_id,living_situation_house_address_id) VALUES(118,118)
INSERT INTO PERSON(person_id, person_gender_id, person_first_name, person_last_name, person_email_name) VALUES(119,8,'Llywellyn','Jansie','ljansie3r@opensource.org')
Insert into zip(zip_id, zip_code, zip_city, zip_state)Values (119,'15235','Pittsburgh','Pennsylvania')
Insert into HOUSE_ADDRESS(house_address_id , house_address_line_one, house_address_line_two, house_address_zip_id) VALUES(119,'5280 Fairview Junction','',119) 
INSERT INTO LIVING_SITUATION(living_situation_person_id,living_situation_house_address_id) VALUES(119,119)
INSERT INTO PERSON(person_id, person_gender_id, person_first_name, person_last_name, person_email_name) VALUES(120,9,'Shermy','Craigmyle','scraigmyleln@feedburner.com')
Insert into zip(zip_id, zip_code, zip_city, zip_state)Values (120,'15255','Pittsburgh','Pennsylvania')
Insert into HOUSE_ADDRESS(house_address_id , house_address_line_one, house_address_line_two, house_address_zip_id) VALUES(120,'69 Northwestern Circle','',120) 
INSERT INTO LIVING_SITUATION(living_situation_person_id,living_situation_house_address_id) VALUES(120,120)
INSERT INTO PERSON(person_id, person_gender_id, person_first_name, person_last_name, person_email_name) VALUES(121,2,'Stanislas','Brugemann','sbrugemanngc@google.fr')
Insert into zip(zip_id, zip_code, zip_city, zip_state)Values (121,'16107','New Castle','Pennsylvania')
Insert into HOUSE_ADDRESS(house_address_id , house_address_line_one, house_address_line_two, house_address_zip_id) VALUES(121,'720 Mockingbird Street','',121) 
INSERT INTO LIVING_SITUATION(living_situation_person_id,living_situation_house_address_id) VALUES(121,121)
INSERT INTO PERSON(person_id, person_gender_id, person_first_name, person_last_name, person_email_name) VALUES(122,0,'Davidde','Surr','dsurr4s@linkedin.com')
Insert into HOUSE_ADDRESS(house_address_id , house_address_line_one, house_address_line_two, house_address_zip_id) VALUES(122,'14 Manufacturers Park','',119) 
INSERT INTO LIVING_SITUATION(living_situation_person_id,living_situation_house_address_id) VALUES(122,122)
INSERT INTO PERSON(person_id, person_gender_id, person_first_name, person_last_name, person_email_name) VALUES(123,4,'Billie','Alvarado','balvarado9a@ovh.net')
Insert into zip(zip_id, zip_code, zip_city, zip_state)Values (123,'17140','Harrisburg','Pennsylvania')
Insert into HOUSE_ADDRESS(house_address_id , house_address_line_one, house_address_line_two, house_address_zip_id) VALUES(123,'2 Village Green Point','',123) 
INSERT INTO LIVING_SITUATION(living_situation_person_id,living_situation_house_address_id) VALUES(123,123)
INSERT INTO PERSON(person_id, person_gender_id, person_first_name, person_last_name, person_email_name) VALUES(124,3,'Avie','Verling','averling78@myspace.com')
Insert into HOUSE_ADDRESS(house_address_id , house_address_line_one, house_address_line_two, house_address_zip_id) VALUES(124,'246 Green Ridge Point','',123) 
INSERT INTO LIVING_SITUATION(living_situation_person_id,living_situation_house_address_id) VALUES(124,124)
INSERT INTO PERSON(person_id, person_gender_id, person_first_name, person_last_name, person_email_name) VALUES(125,1,'Marilyn','Stanner','mstanner39@blogger.com')
Insert into HOUSE_ADDRESS(house_address_id , house_address_line_one, house_address_line_two, house_address_zip_id) VALUES(125,'53 Forest Dale Circle','',121) 
INSERT INTO LIVING_SITUATION(living_situation_person_id,living_situation_house_address_id) VALUES(125,125)
INSERT INTO PERSON(person_id, person_gender_id, person_first_name, person_last_name, person_email_name) VALUES(126,0,'Melli','Raatz','mraatz9d@cargocollective.com')
Insert into zip(zip_id, zip_code, zip_city, zip_state)Values (126,'17126','Harrisburg','Pennsylvania')
Insert into HOUSE_ADDRESS(house_address_id , house_address_line_one, house_address_line_two, house_address_zip_id) VALUES(126,'0959 Petterle Avenue','',126) 
INSERT INTO LIVING_SITUATION(living_situation_person_id,living_situation_house_address_id) VALUES(126,126)
INSERT INTO PERSON(person_id, person_gender_id, person_first_name, person_last_name, person_email_name) VALUES(127,8,'Oralia','O''Sheerin','oosheerinmr@about.com')
Insert into zip(zip_id, zip_code, zip_city, zip_state)Values (127,'17105','Harrisburg','Pennsylvania')
Insert into HOUSE_ADDRESS(house_address_id , house_address_line_one, house_address_line_two, house_address_zip_id) VALUES(127,'2057 Rockefeller Way','',127) 
INSERT INTO LIVING_SITUATION(living_situation_person_id,living_situation_house_address_id) VALUES(127,127)
INSERT INTO PERSON(person_id, person_gender_id, person_first_name, person_last_name, person_email_name) VALUES(128,7,'Darb','MacGillreich','dmacgillreichpw@boston.com')
Insert into HOUSE_ADDRESS(house_address_id , house_address_line_one, house_address_line_two, house_address_zip_id) VALUES(128,'2328 Homewood Center','',120) 
INSERT INTO LIVING_SITUATION(living_situation_person_id,living_situation_house_address_id) VALUES(128,128)
INSERT INTO PERSON(person_id, person_gender_id, person_first_name, person_last_name, person_email_name) VALUES(129,4,'Flossie','Bwye','fbwyei3@weebly.com')
Insert into HOUSE_ADDRESS(house_address_id , house_address_line_one, house_address_line_two, house_address_zip_id) VALUES(129,'25890 Victoria Plaza','',119) 
INSERT INTO LIVING_SITUATION(living_situation_person_id,living_situation_house_address_id) VALUES(129,129)
INSERT INTO PERSON(person_id, person_gender_id, person_first_name, person_last_name, person_email_name) VALUES(130,9,'Everett','Lovering','elovering6k@livejournal.com')
Insert into zip(zip_id, zip_code, zip_city, zip_state)Values (130,'15286','Pittsburgh','Pennsylvania')
Insert into HOUSE_ADDRESS(house_address_id , house_address_line_one, house_address_line_two, house_address_zip_id) VALUES(130,'265 Anzinger Parkway','',130) 
INSERT INTO LIVING_SITUATION(living_situation_person_id,living_situation_house_address_id) VALUES(130,130)
INSERT INTO PERSON(person_id, person_gender_id, person_first_name, person_last_name, person_email_name) VALUES(131,1,'Casey','Austins','caustinsre@stanford.edu')
Insert into zip(zip_id, zip_code, zip_city, zip_state)Values (131,'15261','Pittsburgh','Pennsylvania')
Insert into HOUSE_ADDRESS(house_address_id , house_address_line_one, house_address_line_two, house_address_zip_id) VALUES(131,'30278 Graceland Road','',131) 
INSERT INTO LIVING_SITUATION(living_situation_person_id,living_situation_house_address_id) VALUES(131,131)
INSERT INTO PERSON(person_id, person_gender_id, person_first_name, person_last_name, person_email_name) VALUES(132,3,'Clementine','Geach','cgeachr2@weebly.com')
Insert into zip(zip_id, zip_code, zip_city, zip_state)Values (132,'15266','Pittsburgh','Pennsylvania')
Insert into HOUSE_ADDRESS(house_address_id , house_address_line_one, house_address_line_two, house_address_zip_id) VALUES(132,'49904 Milwaukee Hill','',132) 
INSERT INTO LIVING_SITUATION(living_situation_person_id,living_situation_house_address_id) VALUES(132,132)
INSERT INTO PERSON(person_id, person_gender_id, person_first_name, person_last_name, person_email_name) VALUES(133,3,'Gris','Purchall','gpurchall3m@microsoft.com')
Insert into HOUSE_ADDRESS(house_address_id , house_address_line_one, house_address_line_two, house_address_zip_id) VALUES(133,'55380 Lillian Circle','',117) 
INSERT INTO LIVING_SITUATION(living_situation_person_id,living_situation_house_address_id) VALUES(133,133)
INSERT INTO PERSON(person_id, person_gender_id, person_first_name, person_last_name, person_email_name) VALUES(134,0,'Robina','Timmens','rtimmensan@marriott.com')
Insert into HOUSE_ADDRESS(house_address_id , house_address_line_one, house_address_line_two, house_address_zip_id) VALUES(134,'580 Monterey Parkway','',127) 
INSERT INTO LIVING_SITUATION(living_situation_person_id,living_situation_house_address_id) VALUES(134,134)
INSERT INTO PERSON(person_id, person_gender_id, person_first_name, person_last_name, person_email_name) VALUES(135,9,'Celestia','Samart','csamartdv@nifty.com')
Insert into zip(zip_id, zip_code, zip_city, zip_state)Values (135,'15279','Pittsburgh','Pennsylvania')
Insert into HOUSE_ADDRESS(house_address_id , house_address_line_one, house_address_line_two, house_address_zip_id) VALUES(135,'633 Mifflin Junction','',135) 
INSERT INTO LIVING_SITUATION(living_situation_person_id,living_situation_house_address_id) VALUES(135,135)
INSERT INTO PERSON(person_id, person_gender_id, person_first_name, person_last_name, person_email_name) VALUES(136,3,'Melina','Elnaugh','melnaughn7@ycombinator.com')
Insert into HOUSE_ADDRESS(house_address_id , house_address_line_one, house_address_line_two, house_address_zip_id) VALUES(136,'64455 Fremont Street','',120) 
INSERT INTO LIVING_SITUATION(living_situation_person_id,living_situation_house_address_id) VALUES(136,136)
INSERT INTO PERSON(person_id, person_gender_id, person_first_name, person_last_name, person_email_name) VALUES(137,7,'Harrietta','Scawen','hscawene7@boston.com')
Insert into HOUSE_ADDRESS(house_address_id , house_address_line_one, house_address_line_two, house_address_zip_id) VALUES(137,'726 Crest Line Point','',130) 
INSERT INTO LIVING_SITUATION(living_situation_person_id,living_situation_house_address_id) VALUES(137,137)
INSERT INTO PERSON(person_id, person_gender_id, person_first_name, person_last_name, person_email_name) VALUES(138,3,'Jeane','Jachimak','jjachimakbn@scientificamerican.com')
Insert into HOUSE_ADDRESS(house_address_id , house_address_line_one, house_address_line_two, house_address_zip_id) VALUES(138,'79940 Quincy Terrace','',112) 
INSERT INTO LIVING_SITUATION(living_situation_person_id,living_situation_house_address_id) VALUES(138,138)
INSERT INTO PERSON(person_id, person_gender_id, person_first_name, person_last_name, person_email_name) VALUES(139,1,'Bertine','Lampen','blampenj9@wsj.com')
Insert into HOUSE_ADDRESS(house_address_id , house_address_line_one, house_address_line_two, house_address_zip_id) VALUES(139,'931 Steensland Drive','',120) 
INSERT INTO LIVING_SITUATION(living_situation_person_id,living_situation_house_address_id) VALUES(139,139)
INSERT INTO PERSON(person_id, person_gender_id, person_first_name, person_last_name, person_email_name) VALUES(140,4,'Gideon','Fackney','gfackney4y@guardian.co.uk')
Insert into HOUSE_ADDRESS(house_address_id , house_address_line_one, house_address_line_two, house_address_zip_id) VALUES(140,'1494 Karstens Plaza','',121) 
INSERT INTO LIVING_SITUATION(living_situation_person_id,living_situation_house_address_id) VALUES(140,140)
INSERT INTO PERSON(person_id, person_gender_id, person_first_name, person_last_name, person_email_name) VALUES(141,9,'Cash','Elsegood','celsegoodhv@smh.com.au')
Insert into HOUSE_ADDRESS(house_address_id , house_address_line_one, house_address_line_two, house_address_zip_id) VALUES(141,'574 Parkside Center','',127) 
INSERT INTO LIVING_SITUATION(living_situation_person_id,living_situation_house_address_id) VALUES(141,141)
INSERT INTO PERSON(person_id, person_gender_id, person_first_name, person_last_name, person_email_name) VALUES(142,4,'Catlin','Fee','cfee8s@epa.gov')
Insert into HOUSE_ADDRESS(house_address_id , house_address_line_one, house_address_line_two, house_address_zip_id) VALUES(142,'770 Northview Alley','',131) 
INSERT INTO LIVING_SITUATION(living_situation_person_id,living_situation_house_address_id) VALUES(142,142)
INSERT INTO PERSON(person_id, person_gender_id, person_first_name, person_last_name, person_email_name) VALUES(143,9,'Anjela','Zeplin','azeplinbh@latimes.com')
Insert into HOUSE_ADDRESS(house_address_id , house_address_line_one, house_address_line_two, house_address_zip_id) VALUES(143,'10 Eastlawn Parkway','',116) 
INSERT INTO LIVING_SITUATION(living_situation_person_id,living_situation_house_address_id) VALUES(143,143)
INSERT INTO PERSON(person_id, person_gender_id, person_first_name, person_last_name, person_email_name) VALUES(144,8,'Camila','Raffan','craffaneo@apple.com')
Insert into HOUSE_ADDRESS(house_address_id , house_address_line_one, house_address_line_two, house_address_zip_id) VALUES(144,'11 Eastlawn Parkway','',116) 
INSERT INTO LIVING_SITUATION(living_situation_person_id,living_situation_house_address_id) VALUES(144,144)
INSERT INTO PERSON(person_id, person_gender_id, person_first_name, person_last_name, person_email_name) VALUES(145,2,'Consolata','Bhatia','cbhatiaeb@paginegialle.it')
Insert into HOUSE_ADDRESS(house_address_id , house_address_line_one, house_address_line_two, house_address_zip_id) VALUES(145,'97980 Granby Avenue','',117) 
INSERT INTO LIVING_SITUATION(living_situation_person_id,living_situation_house_address_id) VALUES(145,145)
INSERT INTO PERSON(person_id, person_gender_id, person_first_name, person_last_name, person_email_name) VALUES(146,8,'Ingrim','Plane','iplanejg@exblog.jp')
Insert into zip(zip_id, zip_code, zip_city, zip_state)Values (146,'17110','Harrisburg','Pennsylvania')
Insert into HOUSE_ADDRESS(house_address_id , house_address_line_one, house_address_line_two, house_address_zip_id) VALUES(146,'1 Northridge Point','',146) 
INSERT INTO LIVING_SITUATION(living_situation_person_id,living_situation_house_address_id) VALUES(146,146)
INSERT INTO PERSON(person_id, person_gender_id, person_first_name, person_last_name, person_email_name) VALUES(147,3,'Cirillo','Burnhill','cburnhillc6@rakuten.co.jp')
Insert into HOUSE_ADDRESS(house_address_id , house_address_line_one, house_address_line_two, house_address_zip_id) VALUES(147,'15940 Fulton Drive','',113) 
INSERT INTO LIVING_SITUATION(living_situation_person_id,living_situation_house_address_id) VALUES(147,147)
INSERT INTO PERSON(person_id, person_gender_id, person_first_name, person_last_name, person_email_name) VALUES(148,1,'Giacomo','Scimone','gscimone5g@youku.com')
Insert into zip(zip_id, zip_code, zip_city, zip_state)Values (148,'15220','Pittsburgh','Pennsylvania')
Insert into HOUSE_ADDRESS(house_address_id , house_address_line_one, house_address_line_two, house_address_zip_id) VALUES(148,'2 Washington Trail','',148) 
INSERT INTO LIVING_SITUATION(living_situation_person_id,living_situation_house_address_id) VALUES(148,148)
INSERT INTO PERSON(person_id, person_gender_id, person_first_name, person_last_name, person_email_name) VALUES(149,9,'Skelly','Andriveau','sandriveau40@nbcnews.com')
Insert into HOUSE_ADDRESS(house_address_id , house_address_line_one, house_address_line_two, house_address_zip_id) VALUES(149,'234 Merchant Alley','',112) 
INSERT INTO LIVING_SITUATION(living_situation_person_id,living_situation_house_address_id) VALUES(149,149)
INSERT INTO PERSON(person_id, person_gender_id, person_first_name, person_last_name, person_email_name) VALUES(150,0,'Iorgos','Testo','itestok7@elegantthemes.com')
Insert into HOUSE_ADDRESS(house_address_id , house_address_line_one, house_address_line_two, house_address_zip_id) VALUES(150,'3223 Bonner Center','',114) 
INSERT INTO LIVING_SITUATION(living_situation_person_id,living_situation_house_address_id) VALUES(150,150)
INSERT INTO PERSON(person_id, person_gender_id, person_first_name, person_last_name, person_email_name) VALUES(151,9,'Sharlene','Kimmons','skimmons5x@barnesandnoble.com')
Insert into HOUSE_ADDRESS(house_address_id , house_address_line_one, house_address_line_two, house_address_zip_id) VALUES(151,'3921 Eastlawn Lane','',132) 
INSERT INTO LIVING_SITUATION(living_situation_person_id,living_situation_house_address_id) VALUES(151,151)
INSERT INTO PERSON(person_id, person_gender_id, person_first_name, person_last_name, person_email_name) VALUES(152,3,'Ivory','Tombleson','itombleson7a@cocolog-nifty.com')
Insert into zip(zip_id, zip_code, zip_city, zip_state)Values (152,'15210','Pittsburgh','Pennsylvania')
Insert into HOUSE_ADDRESS(house_address_id , house_address_line_one, house_address_line_two, house_address_zip_id) VALUES(152,'43722 Bay Crossing','',152) 
INSERT INTO LIVING_SITUATION(living_situation_person_id,living_situation_house_address_id) VALUES(152,152)
INSERT INTO PERSON(person_id, person_gender_id, person_first_name, person_last_name, person_email_name) VALUES(153,7,'Brendis','Ramage','bramagejo@parallels.com')
Insert into HOUSE_ADDRESS(house_address_id , house_address_line_one, house_address_line_two, house_address_zip_id) VALUES(153,'47590 Mallard Lane','',116) 
INSERT INTO LIVING_SITUATION(living_situation_person_id,living_situation_house_address_id) VALUES(153,153)
INSERT INTO PERSON(person_id, person_gender_id, person_first_name, person_last_name, person_email_name) VALUES(154,8,'Darryl','Nowakowska','dnowakowskahg@state.gov')
Insert into HOUSE_ADDRESS(house_address_id , house_address_line_one, house_address_line_two, house_address_zip_id) VALUES(154,'4955 Florence Hill','',148) 
INSERT INTO LIVING_SITUATION(living_situation_person_id,living_situation_house_address_id) VALUES(154,154)
INSERT INTO PERSON(person_id, person_gender_id, person_first_name, person_last_name, person_email_name) VALUES(155,4,'Temp','Mayman','tmaymanj4@senate.gov')
Insert into HOUSE_ADDRESS(house_address_id , house_address_line_one, house_address_line_two, house_address_zip_id) VALUES(155,'5 Eastlawn Terrace','',121) 
INSERT INTO LIVING_SITUATION(living_situation_person_id,living_situation_house_address_id) VALUES(155,155)
INSERT INTO PERSON(person_id, person_gender_id, person_first_name, person_last_name, person_email_name) VALUES(156,3,'Avis','Heaps','aheapspu@fc2.com')
Insert into HOUSE_ADDRESS(house_address_id , house_address_line_one, house_address_line_two, house_address_zip_id) VALUES(156,'577 Cordelia Alley','',131) 
INSERT INTO LIVING_SITUATION(living_situation_person_id,living_situation_house_address_id) VALUES(156,156)
INSERT INTO PERSON(person_id, person_gender_id, person_first_name, person_last_name, person_email_name) VALUES(157,3,'Georas','Scole','gscolehs@ycombinator.com')
Insert into HOUSE_ADDRESS(house_address_id , house_address_line_one, house_address_line_two, house_address_zip_id) VALUES(157,'65595 Clemons Pass','',120) 
INSERT INTO LIVING_SITUATION(living_situation_person_id,living_situation_house_address_id) VALUES(157,157)
INSERT INTO PERSON(person_id, person_gender_id, person_first_name, person_last_name, person_email_name) VALUES(158,2,'Frankie','Bushby','fbushbyjb@foxnews.com')
Insert into HOUSE_ADDRESS(house_address_id , house_address_line_one, house_address_line_two, house_address_zip_id) VALUES(158,'8 Eastlawn Parkway','',116) 
INSERT INTO LIVING_SITUATION(living_situation_person_id,living_situation_house_address_id) VALUES(158,158)
INSERT INTO PERSON(person_id, person_gender_id, person_first_name, person_last_name, person_email_name) VALUES(159,0,'Michel','Bidewel','mbidewel3e@usa.gov')
INSERT INTO LIVING_SITUATION(living_situation_person_id,living_situation_house_address_id) VALUES(159,158)
INSERT INTO PERSON(person_id, person_gender_id, person_first_name, person_last_name, person_email_name) VALUES(160,7,'Sutton','Rabson','srabson4n@whitehouse.gov')
Insert into HOUSE_ADDRESS(house_address_id , house_address_line_one, house_address_line_two, house_address_zip_id) VALUES(160,'9 Eastlawn Parkway','',116) 
INSERT INTO LIVING_SITUATION(living_situation_person_id,living_situation_house_address_id) VALUES(160,160)
INSERT INTO PERSON(person_id, person_gender_id, person_first_name, person_last_name, person_email_name) VALUES(161,1,'Paquito','Allsep','pallseppg@icio.us')
INSERT INTO LIVING_SITUATION(living_situation_person_id,living_situation_house_address_id) VALUES(161,158)
INSERT INTO PERSON(person_id, person_gender_id, person_first_name, person_last_name, person_email_name) VALUES(162,2,'Myrtie','Clacey','mclacey41@xrea.com')
INSERT INTO LIVING_SITUATION(living_situation_person_id,living_situation_house_address_id) VALUES(162,158)
INSERT INTO PERSON(person_id, person_gender_id, person_first_name, person_last_name, person_email_name) VALUES(163,0,'Elihu','Hurche','ehurcheq5@nba.com')
Insert into zip(zip_id, zip_code, zip_city, zip_state)Values (163,'15225','Pittsburgh','Pennsylvania')
Insert into HOUSE_ADDRESS(house_address_id , house_address_line_one, house_address_line_two, house_address_zip_id) VALUES(163,'2 Crowley Parkway','',163) 
INSERT INTO LIVING_SITUATION(living_situation_person_id,living_situation_house_address_id) VALUES(163,163)
INSERT INTO PERSON(person_id, person_gender_id, person_first_name, person_last_name, person_email_name) VALUES(164,0,'Carley','Brockhouse','cbrockhouse17@cyberchimps.com')
Insert into HOUSE_ADDRESS(house_address_id , house_address_line_one, house_address_line_two, house_address_zip_id) VALUES(164,'37 Pleasure Place','',121) 
INSERT INTO LIVING_SITUATION(living_situation_person_id,living_situation_house_address_id) VALUES(164,164)
INSERT INTO PERSON(person_id, person_gender_id, person_first_name, person_last_name, person_email_name) VALUES(165,9,'Kath','Summerrell','ksummerrelll7@sbwire.com')
Insert into HOUSE_ADDRESS(house_address_id , house_address_line_one, house_address_line_two, house_address_zip_id) VALUES(165,'37088 Utah Avenue','',132) 
INSERT INTO LIVING_SITUATION(living_situation_person_id,living_situation_house_address_id) VALUES(165,165)
INSERT INTO PERSON(person_id, person_gender_id, person_first_name, person_last_name, person_email_name) VALUES(166,1,'Arly','Belloch','abelloch5a@goodreads.com')
Insert into HOUSE_ADDRESS(house_address_id , house_address_line_one, house_address_line_two, house_address_zip_id) VALUES(166,'392 Milwaukee Way','',163) 
INSERT INTO LIVING_SITUATION(living_situation_person_id,living_situation_house_address_id) VALUES(166,166)
INSERT INTO PERSON(person_id, person_gender_id, person_first_name, person_last_name, person_email_name) VALUES(167,4,'Sunny','Boulds','sbouldshk@ameblo.jp')
Insert into HOUSE_ADDRESS(house_address_id , house_address_line_one, house_address_line_two, house_address_zip_id) VALUES(167,'84134 Dahle Alley','',121) 
INSERT INTO LIVING_SITUATION(living_situation_person_id,living_situation_house_address_id) VALUES(167,167)
INSERT INTO PERSON(person_id, person_gender_id, person_first_name, person_last_name, person_email_name) VALUES(168,7,'Rori','Dimmock','rdimmockpi@uiuc.edu')
Insert into HOUSE_ADDRESS(house_address_id , house_address_line_one, house_address_line_two, house_address_zip_id) VALUES(168,'912 Cardinal Hill','',121) 
INSERT INTO LIVING_SITUATION(living_situation_person_id,living_situation_house_address_id) VALUES(168,168)
INSERT INTO PERSON(person_id, person_gender_id, person_first_name, person_last_name, person_email_name) VALUES(169,1,'Melvin','Smalles','msmallesl1@imgur.com')
Insert into HOUSE_ADDRESS(house_address_id , house_address_line_one, house_address_line_two, house_address_zip_id) VALUES(169,'98320 Rusk Street','',148) 
INSERT INTO LIVING_SITUATION(living_situation_person_id,living_situation_house_address_id) VALUES(169,169)
INSERT INTO PERSON(person_id, person_gender_id, person_first_name, person_last_name, person_email_name) VALUES(170,0,'Alberta','Lidierth','alidierthm5@chronoengine.com')
Insert into HOUSE_ADDRESS(house_address_id , house_address_line_one, house_address_line_two, house_address_zip_id) VALUES(170,'11 Shoshone Road','',121) 
INSERT INTO LIVING_SITUATION(living_situation_person_id,living_situation_house_address_id) VALUES(170,170)
INSERT INTO PERSON(person_id, person_gender_id, person_first_name, person_last_name, person_email_name) VALUES(171,3,'Delmar','Larmouth','dlarmoutho0@dedecms.com')
Insert into HOUSE_ADDRESS(house_address_id , house_address_line_one, house_address_line_two, house_address_zip_id) VALUES(171,'12531 Kropf Park','',112) 
INSERT INTO LIVING_SITUATION(living_situation_person_id,living_situation_house_address_id) VALUES(171,171)
INSERT INTO PERSON(person_id, person_gender_id, person_first_name, person_last_name, person_email_name) VALUES(172,9,'Kial','Klainer','kklainer71@craigslist.org')
Insert into HOUSE_ADDRESS(house_address_id , house_address_line_one, house_address_line_two, house_address_zip_id) VALUES(172,'278 Fremont Road','',127) 
INSERT INTO LIVING_SITUATION(living_situation_person_id,living_situation_house_address_id) VALUES(172,172)
INSERT INTO PERSON(person_id, person_gender_id, person_first_name, person_last_name, person_email_name) VALUES(173,9,'Chevy','Grace','cgracekz@csmonitor.com')
Insert into HOUSE_ADDRESS(house_address_id , house_address_line_one, house_address_line_two, house_address_zip_id) VALUES(173,'4746 Havey Trail','',146) 
INSERT INTO LIVING_SITUATION(living_situation_person_id,living_situation_house_address_id) VALUES(173,173)
INSERT INTO PERSON(person_id, person_gender_id, person_first_name, person_last_name, person_email_name) VALUES(174,2,'Lewiss','Lafay','llafayq6@virginia.edu')
Insert into HOUSE_ADDRESS(house_address_id , house_address_line_one, house_address_line_two, house_address_zip_id) VALUES(174,'6420 Nancy Plaza','',120) 
INSERT INTO LIVING_SITUATION(living_situation_person_id,living_situation_house_address_id) VALUES(174,174)
INSERT INTO PERSON(person_id, person_gender_id, person_first_name, person_last_name, person_email_name) VALUES(175,3,'Dorelle','Guidone','dguidonef9@wikispaces.com')
Insert into HOUSE_ADDRESS(house_address_id , house_address_line_one, house_address_line_two, house_address_zip_id) VALUES(175,'72 Aberg Terrace','',148) 
INSERT INTO LIVING_SITUATION(living_situation_person_id,living_situation_house_address_id) VALUES(175,175)
INSERT INTO PERSON(person_id, person_gender_id, person_first_name, person_last_name, person_email_name) VALUES(176,1,'Angy','Yackiminie','ayackiminie1o@usgs.gov')
Insert into HOUSE_ADDRESS(house_address_id , house_address_line_one, house_address_line_two, house_address_zip_id) VALUES(176,'77 Debs Crossing','',132) 
INSERT INTO LIVING_SITUATION(living_situation_person_id,living_situation_house_address_id) VALUES(176,176)
INSERT INTO PERSON(person_id, person_gender_id, person_first_name, person_last_name, person_email_name) VALUES(177,9,'Maggy','Melbourne','mmelbourne7o@posterous.com')
Insert into HOUSE_ADDRESS(house_address_id , house_address_line_one, house_address_line_two, house_address_zip_id) VALUES(177,'85442 Dapin Road','',120) 
INSERT INTO LIVING_SITUATION(living_situation_person_id,living_situation_house_address_id) VALUES(177,177)
INSERT INTO PERSON(person_id, person_gender_id, person_first_name, person_last_name, person_email_name) VALUES(178,1,'Adamo','Annis','aannisci@hc360.com')
Insert into zip(zip_id, zip_code, zip_city, zip_state)Values (178,'15274','Pittsburgh','Pennsylvania')
Insert into HOUSE_ADDRESS(house_address_id , house_address_line_one, house_address_line_two, house_address_zip_id) VALUES(178,'957 Knutson Road','',178) 
INSERT INTO LIVING_SITUATION(living_situation_person_id,living_situation_house_address_id) VALUES(178,178)
INSERT INTO PERSON(person_id, person_gender_id, person_first_name, person_last_name, person_email_name) VALUES(179,1,'Lorenzo','Roadknight','lroadknightm@flavors.me')
Insert into HOUSE_ADDRESS(house_address_id , house_address_line_one, house_address_line_two, house_address_zip_id) VALUES(179,'1 Annamark Lane','',135) 
INSERT INTO LIVING_SITUATION(living_situation_person_id,living_situation_house_address_id) VALUES(179,179)
INSERT INTO PERSON(person_id, person_gender_id, person_first_name, person_last_name, person_email_name) VALUES(180,8,'Peterus','Danielsen','pdanielsenqp@home.pl')
Insert into HOUSE_ADDRESS(house_address_id , house_address_line_one, house_address_line_two, house_address_zip_id) VALUES(180,'2 Columbus Road','',120) 
INSERT INTO LIVING_SITUATION(living_situation_person_id,living_situation_house_address_id) VALUES(180,180)
INSERT INTO PERSON(person_id, person_gender_id, person_first_name, person_last_name, person_email_name) VALUES(181,9,'Janek','Dennerly','jdennerly4@google.co.uk')
Insert into HOUSE_ADDRESS(house_address_id , house_address_line_one, house_address_line_two, house_address_zip_id) VALUES(181,'260 Maple Plaza','',117) 
INSERT INTO LIVING_SITUATION(living_situation_person_id,living_situation_house_address_id) VALUES(181,181)
INSERT INTO PERSON(person_id, person_gender_id, person_first_name, person_last_name, person_email_name) VALUES(182,1,'Christopher','Gripton','cgriptonh3@canalblog.com')
Insert into HOUSE_ADDRESS(house_address_id , house_address_line_one, house_address_line_two, house_address_zip_id) VALUES(182,'3 Roxbury Alley','',146) 
INSERT INTO LIVING_SITUATION(living_situation_person_id,living_situation_house_address_id) VALUES(182,182)
INSERT INTO PERSON(person_id, person_gender_id, person_first_name, person_last_name, person_email_name) VALUES(183,8,'Brynna','Merry','bmerryad@cyberchimps.com')
Insert into HOUSE_ADDRESS(house_address_id , house_address_line_one, house_address_line_two, house_address_zip_id) VALUES(183,'421 Nelson Road','',114) 
INSERT INTO LIVING_SITUATION(living_situation_person_id,living_situation_house_address_id) VALUES(183,183)
INSERT INTO PERSON(person_id, person_gender_id, person_first_name, person_last_name, person_email_name) VALUES(184,8,'Patricio','Luton','pluton94@bloomberg.com')
Insert into HOUSE_ADDRESS(house_address_id , house_address_line_one, house_address_line_two, house_address_zip_id) VALUES(184,'424 North Alley','',152) 
INSERT INTO LIVING_SITUATION(living_situation_person_id,living_situation_house_address_id) VALUES(184,184)
INSERT INTO PERSON(person_id, person_gender_id, person_first_name, person_last_name, person_email_name) VALUES(185,1,'Abbie','Takis','atakisfr@hhs.gov')
Insert into HOUSE_ADDRESS(house_address_id , house_address_line_one, house_address_line_two, house_address_zip_id) VALUES(185,'5 Toban Terrace','',114) 
INSERT INTO LIVING_SITUATION(living_situation_person_id,living_situation_house_address_id) VALUES(185,185)
INSERT INTO PERSON(person_id, person_gender_id, person_first_name, person_last_name, person_email_name) VALUES(186,3,'Danya','Womersley','dwomersleyel@vkontakte.ru')
Insert into HOUSE_ADDRESS(house_address_id , house_address_line_one, house_address_line_two, house_address_zip_id) VALUES(186,'624 Center Park','',163) 
INSERT INTO LIVING_SITUATION(living_situation_person_id,living_situation_house_address_id) VALUES(186,186)
INSERT INTO PERSON(person_id, person_gender_id, person_first_name, person_last_name, person_email_name) VALUES(187,9,'Lesli','O''Looney','lolooneyak@smh.com.au')
Insert into HOUSE_ADDRESS(house_address_id , house_address_line_one, house_address_line_two, house_address_zip_id) VALUES(187,'7 Fulton Circle','',146) 
INSERT INTO LIVING_SITUATION(living_situation_person_id,living_situation_house_address_id) VALUES(187,187)
INSERT INTO PERSON(person_id, person_gender_id, person_first_name, person_last_name, person_email_name) VALUES(188,9,'Roosevelt','Olner','rolnerdn@mlb.com')
Insert into HOUSE_ADDRESS(house_address_id , house_address_line_one, house_address_line_two, house_address_zip_id) VALUES(188,'764 Nobel Point','',127) 
INSERT INTO LIVING_SITUATION(living_situation_person_id,living_situation_house_address_id) VALUES(188,188)
INSERT INTO PERSON(person_id, person_gender_id, person_first_name, person_last_name, person_email_name) VALUES(189,9,'Amalea','Durno','adurno29@yolasite.com')
Insert into HOUSE_ADDRESS(house_address_id , house_address_line_one, house_address_line_two, house_address_zip_id) VALUES(189,'281 7th Center','',123) 
INSERT INTO LIVING_SITUATION(living_situation_person_id,living_situation_house_address_id) VALUES(189,189)
INSERT INTO PERSON(person_id, person_gender_id, person_first_name, person_last_name, person_email_name) VALUES(190,7,'Langston','Harmer','lharmerma@timesonline.co.uk')
Insert into HOUSE_ADDRESS(house_address_id , house_address_line_one, house_address_line_two, house_address_zip_id) VALUES(190,'301 Haas Court','',119) 
INSERT INTO LIVING_SITUATION(living_situation_person_id,living_situation_house_address_id) VALUES(190,190)
INSERT INTO PERSON(person_id, person_gender_id, person_first_name, person_last_name, person_email_name) VALUES(191,0,'Ryon','Johns','rjohns3i@amazonaws.com')
Insert into HOUSE_ADDRESS(house_address_id , house_address_line_one, house_address_line_two, house_address_zip_id) VALUES(191,'46 Main Circle','',121) 
INSERT INTO LIVING_SITUATION(living_situation_person_id,living_situation_house_address_id) VALUES(191,191)
INSERT INTO PERSON(person_id, person_gender_id, person_first_name, person_last_name, person_email_name) VALUES(192,8,'Ertha','O''Heagertie','eoheagertiekx@nifty.com')
Insert into HOUSE_ADDRESS(house_address_id , house_address_line_one, house_address_line_two, house_address_zip_id) VALUES(192,'5 Mcbride Road','',114) 
INSERT INTO LIVING_SITUATION(living_situation_person_id,living_situation_house_address_id) VALUES(192,192)
INSERT INTO PERSON(person_id, person_gender_id, person_first_name, person_last_name, person_email_name) VALUES(193,1,'Geri','Dowzell','gdowzell7f@virginia.edu')
Insert into HOUSE_ADDRESS(house_address_id , house_address_line_one, house_address_line_two, house_address_zip_id) VALUES(193,'7 Kennedy Hill','',116) 
INSERT INTO LIVING_SITUATION(living_situation_person_id,living_situation_house_address_id) VALUES(193,193)
INSERT INTO PERSON(person_id, person_gender_id, person_first_name, person_last_name, person_email_name) VALUES(194,9,'Filide','Bergin','fbergin36@jugem.jp')
Insert into HOUSE_ADDRESS(house_address_id , house_address_line_one, house_address_line_two, house_address_zip_id) VALUES(194,'83 Dakota Hill','',131) 
INSERT INTO LIVING_SITUATION(living_situation_person_id,living_situation_house_address_id) VALUES(194,194)
INSERT INTO PERSON(person_id, person_gender_id, person_first_name, person_last_name, person_email_name) VALUES(195,2,'Aimil','Sarfati','asarfati9n@hexun.com')
Insert into HOUSE_ADDRESS(house_address_id , house_address_line_one, house_address_line_two, house_address_zip_id) VALUES(195,'84 Heath Plaza','',127) 
INSERT INTO LIVING_SITUATION(living_situation_person_id,living_situation_house_address_id) VALUES(195,195)
INSERT INTO PERSON(person_id, person_gender_id, person_first_name, person_last_name, person_email_name) VALUES(196,8,'Fee','Thandi','fthandicv@51.la')
Insert into HOUSE_ADDRESS(house_address_id , house_address_line_one, house_address_line_two, house_address_zip_id) VALUES(196,'2 Lyons Drive','',135) 
INSERT INTO LIVING_SITUATION(living_situation_person_id,living_situation_house_address_id) VALUES(196,196)
INSERT INTO PERSON(person_id, person_gender_id, person_first_name, person_last_name, person_email_name) VALUES(197,1,'Rudyard','Issard','rissardkr@yellowpages.com')
Insert into HOUSE_ADDRESS(house_address_id , house_address_line_one, house_address_line_two, house_address_zip_id) VALUES(197,'29 Larry Park','',152) 
INSERT INTO LIVING_SITUATION(living_situation_person_id,living_situation_house_address_id) VALUES(197,197)
INSERT INTO PERSON(person_id, person_gender_id, person_first_name, person_last_name, person_email_name) VALUES(198,7,'Catriona','Blackater','cblackater3y@gravatar.com')
Insert into zip(zip_id, zip_code, zip_city, zip_state)Values (198,'15250','Pittsburgh','Pennsylvania')
Insert into HOUSE_ADDRESS(house_address_id , house_address_line_one, house_address_line_two, house_address_zip_id) VALUES(198,'7 3rd Parkway','',198) 
INSERT INTO LIVING_SITUATION(living_situation_person_id,living_situation_house_address_id) VALUES(198,198)
INSERT INTO PERSON(person_id, person_gender_id, person_first_name, person_last_name, person_email_name) VALUES(199,1,'Anderea','Scranedge','ascranedgeeg@1688.com')
Insert into HOUSE_ADDRESS(house_address_id , house_address_line_one, house_address_line_two, house_address_zip_id) VALUES(199,'92 Boyd Court','',127) 
INSERT INTO LIVING_SITUATION(living_situation_person_id,living_situation_house_address_id) VALUES(199,199)
INSERT INTO PERSON(person_id, person_gender_id, person_first_name, person_last_name, person_email_name) VALUES(200,3,'Serge','Whightman','swhightmanpq@hhs.gov')
Insert into HOUSE_ADDRESS(house_address_id , house_address_line_one, house_address_line_two, house_address_zip_id) VALUES(200,'3 Nova Hill','',113) 
INSERT INTO LIVING_SITUATION(living_situation_person_id,living_situation_house_address_id) VALUES(200,200)
INSERT INTO PERSON(person_id, person_gender_id, person_first_name, person_last_name, person_email_name) VALUES(201,9,'Sheeree','Benson','sbensonn8@cafepress.com')
Insert into HOUSE_ADDRESS(house_address_id , house_address_line_one, house_address_line_two, house_address_zip_id) VALUES(201,'7 Golf Way','',114) 
INSERT INTO LIVING_SITUATION(living_situation_person_id,living_situation_house_address_id) VALUES(201,201)
INSERT INTO PERSON(person_id, person_gender_id, person_first_name, person_last_name, person_email_name) VALUES(202,7,'Engelbert','Tickel','etickel35@tmall.com')
Insert into zip(zip_id, zip_code, zip_city, zip_state)Values (202,'17605','Lancaster','Pennsylvania')
Insert into HOUSE_ADDRESS(house_address_id , house_address_line_one, house_address_line_two, house_address_zip_id) VALUES(202,'03484 Ridgeview Circle','',202) 
INSERT INTO LIVING_SITUATION(living_situation_person_id,living_situation_house_address_id) VALUES(202,202)
INSERT INTO PERSON(person_id, person_gender_id, person_first_name, person_last_name, person_email_name) VALUES(203,4,'Katrinka','Souster','ksouster85@springer.com')
Insert into zip(zip_id, zip_code, zip_city, zip_state)Values (203,'18105','Allentown','Pennsylvania')
Insert into HOUSE_ADDRESS(house_address_id , house_address_line_one, house_address_line_two, house_address_zip_id) VALUES(203,'10591 John Wall Drive','',203) 
INSERT INTO LIVING_SITUATION(living_situation_person_id,living_situation_house_address_id) VALUES(203,203)
INSERT INTO PERSON(person_id, person_gender_id, person_first_name, person_last_name, person_email_name) VALUES(204,4,'Sutherlan','Gudgion','sgudgion6u@theatlantic.com')
Insert into zip(zip_id, zip_code, zip_city, zip_state)Values (204,'18018','Bethlehem','Pennsylvania')
Insert into HOUSE_ADDRESS(house_address_id , house_address_line_one, house_address_line_two, house_address_zip_id) VALUES(204,'31979 Corben Junction','',204) 
INSERT INTO LIVING_SITUATION(living_situation_person_id,living_situation_house_address_id) VALUES(204,204)
INSERT INTO PERSON(person_id, person_gender_id, person_first_name, person_last_name, person_email_name) VALUES(205,4,'Errick','Rosengren','erosengren18@usnews.com')
Insert into HOUSE_ADDRESS(house_address_id , house_address_line_one, house_address_line_two, house_address_zip_id) VALUES(205,'43154 Morningstar Way','',203) 
INSERT INTO LIVING_SITUATION(living_situation_person_id,living_situation_house_address_id) VALUES(205,205)
INSERT INTO PERSON(person_id, person_gender_id, person_first_name, person_last_name, person_email_name) VALUES(206,7,'Mikol','Vurley','mvurleyh@zdnet.com')
Insert into HOUSE_ADDRESS(house_address_id , house_address_line_one, house_address_line_two, house_address_zip_id) VALUES(206,'5392 Cordelia Terrace','',203) 
INSERT INTO LIVING_SITUATION(living_situation_person_id,living_situation_house_address_id) VALUES(206,206)
INSERT INTO PERSON(person_id, person_gender_id, person_first_name, person_last_name, person_email_name) VALUES(207,0,'Jesse','Banville','jbanville27@bloglines.com')
Insert into zip(zip_id, zip_code, zip_city, zip_state)Values (207,'17622','Lancaster','Pennsylvania')
Insert into HOUSE_ADDRESS(house_address_id , house_address_line_one, house_address_line_two, house_address_zip_id) VALUES(207,'8532 Warbler Junction','',207) 
INSERT INTO LIVING_SITUATION(living_situation_person_id,living_situation_house_address_id) VALUES(207,207)
INSERT INTO PERSON(person_id, person_gender_id, person_first_name, person_last_name, person_email_name) VALUES(208,4,'Shep','Gockeler','sgockeler68@artisteer.com')
Insert into HOUSE_ADDRESS(house_address_id , house_address_line_one, house_address_line_two, house_address_zip_id) VALUES(208,'99 Namekagon Junction','',202) 
INSERT INTO LIVING_SITUATION(living_situation_person_id,living_situation_house_address_id) VALUES(208,208)
INSERT INTO PERSON(person_id, person_gender_id, person_first_name, person_last_name, person_email_name) VALUES(209,0,'Gregor','Josiah','gjosiahrn@wufoo.com')
Insert into HOUSE_ADDRESS(house_address_id , house_address_line_one, house_address_line_two, house_address_zip_id) VALUES(209,'159 Golf View Circle','',204) 
INSERT INTO LIVING_SITUATION(living_situation_person_id,living_situation_house_address_id) VALUES(209,209)
INSERT INTO PERSON(person_id, person_gender_id, person_first_name, person_last_name, person_email_name) VALUES(210,3,'Emilia','Braundt','ebraundtat@wp.com')
Insert into HOUSE_ADDRESS(house_address_id , house_address_line_one, house_address_line_two, house_address_zip_id) VALUES(210,'254 Merchant Terrace','',203) 
INSERT INTO LIVING_SITUATION(living_situation_person_id,living_situation_house_address_id) VALUES(210,210)
INSERT INTO PERSON(person_id, person_gender_id, person_first_name, person_last_name, person_email_name) VALUES(211,2,'Gonzalo','Castanos','gcastanos9b@joomla.org')
Insert into HOUSE_ADDRESS(house_address_id , house_address_line_one, house_address_line_two, house_address_zip_id) VALUES(211,'41992 Mcbride Center','',203) 
INSERT INTO LIVING_SITUATION(living_situation_person_id,living_situation_house_address_id) VALUES(211,211)
INSERT INTO PERSON(person_id, person_gender_id, person_first_name, person_last_name, person_email_name) VALUES(212,2,'Drugi','Bleakley','dbleakleyky@macromedia.com')
Insert into HOUSE_ADDRESS(house_address_id , house_address_line_one, house_address_line_two, house_address_zip_id) VALUES(212,'5629 Northport Court','',203) 
INSERT INTO LIVING_SITUATION(living_situation_person_id,living_situation_house_address_id) VALUES(212,212)
INSERT INTO PERSON(person_id, person_gender_id, person_first_name, person_last_name, person_email_name) VALUES(213,7,'Zora','Salack','zsalackkl@hao123.com')
Insert into zip(zip_id, zip_code, zip_city, zip_state)Values (213,'19058','Levittown','Pennsylvania')
Insert into HOUSE_ADDRESS(house_address_id , house_address_line_one, house_address_line_two, house_address_zip_id) VALUES(213,'577 Northland Avenue','',213) 
INSERT INTO LIVING_SITUATION(living_situation_person_id,living_situation_house_address_id) VALUES(213,213)
INSERT INTO PERSON(person_id, person_gender_id, person_first_name, person_last_name, person_email_name) VALUES(214,0,'Ezechiel','Shoemark','eshoemarke6@opensource.org')
Insert into zip(zip_id, zip_code, zip_city, zip_state)Values (214,'15906','Johnstown','Pennsylvania')
Insert into HOUSE_ADDRESS(house_address_id , house_address_line_one, house_address_line_two, house_address_zip_id) VALUES(214,'63 Twin Pines Avenue','',214) 
INSERT INTO LIVING_SITUATION(living_situation_person_id,living_situation_house_address_id) VALUES(214,214)
INSERT INTO PERSON(person_id, person_gender_id, person_first_name, person_last_name, person_email_name) VALUES(215,4,'Randolph','Pechell','rpechellpd@technorati.com')
Insert into HOUSE_ADDRESS(house_address_id , house_address_line_one, house_address_line_two, house_address_zip_id) VALUES(215,'6998 Surrey Junction','',204) 
INSERT INTO LIVING_SITUATION(living_situation_person_id,living_situation_house_address_id) VALUES(215,215)
INSERT INTO PERSON(person_id, person_gender_id, person_first_name, person_last_name, person_email_name) VALUES(216,0,'Vicki','Camden','vcamden1k@tripadvisor.com')
Insert into HOUSE_ADDRESS(house_address_id , house_address_line_one, house_address_line_two, house_address_zip_id) VALUES(216,'86336 Anderson Alley','',203) 
INSERT INTO LIVING_SITUATION(living_situation_person_id,living_situation_house_address_id) VALUES(216,216)
INSERT INTO PERSON(person_id, person_gender_id, person_first_name, person_last_name, person_email_name) VALUES(217,1,'Sterling','Reaman','sreaman52@altervista.org')
Insert into HOUSE_ADDRESS(house_address_id , house_address_line_one, house_address_line_two, house_address_zip_id) VALUES(217,'01739 Pawling Court','',203) 
INSERT INTO LIVING_SITUATION(living_situation_person_id,living_situation_house_address_id) VALUES(217,217)
INSERT INTO PERSON(person_id, person_gender_id, person_first_name, person_last_name, person_email_name) VALUES(218,3,'Dallas','Gottschalk','dgottschalkml@nasa.gov')
Insert into HOUSE_ADDRESS(house_address_id , house_address_line_one, house_address_line_two, house_address_zip_id) VALUES(218,'28507 Miller Street','',207) 
INSERT INTO LIVING_SITUATION(living_situation_person_id,living_situation_house_address_id) VALUES(218,218)
INSERT INTO PERSON(person_id, person_gender_id, person_first_name, person_last_name, person_email_name) VALUES(219,8,'Rahel','Been','rbeene@vk.com')
Insert into HOUSE_ADDRESS(house_address_id , house_address_line_one, house_address_line_two, house_address_zip_id) VALUES(219,'3684 Moulton Street','',214) 
INSERT INTO LIVING_SITUATION(living_situation_person_id,living_situation_house_address_id) VALUES(219,219)
INSERT INTO PERSON(person_id, person_gender_id, person_first_name, person_last_name, person_email_name) VALUES(220,2,'Melba','Budgen','mbudgenc@samsung.com')
Insert into HOUSE_ADDRESS(house_address_id , house_address_line_one, house_address_line_two, house_address_zip_id) VALUES(220,'66866 Bartelt Plaza','',203) 
INSERT INTO LIVING_SITUATION(living_situation_person_id,living_situation_house_address_id) VALUES(220,220)
INSERT INTO PERSON(person_id, person_gender_id, person_first_name, person_last_name, person_email_name) VALUES(221,0,'Kinsley','Rosellini','krosellinimy@vinaora.com')
Insert into HOUSE_ADDRESS(house_address_id , house_address_line_one, house_address_line_two, house_address_zip_id) VALUES(221,'72219 Hanover Drive','',213) 
INSERT INTO LIVING_SITUATION(living_situation_person_id,living_situation_house_address_id) VALUES(221,221)
INSERT INTO PERSON(person_id, person_gender_id, person_first_name, person_last_name, person_email_name) VALUES(222,8,'Elberta','Reisenstein','ereisensteins@xing.com')
Insert into HOUSE_ADDRESS(house_address_id , house_address_line_one, house_address_line_two, house_address_zip_id) VALUES(222,'8561 Rigney Terrace','',207) 
INSERT INTO LIVING_SITUATION(living_situation_person_id,living_situation_house_address_id) VALUES(222,222)
INSERT INTO PERSON(person_id, person_gender_id, person_first_name, person_last_name, person_email_name) VALUES(223,4,'Clareta','Jordan','cjordanrm@oakley.com')
Insert into HOUSE_ADDRESS(house_address_id , house_address_line_one, house_address_line_two, house_address_zip_id) VALUES(223,'0476 Mitchell Road','',207) 
INSERT INTO LIVING_SITUATION(living_situation_person_id,living_situation_house_address_id) VALUES(223,223)
INSERT INTO PERSON(person_id, person_gender_id, person_first_name, person_last_name, person_email_name) VALUES(224,0,'Dukey','Parmiter','dparmiter67@clickbank.net')
Insert into HOUSE_ADDRESS(house_address_id , house_address_line_one, house_address_line_two, house_address_zip_id) VALUES(224,'21 Mallory Parkway','',207) 
INSERT INTO LIVING_SITUATION(living_situation_person_id,living_situation_house_address_id) VALUES(224,224)
INSERT INTO PERSON(person_id, person_gender_id, person_first_name, person_last_name, person_email_name) VALUES(225,2,'Tammy','Klimentyonok','tklimentyonokmq@twitpic.com')
Insert into HOUSE_ADDRESS(house_address_id , house_address_line_one, house_address_line_two, house_address_zip_id) VALUES(225,'4312 Express Place','',214) 
INSERT INTO LIVING_SITUATION(living_situation_person_id,living_situation_house_address_id) VALUES(225,225)
INSERT INTO PERSON(person_id, person_gender_id, person_first_name, person_last_name, person_email_name) VALUES(226,4,'Sancho','Gilfoy','sgilfoyk0@virginia.edu')
Insert into HOUSE_ADDRESS(house_address_id , house_address_line_one, house_address_line_two, house_address_zip_id) VALUES(226,'5 Dovetail Terrace','',203) 
INSERT INTO LIVING_SITUATION(living_situation_person_id,living_situation_house_address_id) VALUES(226,226)
INSERT INTO PERSON(person_id, person_gender_id, person_first_name, person_last_name, person_email_name) VALUES(227,2,'Hamil','Aarons','haaronsqh@sbwire.com')
Insert into HOUSE_ADDRESS(house_address_id , house_address_line_one, house_address_line_two, house_address_zip_id) VALUES(227,'984 Kropf Junction','',213) 
INSERT INTO LIVING_SITUATION(living_situation_person_id,living_situation_house_address_id) VALUES(227,227)
INSERT INTO PERSON(person_id, person_gender_id, person_first_name, person_last_name, person_email_name) VALUES(228,1,'Thorndike','Dunbar','tdunbar47@baidu.com')
Insert into HOUSE_ADDRESS(house_address_id , house_address_line_one, house_address_line_two, house_address_zip_id) VALUES(228,'35017 Pond Center','',214) 
INSERT INTO LIVING_SITUATION(living_situation_person_id,living_situation_house_address_id) VALUES(228,228)
INSERT INTO PERSON(person_id, person_gender_id, person_first_name, person_last_name, person_email_name) VALUES(229,1,'Dee','Kluger','dklugerb6@ox.ac.uk')
Insert into HOUSE_ADDRESS(house_address_id , house_address_line_one, house_address_line_two, house_address_zip_id) VALUES(229,'0 Mayfield Plaza','',202) 
INSERT INTO LIVING_SITUATION(living_situation_person_id,living_situation_house_address_id) VALUES(229,229)
INSERT INTO PERSON(person_id, person_gender_id, person_first_name, person_last_name, person_email_name) VALUES(230,0,'Pyotr','Dignam','pdignamiq@alexa.com')
Insert into HOUSE_ADDRESS(house_address_id , house_address_line_one, house_address_line_two, house_address_zip_id) VALUES(230,'549 Elka Parkway','',207) 
INSERT INTO LIVING_SITUATION(living_situation_person_id,living_situation_house_address_id) VALUES(230,230)
INSERT INTO PERSON(person_id, person_gender_id, person_first_name, person_last_name, person_email_name) VALUES(231,9,'Jamill','D''Adda','jdadda9r@about.me')
Insert into HOUSE_ADDRESS(house_address_id , house_address_line_one, house_address_line_two, house_address_zip_id) VALUES(231,'57 Browning Park','',213) 
INSERT INTO LIVING_SITUATION(living_situation_person_id,living_situation_house_address_id) VALUES(231,231)
INSERT INTO PERSON(person_id, person_gender_id, person_first_name, person_last_name, person_email_name) VALUES(232,4,'Tamara','Osbiston','tosbistonb2@nih.gov')
Insert into HOUSE_ADDRESS(house_address_id , house_address_line_one, house_address_line_two, house_address_zip_id) VALUES(232,'86293 Judy Point','',213) 
INSERT INTO LIVING_SITUATION(living_situation_person_id,living_situation_house_address_id) VALUES(232,232)
INSERT INTO PERSON(person_id, person_gender_id, person_first_name, person_last_name, person_email_name) VALUES(233,8,'Maxine','Pellington','mpellingtonew@blogspot.com')
Insert into HOUSE_ADDRESS(house_address_id , house_address_line_one, house_address_line_two, house_address_zip_id) VALUES(233,'974 Onsgard Road','',202) 
INSERT INTO LIVING_SITUATION(living_situation_person_id,living_situation_house_address_id) VALUES(233,233)
INSERT INTO PERSON(person_id, person_gender_id, person_first_name, person_last_name, person_email_name) VALUES(234,4,'Legra','Gofforth','lgofforthki@buzzfeed.com')
Insert into HOUSE_ADDRESS(house_address_id , house_address_line_one, house_address_line_two, house_address_zip_id) VALUES(234,'52 Mosinee Lane','',207) 
INSERT INTO LIVING_SITUATION(living_situation_person_id,living_situation_house_address_id) VALUES(234,234)
INSERT INTO PERSON(person_id, person_gender_id, person_first_name, person_last_name, person_email_name) VALUES(235,4,'Abey','Cacacie','acacacieaa@stanford.edu')
Insert into HOUSE_ADDRESS(house_address_id , house_address_line_one, house_address_line_two, house_address_zip_id) VALUES(235,'8604 West Plaza','',203) 
INSERT INTO LIVING_SITUATION(living_situation_person_id,living_situation_house_address_id) VALUES(235,235)
INSERT INTO PERSON(person_id, person_gender_id, person_first_name, person_last_name, person_email_name) VALUES(236,1,'Esmeralda','Yitzhok','eyitzhokf1@cbc.ca')
Insert into HOUSE_ADDRESS(house_address_id , house_address_line_one, house_address_line_two, house_address_zip_id) VALUES(236,'1 Oriole Alley','',207) 
INSERT INTO LIVING_SITUATION(living_situation_person_id,living_situation_house_address_id) VALUES(236,236)
INSERT INTO PERSON(person_id, person_gender_id, person_first_name, person_last_name, person_email_name) VALUES(237,3,'Gilberto','Rigney','grigneyn6@usda.gov')
Insert into zip(zip_id, zip_code, zip_city, zip_state)Values (237,'18514','Scranton','Pennsylvania')
Insert into HOUSE_ADDRESS(house_address_id , house_address_line_one, house_address_line_two, house_address_zip_id) VALUES(237,'35468 Swallow Terrace','',237) 
INSERT INTO LIVING_SITUATION(living_situation_person_id,living_situation_house_address_id) VALUES(237,237)
INSERT INTO PERSON(person_id, person_gender_id, person_first_name, person_last_name, person_email_name) VALUES(238,7,'Herb','Dalliston','hdalliston33@mac.com')
Insert into zip(zip_id, zip_code, zip_city, zip_state)Values (238,'18505','Scranton','Pennsylvania')
Insert into HOUSE_ADDRESS(house_address_id , house_address_line_one, house_address_line_two, house_address_zip_id) VALUES(238,'50604 Namekagon Pass','',238) 
INSERT INTO LIVING_SITUATION(living_situation_person_id,living_situation_house_address_id) VALUES(238,238)
INSERT INTO PERSON(person_id, person_gender_id, person_first_name, person_last_name, person_email_name) VALUES(239,1,'Ginelle','Kimbrough','gkimbroughqw@phoca.cz')
Insert into HOUSE_ADDRESS(house_address_id , house_address_line_one, house_address_line_two, house_address_zip_id) VALUES(239,'3372 Hoffman Street','',238) 
INSERT INTO LIVING_SITUATION(living_situation_person_id,living_situation_house_address_id) VALUES(239,239)
INSERT INTO PERSON(person_id, person_gender_id, person_first_name, person_last_name, person_email_name) VALUES(240,3,'Ted','MacKaig','tmackaiggu@time.com')
Insert into HOUSE_ADDRESS(house_address_id , house_address_line_one, house_address_line_two, house_address_zip_id) VALUES(240,'020 Carberry Place','',238) 
INSERT INTO LIVING_SITUATION(living_situation_person_id,living_situation_house_address_id) VALUES(240,240)
INSERT INTO PERSON(person_id, person_gender_id, person_first_name, person_last_name, person_email_name) VALUES(241,3,'Darrin','Geaves','dgeaves8z@bing.com')
Insert into HOUSE_ADDRESS(house_address_id , house_address_line_one, house_address_line_two, house_address_zip_id) VALUES(241,'00 Annamark Trail','',238) 
INSERT INTO LIVING_SITUATION(living_situation_person_id,living_situation_house_address_id) VALUES(241,241)
INSERT INTO PERSON(person_id, person_gender_id, person_first_name, person_last_name, person_email_name) VALUES(242,7,'Ripley','Knobell','rknobellfu@feedburner.com')
Insert into HOUSE_ADDRESS(house_address_id , house_address_line_one, house_address_line_two, house_address_zip_id) VALUES(242,'08 Dayton Parkway','',237) 
INSERT INTO LIVING_SITUATION(living_situation_person_id,living_situation_house_address_id) VALUES(242,242)
INSERT INTO PERSON(person_id, person_gender_id, person_first_name, person_last_name, person_email_name) VALUES(243,1,'Hal','Stitch','hstitch7h@pagesperso-orange.fr')
Insert into HOUSE_ADDRESS(house_address_id , house_address_line_one, house_address_line_two, house_address_zip_id) VALUES(243,'64416 Canary Hill','',238) 
INSERT INTO LIVING_SITUATION(living_situation_person_id,living_situation_house_address_id) VALUES(243,243)
INSERT INTO PERSON(person_id, person_gender_id, person_first_name, person_last_name, person_email_name) VALUES(244,7,'Jerri','Mallows','jmallows7d@sogou.com')
Insert into HOUSE_ADDRESS(house_address_id , house_address_line_one, house_address_line_two, house_address_zip_id) VALUES(244,'3 Macpherson Way','',238) 
INSERT INTO LIVING_SITUATION(living_situation_person_id,living_situation_house_address_id) VALUES(244,244)
INSERT INTO PERSON(person_id, person_gender_id, person_first_name, person_last_name, person_email_name) VALUES(245,0,'Ganny','Nicholls','gnichollsfv@virginia.edu')
Insert into HOUSE_ADDRESS(house_address_id , house_address_line_one, house_address_line_two, house_address_zip_id) VALUES(245,'8 Algoma Way','',237) 
INSERT INTO LIVING_SITUATION(living_situation_person_id,living_situation_house_address_id) VALUES(245,245)
INSERT INTO PERSON(person_id, person_gender_id, person_first_name, person_last_name, person_email_name) VALUES(246,3,'Brockie','Cuxson','bcuxson2b@liveinternet.ru')
Insert into HOUSE_ADDRESS(house_address_id , house_address_line_one, house_address_line_two, house_address_zip_id) VALUES(246,'21 2nd Road','',238) 
INSERT INTO LIVING_SITUATION(living_situation_person_id,living_situation_house_address_id) VALUES(246,246)
INSERT INTO PERSON(person_id, person_gender_id, person_first_name, person_last_name, person_email_name) VALUES(247,7,'Amanda','De Lorenzo','adelorenzop8@ibm.com')
Insert into zip(zip_id, zip_code, zip_city, zip_state)Values (247,'19605','Reading','Pennsylvania')
Insert into HOUSE_ADDRESS(house_address_id , house_address_line_one, house_address_line_two, house_address_zip_id) VALUES(247,'6675 Eagle Crest Drive','',247) 
INSERT INTO LIVING_SITUATION(living_situation_person_id,living_situation_house_address_id) VALUES(247,247)
INSERT INTO PERSON(person_id, person_gender_id, person_first_name, person_last_name, person_email_name) VALUES(248,9,'Marshal','Lugsdin','mlugsdin2w@photobucket.com')
Insert into HOUSE_ADDRESS(house_address_id , house_address_line_one, house_address_line_two, house_address_zip_id) VALUES(248,'428 Springview Plaza','',247) 
INSERT INTO LIVING_SITUATION(living_situation_person_id,living_situation_house_address_id) VALUES(248,248)
INSERT INTO PERSON(person_id, person_gender_id, person_first_name, person_last_name, person_email_name) VALUES(249,8,'Ilsa','Moorhead','imoorhead8d@reddit.com')
Insert into zip(zip_id, zip_code, zip_city, zip_state)Values (249,'19610','Reading','Pennsylvania')
Insert into HOUSE_ADDRESS(house_address_id , house_address_line_one, house_address_line_two, house_address_zip_id) VALUES(249,'51245 Farwell Circle','',249) 
INSERT INTO LIVING_SITUATION(living_situation_person_id,living_situation_house_address_id) VALUES(249,249)
INSERT INTO PERSON(person_id, person_gender_id, person_first_name, person_last_name, person_email_name) VALUES(250,7,'Courtney','Carlisle','ccarlislelx@cnn.com')
Insert into HOUSE_ADDRESS(house_address_id , house_address_line_one, house_address_line_two, house_address_zip_id) VALUES(250,'153 Helena Trail','',249) 
INSERT INTO LIVING_SITUATION(living_situation_person_id,living_situation_house_address_id) VALUES(250,250)
INSERT INTO PERSON(person_id, person_gender_id, person_first_name, person_last_name, person_email_name) VALUES(251,3,'Tresa','Simson','tsimsonk2@elpais.com')
Insert into HOUSE_ADDRESS(house_address_id , house_address_line_one, house_address_line_two, house_address_zip_id) VALUES(251,'489 Emmet Center','',249) 
INSERT INTO LIVING_SITUATION(living_situation_person_id,living_situation_house_address_id) VALUES(251,251)
INSERT INTO PERSON(person_id, person_gender_id, person_first_name, person_last_name, person_email_name) VALUES(252,8,'Kimball','Bentke','kbentkec9@va.gov')
Insert into HOUSE_ADDRESS(house_address_id , house_address_line_one, house_address_line_two, house_address_zip_id) VALUES(252,'14 Portage Road','',249) 
INSERT INTO LIVING_SITUATION(living_situation_person_id,living_situation_house_address_id) VALUES(252,252)
INSERT INTO PERSON(person_id, person_gender_id, person_first_name, person_last_name, person_email_name) VALUES(253,3,'Inness','Ioselev','iioselev70@de.vu')
Insert into HOUSE_ADDRESS(house_address_id , house_address_line_one, house_address_line_two, house_address_zip_id) VALUES(253,'356 Mesta Alley','',247) 
INSERT INTO LIVING_SITUATION(living_situation_person_id,living_situation_house_address_id) VALUES(253,253)
INSERT INTO PERSON(person_id, person_gender_id, person_first_name, person_last_name, person_email_name) VALUES(254,1,'Paulita','Mabbe','pmabbed0@pcworld.com')
Insert into HOUSE_ADDRESS(house_address_id , house_address_line_one, house_address_line_two, house_address_zip_id) VALUES(254,'69 Morrow Court','',247) 
INSERT INTO LIVING_SITUATION(living_situation_person_id,living_situation_house_address_id) VALUES(254,254)
INSERT INTO PERSON(person_id, person_gender_id, person_first_name, person_last_name, person_email_name) VALUES(255,4,'Lou','Hawkyens','lhawkyens9s@webs.com')
Insert into zip(zip_id, zip_code, zip_city, zip_state)Values (255,'16565','Erie','Pennsylvania')
Insert into HOUSE_ADDRESS(house_address_id , house_address_line_one, house_address_line_two, house_address_zip_id) VALUES(255,'98215 Kinsman Junction','',255) 
INSERT INTO LIVING_SITUATION(living_situation_person_id,living_situation_house_address_id) VALUES(255,255)
INSERT INTO PERSON(person_id, person_gender_id, person_first_name, person_last_name, person_email_name) VALUES(256,7,'Britney','Old','boldmo@google.com.hk')
Insert into zip(zip_id, zip_code, zip_city, zip_state)Values (256,'16550','Erie','Pennsylvania')
Insert into HOUSE_ADDRESS(house_address_id , house_address_line_one, house_address_line_two, house_address_zip_id) VALUES(256,'367 Summer Ridge Park','',256) 
INSERT INTO LIVING_SITUATION(living_situation_person_id,living_situation_house_address_id) VALUES(256,256)
INSERT INTO PERSON(person_id, person_gender_id, person_first_name, person_last_name, person_email_name) VALUES(257,7,'Cathie','Crayk','ccrayk1g@rakuten.co.jp')
Insert into zip(zip_id, zip_code, zip_city, zip_state)Values (257,'17405','York','Pennsylvania')
Insert into HOUSE_ADDRESS(house_address_id , house_address_line_one, house_address_line_two, house_address_zip_id) VALUES(257,'546 Northfield Center','',257) 
INSERT INTO LIVING_SITUATION(living_situation_person_id,living_situation_house_address_id) VALUES(257,257)
INSERT INTO PERSON(person_id, person_gender_id, person_first_name, person_last_name, person_email_name) VALUES(258,3,'Moishe','Kleinhaut','mkleinhaut44@rambler.ru')
Insert into zip(zip_id, zip_code, zip_city, zip_state)Values (258,'16510','Erie','Pennsylvania')
Insert into HOUSE_ADDRESS(house_address_id , house_address_line_one, house_address_line_two, house_address_zip_id) VALUES(258,'75801 Cordelia Center','',258) 
INSERT INTO LIVING_SITUATION(living_situation_person_id,living_situation_house_address_id) VALUES(258,258)
INSERT INTO PERSON(person_id, person_gender_id, person_first_name, person_last_name, person_email_name) VALUES(259,2,'Lorin','Morewood','lmorewoodgn@networksolutions.com')
Insert into zip(zip_id, zip_code, zip_city, zip_state)Values (259,'16522','Erie','Pennsylvania')
Insert into HOUSE_ADDRESS(house_address_id , house_address_line_one, house_address_line_two, house_address_zip_id) VALUES(259,'849 Michigan Crossing','',259) 
INSERT INTO LIVING_SITUATION(living_situation_person_id,living_situation_house_address_id) VALUES(259,259)
INSERT INTO PERSON(person_id, person_gender_id, person_first_name, person_last_name, person_email_name) VALUES(260,3,'Robby','Tilte','rtilteqm@wordpress.org')
Insert into HOUSE_ADDRESS(house_address_id , house_address_line_one, house_address_line_two, house_address_zip_id) VALUES(260,'15171 Springs Circle','',256) 
INSERT INTO LIVING_SITUATION(living_situation_person_id,living_situation_house_address_id) VALUES(260,260)
INSERT INTO PERSON(person_id, person_gender_id, person_first_name, person_last_name, person_email_name) VALUES(261,7,'Ileane','Ingarfield','iingarfieldih@blog.com')
Insert into HOUSE_ADDRESS(house_address_id , house_address_line_one, house_address_line_two, house_address_zip_id) VALUES(261,'1917 Menomonie Plaza','',256) 
INSERT INTO LIVING_SITUATION(living_situation_person_id,living_situation_house_address_id) VALUES(261,261)
INSERT INTO PERSON(person_id, person_gender_id, person_first_name, person_last_name, person_email_name) VALUES(262,1,'Dinny','Stummeyer','dstummeyerrk@wired.com')
Insert into HOUSE_ADDRESS(house_address_id , house_address_line_one, house_address_line_two, house_address_zip_id) VALUES(262,'27881 Graceland Lane','',255) 
INSERT INTO LIVING_SITUATION(living_situation_person_id,living_situation_house_address_id) VALUES(262,262)
INSERT INTO PERSON(person_id, person_gender_id, person_first_name, person_last_name, person_email_name) VALUES(263,4,'Phillipp','Weddeburn - Scrimgeour','pweddeburnscrimgeourb0@engadget.com')
Insert into HOUSE_ADDRESS(house_address_id , house_address_line_one, house_address_line_two, house_address_zip_id) VALUES(263,'446 Brentwood Circle','',255) 
INSERT INTO LIVING_SITUATION(living_situation_person_id,living_situation_house_address_id) VALUES(263,263)
INSERT INTO PERSON(person_id, person_gender_id, person_first_name, person_last_name, person_email_name) VALUES(264,8,'Desiree','Quaif','dquaifpl@thetimes.co.uk')
Insert into HOUSE_ADDRESS(house_address_id , house_address_line_one, house_address_line_two, house_address_zip_id) VALUES(264,'77077 Shasta Parkway','',257) 
INSERT INTO LIVING_SITUATION(living_situation_person_id,living_situation_house_address_id) VALUES(264,264)
INSERT INTO PERSON(person_id, person_gender_id, person_first_name, person_last_name, person_email_name) VALUES(265,4,'Shurlocke','Ealam','sealamhx@slideshare.net')
Insert into HOUSE_ADDRESS(house_address_id , house_address_line_one, house_address_line_two, house_address_zip_id) VALUES(265,'9605 Sutherland Road','',257) 
INSERT INTO LIVING_SITUATION(living_situation_person_id,living_situation_house_address_id) VALUES(265,265)
INSERT INTO PERSON(person_id, person_gender_id, person_first_name, person_last_name, person_email_name) VALUES(266,8,'Michael','Stonbridge','mstonbridgea@guardian.co.uk')
Insert into HOUSE_ADDRESS(house_address_id , house_address_line_one, house_address_line_two, house_address_zip_id) VALUES(266,'9807 Kedzie Crossing','',257) 
INSERT INTO LIVING_SITUATION(living_situation_person_id,living_situation_house_address_id) VALUES(266,266)
INSERT INTO PERSON(person_id, person_gender_id, person_first_name, person_last_name, person_email_name) VALUES(267,7,'Hi','Divill','hdivillcy@psu.edu')
Insert into HOUSE_ADDRESS(house_address_id , house_address_line_one, house_address_line_two, house_address_zip_id) VALUES(267,'5 Crownhardt Street','',258) 
INSERT INTO LIVING_SITUATION(living_situation_person_id,living_situation_house_address_id) VALUES(267,267)
INSERT INTO PERSON(person_id, person_gender_id, person_first_name, person_last_name, person_email_name) VALUES(268,9,'Albina','Redier','aredierfm@elegantthemes.com')
Insert into HOUSE_ADDRESS(house_address_id , house_address_line_one, house_address_line_two, house_address_zip_id) VALUES(268,'5766 Arrowood Drive','',256) 
INSERT INTO LIVING_SITUATION(living_situation_person_id,living_situation_house_address_id) VALUES(268,268)
INSERT INTO PERSON(person_id, person_gender_id, person_first_name, person_last_name, person_email_name) VALUES(269,8,'Bernardo','Crimpe','bcrimpe4z@msu.edu')
Insert into HOUSE_ADDRESS(house_address_id , house_address_line_one, house_address_line_two, house_address_zip_id) VALUES(269,'604 Butternut Alley','',257) 
INSERT INTO LIVING_SITUATION(living_situation_person_id,living_situation_house_address_id) VALUES(269,269)
INSERT INTO PERSON(person_id, person_gender_id, person_first_name, person_last_name, person_email_name) VALUES(270,9,'Clayborne','Goodlip','cgoodlipk@g.co')
Insert into HOUSE_ADDRESS(house_address_id , house_address_line_one, house_address_line_two, house_address_zip_id) VALUES(270,'8295 Beilfuss Trail','',255) 
INSERT INTO LIVING_SITUATION(living_situation_person_id,living_situation_house_address_id) VALUES(270,270)
INSERT INTO PERSON(person_id, person_gender_id, person_first_name, person_last_name, person_email_name) VALUES(271,8,'Rutger','Tippings','rtippings23@printfriendly.com')
Insert into HOUSE_ADDRESS(house_address_id , house_address_line_one, house_address_line_two, house_address_zip_id) VALUES(271,'2 Sycamore Parkway','',257) 
INSERT INTO LIVING_SITUATION(living_situation_person_id,living_situation_house_address_id) VALUES(271,271)
INSERT INTO PERSON(person_id, person_gender_id, person_first_name, person_last_name, person_email_name) VALUES(272,3,'Ealasaid','Prenty','eprentyqd@yelp.com')
Insert into zip(zip_id, zip_code, zip_city, zip_state)Values (272,'16534','Erie','Pennsylvania')
Insert into HOUSE_ADDRESS(house_address_id , house_address_line_one, house_address_line_two, house_address_zip_id) VALUES(272,'62007 7th Junction','',272) 
INSERT INTO LIVING_SITUATION(living_situation_person_id,living_situation_house_address_id) VALUES(272,272)
INSERT INTO PERSON(person_id, person_gender_id, person_first_name, person_last_name, person_email_name) VALUES(273,2,'Lira','Jessett','ljessett1y@mozilla.com')
Insert into HOUSE_ADDRESS(house_address_id , house_address_line_one, house_address_line_two, house_address_zip_id) VALUES(273,'7410 Shopko Avenue','',255) 
INSERT INTO LIVING_SITUATION(living_situation_person_id,living_situation_house_address_id) VALUES(273,273)
INSERT INTO PERSON(person_id, person_gender_id, person_first_name, person_last_name, person_email_name) VALUES(274,8,'Karolina','Richardes','krichardesq4@imdb.com')
Insert into HOUSE_ADDRESS(house_address_id , house_address_line_one, house_address_line_two, house_address_zip_id) VALUES(274,'84 Ludington Hill','',255) 
INSERT INTO LIVING_SITUATION(living_situation_person_id,living_situation_house_address_id) VALUES(274,274)
INSERT INTO PERSON(person_id, person_gender_id, person_first_name, person_last_name, person_email_name) VALUES(275,1,'Emelita','Santon','esantonm9@unc.edu')
Insert into HOUSE_ADDRESS(house_address_id , house_address_line_one, house_address_line_two, house_address_zip_id) VALUES(275,'1 Columbus Plaza','',255) 
INSERT INTO LIVING_SITUATION(living_situation_person_id,living_situation_house_address_id) VALUES(275,275)
INSERT INTO PERSON(person_id, person_gender_id, person_first_name, person_last_name, person_email_name) VALUES(276,3,'Tedda','Swenson','tswensonh0@google.com.br')
Insert into HOUSE_ADDRESS(house_address_id , house_address_line_one, house_address_line_two, house_address_zip_id) VALUES(276,'31 Gina Junction','',259) 
INSERT INTO LIVING_SITUATION(living_situation_person_id,living_situation_house_address_id) VALUES(276,276)
INSERT INTO PERSON(person_id, person_gender_id, person_first_name, person_last_name, person_email_name) VALUES(277,7,'Jeniece','Keele','jkeelekm@histats.com')
Insert into HOUSE_ADDRESS(house_address_id , house_address_line_one, house_address_line_two, house_address_zip_id) VALUES(277,'85 Bashford Lane','',272) 
INSERT INTO LIVING_SITUATION(living_situation_person_id,living_situation_house_address_id) VALUES(277,277)
INSERT INTO PERSON(person_id, person_gender_id, person_first_name, person_last_name, person_email_name) VALUES(278,9,'Natassia','Huzzay','nhuzzayrl@scribd.com')
Insert into HOUSE_ADDRESS(house_address_id , house_address_line_one, house_address_line_two, house_address_zip_id) VALUES(278,'94 Spaight Plaza','',258) 
INSERT INTO LIVING_SITUATION(living_situation_person_id,living_situation_house_address_id) VALUES(278,278)
INSERT INTO PERSON(person_id, person_gender_id, person_first_name, person_last_name, person_email_name) VALUES(279,8,'Bar','Heinz','bheinzig@wikimedia.org')
Insert into HOUSE_ADDRESS(house_address_id , house_address_line_one, house_address_line_two, house_address_zip_id) VALUES(279,'0278 Fisk Place','',272) 
INSERT INTO LIVING_SITUATION(living_situation_person_id,living_situation_house_address_id) VALUES(279,279)
INSERT INTO PERSON(person_id, person_gender_id, person_first_name, person_last_name, person_email_name) VALUES(280,8,'Penrod','Stonuary','pstonuary4g@sitemeter.com')
Insert into HOUSE_ADDRESS(house_address_id , house_address_line_one, house_address_line_two, house_address_zip_id) VALUES(280,'07522 Grim Park','',272) 
INSERT INTO LIVING_SITUATION(living_situation_person_id,living_situation_house_address_id) VALUES(280,280)
INSERT INTO PERSON(person_id, person_gender_id, person_first_name, person_last_name, person_email_name) VALUES(281,0,'Cchaddie','Pople','cpople7e@blinklist.com')
Insert into HOUSE_ADDRESS(house_address_id , house_address_line_one, house_address_line_two, house_address_zip_id) VALUES(281,'5 Bunting Park','',258) 
INSERT INTO LIVING_SITUATION(living_situation_person_id,living_situation_house_address_id) VALUES(281,281)
INSERT INTO PERSON(person_id, person_gender_id, person_first_name, person_last_name, person_email_name) VALUES(282,9,'Cary','Josephov','cjosephovde@fotki.com')
Insert into zip(zip_id, zip_code, zip_city, zip_state)Values (282,'16505','Erie','Pennsylvania')
Insert into HOUSE_ADDRESS(house_address_id , house_address_line_one, house_address_line_two, house_address_zip_id) VALUES(282,'50 Canary Pass','',282) 
INSERT INTO LIVING_SITUATION(living_situation_person_id,living_situation_house_address_id) VALUES(282,282)
INSERT INTO PERSON(person_id, person_gender_id, person_first_name, person_last_name, person_email_name) VALUES(283,4,'Jonell','Whild','jwhild4b@chronoengine.com')
Insert into HOUSE_ADDRESS(house_address_id , house_address_line_one, house_address_line_two, house_address_zip_id) VALUES(283,'6 Lukken Hill','',257) 
INSERT INTO LIVING_SITUATION(living_situation_person_id,living_situation_house_address_id) VALUES(283,283)
INSERT INTO PERSON(person_id, person_gender_id, person_first_name, person_last_name, person_email_name) VALUES(284,0,'Maximilien','Carlo','mcarlor3@ucoz.com')
Insert into HOUSE_ADDRESS(house_address_id , house_address_line_one, house_address_line_two, house_address_zip_id) VALUES(284,'5 Muir Lane','',259) 
INSERT INTO LIVING_SITUATION(living_situation_person_id,living_situation_house_address_id) VALUES(284,284)
INSERT INTO PERSON(person_id, person_gender_id, person_first_name, person_last_name, person_email_name) VALUES(285,9,'Millisent','Denyer','mdenyeri5@umich.edu')
Insert into zip(zip_id, zip_code, zip_city, zip_state)Values (285,'8922','New Brunswick','New Jersey')
Insert into HOUSE_ADDRESS(house_address_id , house_address_line_one, house_address_line_two, house_address_zip_id) VALUES(285,'1884 American Ash Junction','',285) 
INSERT INTO LIVING_SITUATION(living_situation_person_id,living_situation_house_address_id) VALUES(285,285)
INSERT INTO PERSON(person_id, person_gender_id, person_first_name, person_last_name, person_email_name) VALUES(286,3,'Stinky','Cowdery','scowderycg@mtv.com')
Insert into HOUSE_ADDRESS(house_address_id , house_address_line_one, house_address_line_two, house_address_zip_id) VALUES(286,'021 Waubesa Crossing','',285) 
INSERT INTO LIVING_SITUATION(living_situation_person_id,living_situation_house_address_id) VALUES(286,286)
INSERT INTO PERSON(person_id, person_gender_id, person_first_name, person_last_name, person_email_name) VALUES(287,8,'Tucky','Barriball','tbarriballmj@nytimes.com')
Insert into HOUSE_ADDRESS(house_address_id , house_address_line_one, house_address_line_two, house_address_zip_id) VALUES(287,'90164 West Park','',285) 
INSERT INTO LIVING_SITUATION(living_situation_person_id,living_situation_house_address_id) VALUES(287,287)
INSERT INTO PERSON(person_id, person_gender_id, person_first_name, person_last_name, person_email_name) VALUES(288,1,'Inga','Satchell','isatchellah@bloglines.com')
Insert into HOUSE_ADDRESS(house_address_id , house_address_line_one, house_address_line_two, house_address_zip_id) VALUES(288,'7 Basil Lane','',285) 
INSERT INTO LIVING_SITUATION(living_situation_person_id,living_situation_house_address_id) VALUES(288,288)
INSERT INTO PERSON(person_id, person_gender_id, person_first_name, person_last_name, person_email_name) VALUES(289,0,'Connie','Bodesson','cbodesson7y@opensource.org')
Insert into zip(zip_id, zip_code, zip_city, zip_state)Values (289,'7305','Jersey City','New Jersey')
Insert into HOUSE_ADDRESS(house_address_id , house_address_line_one, house_address_line_two, house_address_zip_id) VALUES(289,'0 Pennsylvania Junction','',289) 
INSERT INTO LIVING_SITUATION(living_situation_person_id,living_situation_house_address_id) VALUES(289,289)
INSERT INTO PERSON(person_id, person_gender_id, person_first_name, person_last_name, person_email_name) VALUES(290,7,'Dave','Cudbird','dcudbirdi4@nymag.com')
Insert into zip(zip_id, zip_code, zip_city, zip_state)Values (290,'7310','Jersey City','New Jersey')
Insert into HOUSE_ADDRESS(house_address_id , house_address_line_one, house_address_line_two, house_address_zip_id) VALUES(290,'297 Brown Junction','',290) 
INSERT INTO LIVING_SITUATION(living_situation_person_id,living_situation_house_address_id) VALUES(290,290)
INSERT INTO PERSON(person_id, person_gender_id, person_first_name, person_last_name, person_email_name) VALUES(291,0,'Graehme','Harbor','gharborz@elpais.com')
Insert into HOUSE_ADDRESS(house_address_id , house_address_line_one, house_address_line_two, house_address_zip_id) VALUES(291,'9631 Sherman Alley','',290) 
INSERT INTO LIVING_SITUATION(living_situation_person_id,living_situation_house_address_id) VALUES(291,291)
INSERT INTO PERSON(person_id, person_gender_id, person_first_name, person_last_name, person_email_name) VALUES(292,0,'Marleah','Picknett','mpicknettob@npr.org')
Insert into HOUSE_ADDRESS(house_address_id , house_address_line_one, house_address_line_two, house_address_zip_id) VALUES(292,'306 Reinke Avenue','',289) 
INSERT INTO LIVING_SITUATION(living_situation_person_id,living_situation_house_address_id) VALUES(292,292)
INSERT INTO PERSON(person_id, person_gender_id, person_first_name, person_last_name, person_email_name) VALUES(293,3,'Howey','Roof','hroofdp@typepad.com')
Insert into HOUSE_ADDRESS(house_address_id , house_address_line_one, house_address_line_two, house_address_zip_id) VALUES(293,'8554 Oneill Lane','',289) 
INSERT INTO LIVING_SITUATION(living_situation_person_id,living_situation_house_address_id) VALUES(293,293)
INSERT INTO PERSON(person_id, person_gender_id, person_first_name, person_last_name, person_email_name) VALUES(294,2,'Pietro','Peckham','ppeckhampt@wix.com')
Insert into HOUSE_ADDRESS(house_address_id , house_address_line_one, house_address_line_two, house_address_zip_id) VALUES(294,'5 Fallview Pass','',289) 
INSERT INTO LIVING_SITUATION(living_situation_person_id,living_situation_house_address_id) VALUES(294,294)
INSERT INTO PERSON(person_id, person_gender_id, person_first_name, person_last_name, person_email_name) VALUES(295,8,'Melodie','Georgeot','mgeorgeot6m@issuu.com')
Insert into HOUSE_ADDRESS(house_address_id , house_address_line_one, house_address_line_two, house_address_zip_id) VALUES(295,'65 Maywood Road','',289) 
INSERT INTO LIVING_SITUATION(living_situation_person_id,living_situation_house_address_id) VALUES(295,295)
INSERT INTO PERSON(person_id, person_gender_id, person_first_name, person_last_name, person_email_name) VALUES(296,1,'Linda','MacDuff','lmacduffpb@businessweek.com')
Insert into zip(zip_id, zip_code, zip_city, zip_state)Values (296,'7208','Elizabeth','New Jersey')
Insert into HOUSE_ADDRESS(house_address_id , house_address_line_one, house_address_line_two, house_address_zip_id) VALUES(296,'28 Charing Cross Place','',296) 
INSERT INTO LIVING_SITUATION(living_situation_person_id,living_situation_house_address_id) VALUES(296,296)
INSERT INTO PERSON(person_id, person_gender_id, person_first_name, person_last_name, person_email_name) VALUES(297,3,'Tomasine','Brave','tbravemf@sbwire.com')
Insert into HOUSE_ADDRESS(house_address_id , house_address_line_one, house_address_line_two, house_address_zip_id) VALUES(297,'21569 Delladonna Park','',296) 
INSERT INTO LIVING_SITUATION(living_situation_person_id,living_situation_house_address_id) VALUES(297,297)
INSERT INTO PERSON(person_id, person_gender_id, person_first_name, person_last_name, person_email_name) VALUES(298,1,'Morley','Gush','mgushes@unc.edu')
Insert into HOUSE_ADDRESS(house_address_id , house_address_line_one, house_address_line_two, house_address_zip_id) VALUES(298,'978 Butternut Street','',296) 
INSERT INTO LIVING_SITUATION(living_situation_person_id,living_situation_house_address_id) VALUES(298,298)
INSERT INTO PERSON(person_id, person_gender_id, person_first_name, person_last_name, person_email_name) VALUES(299,2,'Marylou','Ipgrave','mipgrave1v@google.com.hk')
Insert into HOUSE_ADDRESS(house_address_id , house_address_line_one, house_address_line_two, house_address_zip_id) VALUES(299,'9984 Sloan Avenue','',296) 
INSERT INTO LIVING_SITUATION(living_situation_person_id,living_situation_house_address_id) VALUES(299,299)
INSERT INTO PERSON(person_id, person_gender_id, person_first_name, person_last_name, person_email_name) VALUES(300,2,'Rena','Hammersley','rhammersleymg@naver.com')
Insert into HOUSE_ADDRESS(house_address_id , house_address_line_one, house_address_line_two, house_address_zip_id) VALUES(300,'167 Reinke Place','',296) 
INSERT INTO LIVING_SITUATION(living_situation_person_id,living_situation_house_address_id) VALUES(300,300)
INSERT INTO PERSON(person_id, person_gender_id, person_first_name, person_last_name, person_email_name) VALUES(301,4,'Madge','Axup','maxupfo@clickbank.net')
Insert into zip(zip_id, zip_code, zip_city, zip_state)Values (301,'7505','Paterson','New Jersey')
Insert into HOUSE_ADDRESS(house_address_id , house_address_line_one, house_address_line_two, house_address_zip_id) VALUES(301,'98206 Gateway Parkway','',301) 
INSERT INTO LIVING_SITUATION(living_situation_person_id,living_situation_house_address_id) VALUES(301,301)
INSERT INTO PERSON(person_id, person_gender_id, person_first_name, person_last_name, person_email_name) VALUES(302,9,'Farra','Batiste','fbatistejx@illinois.edu')
Insert into zip(zip_id, zip_code, zip_city, zip_state)Values (302,'7522','Paterson','New Jersey')
Insert into HOUSE_ADDRESS(house_address_id , house_address_line_one, house_address_line_two, house_address_zip_id) VALUES(302,'66 Burning Wood Road','',302) 
INSERT INTO LIVING_SITUATION(living_situation_person_id,living_situation_house_address_id) VALUES(302,302)
INSERT INTO PERSON(person_id, person_gender_id, person_first_name, person_last_name, person_email_name) VALUES(303,0,'Lauree','Baynton','lbayntonhd@devhub.com')
Insert into HOUSE_ADDRESS(house_address_id , house_address_line_one, house_address_line_two, house_address_zip_id) VALUES(303,'62 Jenifer Crossing','',301) 
INSERT INTO LIVING_SITUATION(living_situation_person_id,living_situation_house_address_id) VALUES(303,303)
INSERT INTO PERSON(person_id, person_gender_id, person_first_name, person_last_name, person_email_name) VALUES(304,9,'Lewiss','Cardinale','lcardinale62@prweb.com')
Insert into zip(zip_id, zip_code, zip_city, zip_state)Values (304,'7544','Paterson','New Jersey')
Insert into HOUSE_ADDRESS(house_address_id , house_address_line_one, house_address_line_two, house_address_zip_id) VALUES(304,'9599 Harbort Avenue','',304) 
INSERT INTO LIVING_SITUATION(living_situation_person_id,living_situation_house_address_id) VALUES(304,304)
INSERT INTO PERSON(person_id, person_gender_id, person_first_name, person_last_name, person_email_name) VALUES(305,4,'Ernestine','McRonald','emcronalda7@ftc.gov')
Insert into HOUSE_ADDRESS(house_address_id , house_address_line_one, house_address_line_two, house_address_zip_id) VALUES(305,'973 Pine View Place','',302) 
INSERT INTO LIVING_SITUATION(living_situation_person_id,living_situation_house_address_id) VALUES(305,305)
INSERT INTO PERSON(person_id, person_gender_id, person_first_name, person_last_name, person_email_name) VALUES(306,1,'Marthena','Dron','mdronlg@unesco.org')
Insert into HOUSE_ADDRESS(house_address_id , house_address_line_one, house_address_line_two, house_address_zip_id) VALUES(306,'0 Sycamore Avenue','',301) 
INSERT INTO LIVING_SITUATION(living_situation_person_id,living_situation_house_address_id) VALUES(306,306)
INSERT INTO PERSON(person_id, person_gender_id, person_first_name, person_last_name, person_email_name) VALUES(307,1,'Elmo','Quick','equick75@slideshare.net')
Insert into HOUSE_ADDRESS(house_address_id , house_address_line_one, house_address_line_two, house_address_zip_id) VALUES(307,'33 Waubesa Street','',302) 
INSERT INTO LIVING_SITUATION(living_situation_person_id,living_situation_house_address_id) VALUES(307,307)
INSERT INTO PERSON(person_id, person_gender_id, person_first_name, person_last_name, person_email_name) VALUES(308,8,'Aeriel','Chilton','achiltondm@amazon.co.jp')
Insert into HOUSE_ADDRESS(house_address_id , house_address_line_one, house_address_line_two, house_address_zip_id) VALUES(308,'333 Corry Parkway','',301) 
INSERT INTO LIVING_SITUATION(living_situation_person_id,living_situation_house_address_id) VALUES(308,308)
INSERT INTO PERSON(person_id, person_gender_id, person_first_name, person_last_name, person_email_name) VALUES(309,4,'Dinny','Placide','dplacide87@theglobeandmail.com')
Insert into HOUSE_ADDRESS(house_address_id , house_address_line_one, house_address_line_two, house_address_zip_id) VALUES(309,'60 Oakridge Place','',302) 
INSERT INTO LIVING_SITUATION(living_situation_person_id,living_situation_house_address_id) VALUES(309,309)
INSERT INTO PERSON(person_id, person_gender_id, person_first_name, person_last_name, person_email_name) VALUES(310,8,'Mirna','Gorham','mgorhamjn@ocn.ne.jp')
Insert into HOUSE_ADDRESS(house_address_id , house_address_line_one, house_address_line_two, house_address_zip_id) VALUES(310,'283 Dennis Point','',301) 
INSERT INTO LIVING_SITUATION(living_situation_person_id,living_situation_house_address_id) VALUES(310,310)
INSERT INTO PERSON(person_id, person_gender_id, person_first_name, person_last_name, person_email_name) VALUES(311,3,'Faulkner','Stoyle','fstoyle51@upenn.edu')
Insert into HOUSE_ADDRESS(house_address_id , house_address_line_one, house_address_line_two, house_address_zip_id) VALUES(311,'3 Dunning Circle','',304) 
INSERT INTO LIVING_SITUATION(living_situation_person_id,living_situation_house_address_id) VALUES(311,311)
INSERT INTO PERSON(person_id, person_gender_id, person_first_name, person_last_name, person_email_name) VALUES(312,1,'Ellyn','MacDougal','emacdougalku@archive.org')
Insert into HOUSE_ADDRESS(house_address_id , house_address_line_one, house_address_line_two, house_address_zip_id) VALUES(312,'9 Waywood Place','',302) 
INSERT INTO LIVING_SITUATION(living_situation_person_id,living_situation_house_address_id) VALUES(312,312)
INSERT INTO PERSON(person_id, person_gender_id, person_first_name, person_last_name, person_email_name) VALUES(313,0,'Dylan','Rosendale','drosendaleij@tripadvisor.com')
Insert into HOUSE_ADDRESS(house_address_id , house_address_line_one, house_address_line_two, house_address_zip_id) VALUES(313,'706 3rd Lane','',301) 
INSERT INTO LIVING_SITUATION(living_situation_person_id,living_situation_house_address_id) VALUES(313,313)
INSERT INTO PERSON(person_id, person_gender_id, person_first_name, person_last_name, person_email_name) VALUES(314,2,'Vannie','Clows','vclows3p@aboutads.info')
Insert into HOUSE_ADDRESS(house_address_id , house_address_line_one, house_address_line_two, house_address_zip_id) VALUES(314,'6 Cody Pass','',302) 
INSERT INTO LIVING_SITUATION(living_situation_person_id,living_situation_house_address_id) VALUES(314,314)
INSERT INTO PERSON(person_id, person_gender_id, person_first_name, person_last_name, person_email_name) VALUES(315,3,'Miranda','Besnardeau','mbesnardeauei@fc2.com')
Insert into zip(zip_id, zip_code, zip_city, zip_state)Values (315,'8695','Trenton','New Jersey')
Insert into HOUSE_ADDRESS(house_address_id , house_address_line_one, house_address_line_two, house_address_zip_id) VALUES(315,'15 American Ash Terrace','',315) 
INSERT INTO LIVING_SITUATION(living_situation_person_id,living_situation_house_address_id) VALUES(315,315)
INSERT INTO PERSON(person_id, person_gender_id, person_first_name, person_last_name, person_email_name) VALUES(316,9,'Faun','Milthorpe','fmilthorpen5@google.com.br')
Insert into zip(zip_id, zip_code, zip_city, zip_state)Values (316,'8608','Trenton','New Jersey')
Insert into HOUSE_ADDRESS(house_address_id , house_address_line_one, house_address_line_two, house_address_zip_id) VALUES(316,'5745 Continental Avenue','',316) 
INSERT INTO LIVING_SITUATION(living_situation_person_id,living_situation_house_address_id) VALUES(316,316)
INSERT INTO PERSON(person_id, person_gender_id, person_first_name, person_last_name, person_email_name) VALUES(317,7,'Marabel','Bartalucci','mbartalucciq9@mozilla.com')
Insert into zip(zip_id, zip_code, zip_city, zip_state)Values (317,'8650','Trenton','New Jersey')
Insert into HOUSE_ADDRESS(house_address_id , house_address_line_one, house_address_line_two, house_address_zip_id) VALUES(317,'278 Armistice Junction','',317) 
INSERT INTO LIVING_SITUATION(living_situation_person_id,living_situation_house_address_id) VALUES(317,317)
INSERT INTO PERSON(person_id, person_gender_id, person_first_name, person_last_name, person_email_name) VALUES(318,7,'Gerianne','Birchenhead','gbirchenheadn1@chron.com')
Insert into zip(zip_id, zip_code, zip_city, zip_state)Values (318,'8619','Trenton','New Jersey')
Insert into HOUSE_ADDRESS(house_address_id , house_address_line_one, house_address_line_two, house_address_zip_id) VALUES(318,'03122 Trailsway Trail','',318) 
INSERT INTO LIVING_SITUATION(living_situation_person_id,living_situation_house_address_id) VALUES(318,318)
INSERT INTO PERSON(person_id, person_gender_id, person_first_name, person_last_name, person_email_name) VALUES(319,1,'Portie','Climo','pclimois@reddit.com')
Insert into zip(zip_id, zip_code, zip_city, zip_state)Values (319,'8603','Trenton','New Jersey')
Insert into HOUSE_ADDRESS(house_address_id , house_address_line_one, house_address_line_two, house_address_zip_id) VALUES(319,'67395 Artisan Terrace','',319) 
INSERT INTO LIVING_SITUATION(living_situation_person_id,living_situation_house_address_id) VALUES(319,319)
INSERT INTO PERSON(person_id, person_gender_id, person_first_name, person_last_name, person_email_name) VALUES(320,8,'Janaye','Burchfield','jburchfieldqj@google.it')
Insert into zip(zip_id, zip_code, zip_city, zip_state)Values (320,'8638','Trenton','New Jersey')
Insert into HOUSE_ADDRESS(house_address_id , house_address_line_one, house_address_line_two, house_address_zip_id) VALUES(320,'9637 Westridge Point','',320) 
INSERT INTO LIVING_SITUATION(living_situation_person_id,living_situation_house_address_id) VALUES(320,320)
INSERT INTO PERSON(person_id, person_gender_id, person_first_name, person_last_name, person_email_name) VALUES(321,3,'Val','Dugall','vdugall2q@dedecms.com')
Insert into HOUSE_ADDRESS(house_address_id , house_address_line_one, house_address_line_two, house_address_zip_id) VALUES(321,'3069 Clove Crossing','',318) 
INSERT INTO LIVING_SITUATION(living_situation_person_id,living_situation_house_address_id) VALUES(321,321)
INSERT INTO PERSON(person_id, person_gender_id, person_first_name, person_last_name, person_email_name) VALUES(322,0,'Martha','Juschka','mjuschkae1@ow.ly')
Insert into HOUSE_ADDRESS(house_address_id , house_address_line_one, house_address_line_two, house_address_zip_id) VALUES(322,'476 Macpherson Hill','',315) 
INSERT INTO LIVING_SITUATION(living_situation_person_id,living_situation_house_address_id) VALUES(322,322)
INSERT INTO PERSON(person_id, person_gender_id, person_first_name, person_last_name, person_email_name) VALUES(323,9,'Taryn','Romanski','tromanskiik@biblegateway.com')
Insert into HOUSE_ADDRESS(house_address_id , house_address_line_one, house_address_line_two, house_address_zip_id) VALUES(323,'790 Graceland Court','',316) 
INSERT INTO LIVING_SITUATION(living_situation_person_id,living_situation_house_address_id) VALUES(323,323)
INSERT INTO PERSON(person_id, person_gender_id, person_first_name, person_last_name, person_email_name) VALUES(324,1,'Zaria','Papworth','zpapworthr9@meetup.com')
Insert into HOUSE_ADDRESS(house_address_id , house_address_line_one, house_address_line_two, house_address_zip_id) VALUES(324,'12467 Graedel Hill','',316) 
INSERT INTO LIVING_SITUATION(living_situation_person_id,living_situation_house_address_id) VALUES(324,324)
INSERT INTO PERSON(person_id, person_gender_id, person_first_name, person_last_name, person_email_name) VALUES(325,1,'Trever','Gaskin','tgaskinjq@ucoz.ru')
Insert into HOUSE_ADDRESS(house_address_id , house_address_line_one, house_address_line_two, house_address_zip_id) VALUES(325,'30 Thierer Terrace','',317) 
INSERT INTO LIVING_SITUATION(living_situation_person_id,living_situation_house_address_id) VALUES(325,325)
INSERT INTO PERSON(person_id, person_gender_id, person_first_name, person_last_name, person_email_name) VALUES(326,3,'Angelica','Shewsmith','ashewsmithp3@yale.edu')
Insert into HOUSE_ADDRESS(house_address_id , house_address_line_one, house_address_line_two, house_address_zip_id) VALUES(326,'30608 Barby Avenue','',317) 
INSERT INTO LIVING_SITUATION(living_situation_person_id,living_situation_house_address_id) VALUES(326,326)
INSERT INTO PERSON(person_id, person_gender_id, person_first_name, person_last_name, person_email_name) VALUES(327,0,'Ofilia','Nassey','onasseybo@typepad.com')
Insert into HOUSE_ADDRESS(house_address_id , house_address_line_one, house_address_line_two, house_address_zip_id) VALUES(327,'51947 Amoth Street','',316) 
INSERT INTO LIVING_SITUATION(living_situation_person_id,living_situation_house_address_id) VALUES(327,327)
INSERT INTO PERSON(person_id, person_gender_id, person_first_name, person_last_name, person_email_name) VALUES(328,8,'Auberon','McComiskey','amccomiskey7n@youtube.com')
Insert into HOUSE_ADDRESS(house_address_id , house_address_line_one, house_address_line_two, house_address_zip_id) VALUES(328,'63 Hazelcrest Lane','',320) 
INSERT INTO LIVING_SITUATION(living_situation_person_id,living_situation_house_address_id) VALUES(328,328)
INSERT INTO PERSON(person_id, person_gender_id, person_first_name, person_last_name, person_email_name) VALUES(329,1,'Bernadene','Husbands','bhusbandsp6@vk.com')
Insert into HOUSE_ADDRESS(house_address_id , house_address_line_one, house_address_line_two, house_address_zip_id) VALUES(329,'9560 Waxwing Court','',317) 
INSERT INTO LIVING_SITUATION(living_situation_person_id,living_situation_house_address_id) VALUES(329,329)
INSERT INTO PERSON(person_id, person_gender_id, person_first_name, person_last_name, person_email_name) VALUES(330,1,'Pippy','Bartlosz','pbartloszjc@jimdo.com')
Insert into HOUSE_ADDRESS(house_address_id , house_address_line_one, house_address_line_two, house_address_zip_id) VALUES(330,'01 Tennyson Drive','',319) 
INSERT INTO LIVING_SITUATION(living_situation_person_id,living_situation_house_address_id) VALUES(330,330)
INSERT INTO PERSON(person_id, person_gender_id, person_first_name, person_last_name, person_email_name) VALUES(331,7,'Beulah','Alker','balkeri@imgur.com')
Insert into HOUSE_ADDRESS(house_address_id , house_address_line_one, house_address_line_two, house_address_zip_id) VALUES(331,'33 Monument Court','',320) 
INSERT INTO LIVING_SITUATION(living_situation_person_id,living_situation_house_address_id) VALUES(331,331)
INSERT INTO PERSON(person_id, person_gender_id, person_first_name, person_last_name, person_email_name) VALUES(332,8,'Bobette','Satterlee','bsatterleef7@smugmug.com')
Insert into HOUSE_ADDRESS(house_address_id , house_address_line_one, house_address_line_two, house_address_zip_id) VALUES(332,'67 Quincy Terrace','',319) 
INSERT INTO LIVING_SITUATION(living_situation_person_id,living_situation_house_address_id) VALUES(332,332)
INSERT INTO PERSON(person_id, person_gender_id, person_first_name, person_last_name, person_email_name) VALUES(333,3,'Stefano','Lawey','slaweyd1@blog.com')
Insert into HOUSE_ADDRESS(house_address_id , house_address_line_one, house_address_line_two, house_address_zip_id) VALUES(333,'033 Dennis Place','',318) 
INSERT INTO LIVING_SITUATION(living_situation_person_id,living_situation_house_address_id) VALUES(333,333)
INSERT INTO PERSON(person_id, person_gender_id, person_first_name, person_last_name, person_email_name) VALUES(334,9,'Stephannie','Coenraets','scoenraets89@earthlink.net')
Insert into HOUSE_ADDRESS(house_address_id , house_address_line_one, house_address_line_two, house_address_zip_id) VALUES(334,'3 Blackbird Lane','',319) 
INSERT INTO LIVING_SITUATION(living_situation_person_id,living_situation_house_address_id) VALUES(334,334)
INSERT INTO PERSON(person_id, person_gender_id, person_first_name, person_last_name, person_email_name) VALUES(335,8,'Wendell','Dominetti','wdominettif0@ebay.com')
Insert into HOUSE_ADDRESS(house_address_id , house_address_line_one, house_address_line_two, house_address_zip_id) VALUES(335,'6 Hooker Parkway','',317) 
INSERT INTO LIVING_SITUATION(living_situation_person_id,living_situation_house_address_id) VALUES(335,335)
INSERT INTO PERSON(person_id, person_gender_id, person_first_name, person_last_name, person_email_name) VALUES(336,8,'Augusto','Perrelle','aperrelleoq@samsung.com')
Insert into HOUSE_ADDRESS(house_address_id , house_address_line_one, house_address_line_two, house_address_zip_id) VALUES(336,'6289 4th Parkway','',316) 
INSERT INTO LIVING_SITUATION(living_situation_person_id,living_situation_house_address_id) VALUES(336,336)
INSERT INTO PERSON(person_id, person_gender_id, person_first_name, person_last_name, person_email_name) VALUES(337,3,'Miran','Gregoletti','mgregolettinl@usda.gov')
Insert into HOUSE_ADDRESS(house_address_id , house_address_line_one, house_address_line_two, house_address_zip_id) VALUES(337,'3663 Grim Alley','',318) 
INSERT INTO LIVING_SITUATION(living_situation_person_id,living_situation_house_address_id) VALUES(337,337)
INSERT INTO PERSON(person_id, person_gender_id, person_first_name, person_last_name, person_email_name) VALUES(338,0,'Erena','Reichardt','ereichardtf2@sourceforge.net')
Insert into HOUSE_ADDRESS(house_address_id , house_address_line_one, house_address_line_two, house_address_zip_id) VALUES(338,'3 Express Lane','',316) 
INSERT INTO LIVING_SITUATION(living_situation_person_id,living_situation_house_address_id) VALUES(338,338)
INSERT INTO PERSON(person_id, person_gender_id, person_first_name, person_last_name, person_email_name) VALUES(339,8,'Aldridge','Ozanne','aozannep5@gmpg.org')
Insert into HOUSE_ADDRESS(house_address_id , house_address_line_one, house_address_line_two, house_address_zip_id) VALUES(339,'455 Hagan Pass','',320) 
INSERT INTO LIVING_SITUATION(living_situation_person_id,living_situation_house_address_id) VALUES(339,339)
INSERT INTO PERSON(person_id, person_gender_id, person_first_name, person_last_name, person_email_name) VALUES(340,7,'Jayme','Aasaf','jaasafkt@unesco.org')
Insert into HOUSE_ADDRESS(house_address_id , house_address_line_one, house_address_line_two, house_address_zip_id) VALUES(340,'53 Sloan Point','',320) 
INSERT INTO LIVING_SITUATION(living_situation_person_id,living_situation_house_address_id) VALUES(340,340)
INSERT INTO PERSON(person_id, person_gender_id, person_first_name, person_last_name, person_email_name) VALUES(341,0,'Allison','MacCaghan','amaccaghanfn@ftc.gov')
Insert into HOUSE_ADDRESS(house_address_id , house_address_line_one, house_address_line_two, house_address_zip_id) VALUES(341,'6 Chinook Park','',316) 
INSERT INTO LIVING_SITUATION(living_situation_person_id,living_situation_house_address_id) VALUES(341,341)
INSERT INTO PERSON(person_id, person_gender_id, person_first_name, person_last_name, person_email_name) VALUES(342,4,'Allix','Batte','abatte72@friendfeed.com')
Insert into HOUSE_ADDRESS(house_address_id , house_address_line_one, house_address_line_two, house_address_zip_id) VALUES(342,'76 Helena Road','',318) 
INSERT INTO LIVING_SITUATION(living_situation_person_id,living_situation_house_address_id) VALUES(342,342)
INSERT INTO PERSON(person_id, person_gender_id, person_first_name, person_last_name, person_email_name) VALUES(343,2,'Shelia','Lovegrove','slovegrovepj@amazon.co.uk')
Insert into HOUSE_ADDRESS(house_address_id , house_address_line_one, house_address_line_two, house_address_zip_id) VALUES(343,'21 Hagan Road','',315) 
INSERT INTO LIVING_SITUATION(living_situation_person_id,living_situation_house_address_id) VALUES(343,343)
INSERT INTO PERSON(person_id, person_gender_id, person_first_name, person_last_name, person_email_name) VALUES(344,2,'Darla','Boldry','dboldryir@state.gov')
Insert into zip(zip_id, zip_code, zip_city, zip_state)Values (344,'7195','Newark','New Jersey')
Insert into HOUSE_ADDRESS(house_address_id , house_address_line_one, house_address_line_two, house_address_zip_id) VALUES(344,'490 Hollow Ridge Street','',344) 
INSERT INTO LIVING_SITUATION(living_situation_person_id,living_situation_house_address_id) VALUES(344,344)
INSERT INTO PERSON(person_id, person_gender_id, person_first_name, person_last_name, person_email_name) VALUES(345,7,'Georgi','Rosenwasser','grosenwasserkq@mtv.com')
Insert into zip(zip_id, zip_code, zip_city, zip_state)Values (345,'8104','Camden','New Jersey')
Insert into HOUSE_ADDRESS(house_address_id , house_address_line_one, house_address_line_two, house_address_zip_id) VALUES(345,'13 Doe Crossing Street','',345) 
INSERT INTO LIVING_SITUATION(living_situation_person_id,living_situation_house_address_id) VALUES(345,345)
INSERT INTO PERSON(person_id, person_gender_id, person_first_name, person_last_name, person_email_name) VALUES(346,9,'Robinett','Burchatt','rburchatto8@arizona.edu')
Insert into HOUSE_ADDRESS(house_address_id , house_address_line_one, house_address_line_two, house_address_zip_id) VALUES(346,'36895 Anderson Place','',344) 
INSERT INTO LIVING_SITUATION(living_situation_person_id,living_situation_house_address_id) VALUES(346,346)
INSERT INTO PERSON(person_id, person_gender_id, person_first_name, person_last_name, person_email_name) VALUES(347,0,'Lowe','Siemianowicz','lsiemianowiczi9@pen.io')
Insert into HOUSE_ADDRESS(house_address_id , house_address_line_one, house_address_line_two, house_address_zip_id) VALUES(347,'747 Superior Terrace','',344) 
INSERT INTO LIVING_SITUATION(living_situation_person_id,living_situation_house_address_id) VALUES(347,347)
INSERT INTO PERSON(person_id, person_gender_id, person_first_name, person_last_name, person_email_name) VALUES(348,9,'Creigh','Deluce','cdelucepr@comcast.net')
Insert into zip(zip_id, zip_code, zip_city, zip_state)Values (348,'7104','Newark','New Jersey')
Insert into HOUSE_ADDRESS(house_address_id , house_address_line_one, house_address_line_two, house_address_zip_id) VALUES(348,'09786 Maryland Park','',348) 
INSERT INTO LIVING_SITUATION(living_situation_person_id,living_situation_house_address_id) VALUES(348,348)
INSERT INTO PERSON(person_id, person_gender_id, person_first_name, person_last_name, person_email_name) VALUES(349,2,'Viv','Lambdon','vlambdonk4@auda.org.au')
Insert into HOUSE_ADDRESS(house_address_id , house_address_line_one, house_address_line_two, house_address_zip_id) VALUES(349,'506 Di Loreto Pass','',344) 
INSERT INTO LIVING_SITUATION(living_situation_person_id,living_situation_house_address_id) VALUES(349,349)
INSERT INTO PERSON(person_id, person_gender_id, person_first_name, person_last_name, person_email_name) VALUES(350,7,'Rudy','Authers','rauthersdh@ameblo.jp')
Insert into HOUSE_ADDRESS(house_address_id , house_address_line_one, house_address_line_two, house_address_zip_id) VALUES(350,'56209 Becker Alley','',344) 
INSERT INTO LIVING_SITUATION(living_situation_person_id,living_situation_house_address_id) VALUES(350,350)
INSERT INTO PERSON(person_id, person_gender_id, person_first_name, person_last_name, person_email_name) VALUES(351,3,'Ariel','Gagie','agagiegj@g.co')
Insert into HOUSE_ADDRESS(house_address_id , house_address_line_one, house_address_line_two, house_address_zip_id) VALUES(351,'6395 Talisman Lane','',345) 
INSERT INTO LIVING_SITUATION(living_situation_person_id,living_situation_house_address_id) VALUES(351,351)
INSERT INTO PERSON(person_id, person_gender_id, person_first_name, person_last_name, person_email_name) VALUES(352,4,'Rosanna','Twinbourne','rtwinbournem2@etsy.com')
Insert into zip(zip_id, zip_code, zip_city, zip_state)Values (352,'7112','Newark','New Jersey')
Insert into HOUSE_ADDRESS(house_address_id , house_address_line_one, house_address_line_two, house_address_zip_id) VALUES(352,'682 Scoville Place','',352) 
INSERT INTO LIVING_SITUATION(living_situation_person_id,living_situation_house_address_id) VALUES(352,352)
INSERT INTO PERSON(person_id, person_gender_id, person_first_name, person_last_name, person_email_name) VALUES(353,7,'Leonidas','Wellbeloved','lwellbeloved9k@army.mil')
Insert into HOUSE_ADDRESS(house_address_id , house_address_line_one, house_address_line_two, house_address_zip_id) VALUES(353,'8702 Garrison Park','',348) 
INSERT INTO LIVING_SITUATION(living_situation_person_id,living_situation_house_address_id) VALUES(353,353)
INSERT INTO PERSON(person_id, person_gender_id, person_first_name, person_last_name, person_email_name) VALUES(354,3,'Jennica','Brumhead','jbrumheadok@sohu.com')
Insert into zip(zip_id, zip_code, zip_city, zip_state)Values (354,'7188','Newark','New Jersey')
Insert into HOUSE_ADDRESS(house_address_id , house_address_line_one, house_address_line_two, house_address_zip_id) VALUES(354,'9 Sycamore Terrace','',354) 
INSERT INTO LIVING_SITUATION(living_situation_person_id,living_situation_house_address_id) VALUES(354,354)
INSERT INTO PERSON(person_id, person_gender_id, person_first_name, person_last_name, person_email_name) VALUES(355,3,'Milton','Corre','mcorre7q@tuttocitta.it')
Insert into HOUSE_ADDRESS(house_address_id , house_address_line_one, house_address_line_two, house_address_zip_id) VALUES(355,'02 Hoffman Circle','',344) 
INSERT INTO LIVING_SITUATION(living_situation_person_id,living_situation_house_address_id) VALUES(355,355)
INSERT INTO PERSON(person_id, person_gender_id, person_first_name, person_last_name, person_email_name) VALUES(356,2,'Bathsheba','Clausewitz','bclausewitzdr@feedburner.com')
Insert into HOUSE_ADDRESS(house_address_id , house_address_line_one, house_address_line_two, house_address_zip_id) VALUES(356,'2 Comanche Street','',352) 
INSERT INTO LIVING_SITUATION(living_situation_person_id,living_situation_house_address_id) VALUES(356,356)
INSERT INTO PERSON(person_id, person_gender_id, person_first_name, person_last_name, person_email_name) VALUES(357,1,'Samson','Toke','stoke5k@time.com')
Insert into HOUSE_ADDRESS(house_address_id , house_address_line_one, house_address_line_two, house_address_zip_id) VALUES(357,'5 Butternut Place','',354) 
INSERT INTO LIVING_SITUATION(living_situation_person_id,living_situation_house_address_id) VALUES(357,357)
INSERT INTO PERSON(person_id, person_gender_id, person_first_name, person_last_name, person_email_name) VALUES(358,9,'Carrie','Esmond','cesmonda1@thetimes.co.uk')
Insert into HOUSE_ADDRESS(house_address_id , house_address_line_one, house_address_line_two, house_address_zip_id) VALUES(358,'528 Ruskin Circle','',345) 
INSERT INTO LIVING_SITUATION(living_situation_person_id,living_situation_house_address_id) VALUES(358,358)
INSERT INTO PERSON(person_id, person_gender_id, person_first_name, person_last_name, person_email_name) VALUES(359,3,'Danella','Labb','dlabbct@goodreads.com')
Insert into HOUSE_ADDRESS(house_address_id , house_address_line_one, house_address_line_two, house_address_zip_id) VALUES(359,'7255 Rowland Pass','',348) 
INSERT INTO LIVING_SITUATION(living_situation_person_id,living_situation_house_address_id) VALUES(359,359)
INSERT INTO PERSON(person_id, person_gender_id, person_first_name, person_last_name, person_email_name) VALUES(360,1,'Marion','Bearfoot','mbearfootii@dion.ne.jp')
Insert into HOUSE_ADDRESS(house_address_id , house_address_line_one, house_address_line_two, house_address_zip_id) VALUES(360,'9514 Dawn Parkway','',345) 
INSERT INTO LIVING_SITUATION(living_situation_person_id,living_situation_house_address_id) VALUES(360,360)
INSERT INTO PERSON(person_id, person_gender_id, person_first_name, person_last_name, person_email_name) VALUES(361,8,'Bibi','Gawthrope','bgawthropehc@list-manage.com')
Insert into HOUSE_ADDRESS(house_address_id , house_address_line_one, house_address_line_two, house_address_zip_id) VALUES(361,'286 Sherman Road','',354) 
INSERT INTO LIVING_SITUATION(living_situation_person_id,living_situation_house_address_id) VALUES(361,361)
INSERT INTO PERSON(person_id, person_gender_id, person_first_name, person_last_name, person_email_name) VALUES(362,1,'Sigismondo','Klinck','sklinckgb@addthis.com')
Insert into HOUSE_ADDRESS(house_address_id , house_address_line_one, house_address_line_two, house_address_zip_id) VALUES(362,'309 Manley Drive','',345) 
INSERT INTO LIVING_SITUATION(living_situation_person_id,living_situation_house_address_id) VALUES(362,362)
INSERT INTO PERSON(person_id, person_gender_id, person_first_name, person_last_name, person_email_name) VALUES(363,2,'Easter','Stuckey','estuckeyy@craigslist.org')
Insert into HOUSE_ADDRESS(house_address_id , house_address_line_one, house_address_line_two, house_address_zip_id) VALUES(363,'6 Sachtjen Trail','',352) 
INSERT INTO LIVING_SITUATION(living_situation_person_id,living_situation_house_address_id) VALUES(363,363)
INSERT INTO PERSON(person_id, person_gender_id, person_first_name, person_last_name, person_email_name) VALUES(364,3,'Parry','Montel','pmontelfs@blinklist.com')
Insert into HOUSE_ADDRESS(house_address_id , house_address_line_one, house_address_line_two, house_address_zip_id) VALUES(364,'3 Erie Junction','',354) 
INSERT INTO LIVING_SITUATION(living_situation_person_id,living_situation_house_address_id) VALUES(364,364)
INSERT INTO PERSON(person_id, person_gender_id, person_first_name, person_last_name, person_email_name) VALUES(365,2,'Ethelred','Geard','egeardhu@angelfire.com')
Insert into HOUSE_ADDRESS(house_address_id , house_address_line_one, house_address_line_two, house_address_zip_id) VALUES(365,'47 Oxford Alley','',348) 
INSERT INTO LIVING_SITUATION(living_situation_person_id,living_situation_house_address_id) VALUES(365,365)
INSERT INTO PERSON(person_id, person_gender_id, person_first_name, person_last_name, person_email_name) VALUES(366,4,'Fredek','Pandey','fpandey4r@posterous.com')
Insert into HOUSE_ADDRESS(house_address_id , house_address_line_one, house_address_line_two, house_address_zip_id) VALUES(366,'5 Loeprich Hill','',352) 
INSERT INTO LIVING_SITUATION(living_situation_person_id,living_situation_house_address_id) VALUES(366,366)
INSERT INTO PERSON(person_id, person_gender_id, person_first_name, person_last_name, person_email_name) VALUES(367,3,'Charity','Hedgecock','chedgecockrr@booking.com')
Insert into HOUSE_ADDRESS(house_address_id , house_address_line_one, house_address_line_two, house_address_zip_id) VALUES(367,'6 Badeau Street','',352) 
INSERT INTO LIVING_SITUATION(living_situation_person_id,living_situation_house_address_id) VALUES(367,367)
INSERT INTO PERSON(person_id, person_gender_id, person_first_name, person_last_name, person_email_name) VALUES(368,0,'Tomaso','Snape','tsnape93@whitehouse.gov')
Insert into HOUSE_ADDRESS(house_address_id , house_address_line_one, house_address_line_two, house_address_zip_id) VALUES(368,'81 Susan Circle','',354) 
INSERT INTO LIVING_SITUATION(living_situation_person_id,living_situation_house_address_id) VALUES(368,368)
INSERT INTO PERSON(person_id, person_gender_id, person_first_name, person_last_name, person_email_name) VALUES(369,3,'Filippo','Halfhide','fhalfhidej3@nsw.gov.au')
Insert into HOUSE_ADDRESS(house_address_id , house_address_line_one, house_address_line_two, house_address_zip_id) VALUES(369,'82 Susan Circle','',354) 
INSERT INTO LIVING_SITUATION(living_situation_person_id,living_situation_house_address_id) VALUES(369,369)
INSERT INTO PERSON(person_id, person_gender_id, person_first_name, person_last_name, person_email_name) VALUES(370,2,'Luisa','Whenman','lwhenman3t@vinaora.com')
Insert into HOUSE_ADDRESS(house_address_id , house_address_line_one, house_address_line_two, house_address_zip_id) VALUES(370,'83 Susan Circle','',354) 
INSERT INTO LIVING_SITUATION(living_situation_person_id,living_situation_house_address_id) VALUES(370,370)
INSERT INTO PERSON(person_id, person_gender_id, person_first_name, person_last_name, person_email_name) VALUES(371,1,'Geraldine','Dany','gdanyed@thetimes.co.uk')
Insert into HOUSE_ADDRESS(house_address_id , house_address_line_one, house_address_line_two, house_address_zip_id) VALUES(371,'84 Susan Circle','',354) 
INSERT INTO LIVING_SITUATION(living_situation_person_id,living_situation_house_address_id) VALUES(371,371)
INSERT INTO PERSON(person_id, person_gender_id, person_first_name, person_last_name, person_email_name) VALUES(372,3,'Gabriele','Helder','ghelderke@umn.edu')
Insert into HOUSE_ADDRESS(house_address_id , house_address_line_one, house_address_line_two, house_address_zip_id) VALUES(372,'85 Susan Circle','',354) 
INSERT INTO LIVING_SITUATION(living_situation_person_id,living_situation_house_address_id) VALUES(372,372)
INSERT INTO PERSON(person_id, person_gender_id, person_first_name, person_last_name, person_email_name) VALUES(373,9,'Natty','Huzzay','nhuzzayg8@infoseek.co.jp')
Insert into HOUSE_ADDRESS(house_address_id , house_address_line_one, house_address_line_two, house_address_zip_id) VALUES(373,'86 Susan Circle','',354) 
INSERT INTO LIVING_SITUATION(living_situation_person_id,living_situation_house_address_id) VALUES(373,373)
INSERT INTO PERSON(person_id, person_gender_id, person_first_name, person_last_name, person_email_name) VALUES(374,2,'Roby','Metcalf','rmetcalfi1@slideshare.net')
Insert into HOUSE_ADDRESS(house_address_id , house_address_line_one, house_address_line_two, house_address_zip_id) VALUES(374,'87 Susan Circle','',354) 
INSERT INTO LIVING_SITUATION(living_situation_person_id,living_situation_house_address_id) VALUES(374,374)
INSERT INTO PERSON(person_id, person_gender_id, person_first_name, person_last_name, person_email_name) VALUES(375,8,'Townsend','Tremoille','ttremoilleg@ucoz.ru')
Insert into HOUSE_ADDRESS(house_address_id , house_address_line_one, house_address_line_two, house_address_zip_id) VALUES(375,'88 Susan Circle','',354) 
INSERT INTO LIVING_SITUATION(living_situation_person_id,living_situation_house_address_id) VALUES(375,375)
INSERT INTO PERSON(person_id, person_gender_id, person_first_name, person_last_name, person_email_name) VALUES(376,4,'Marti','Braganca','mbragancah4@csmonitor.com')
Insert into HOUSE_ADDRESS(house_address_id , house_address_line_one, house_address_line_two, house_address_zip_id) VALUES(376,'89 Susan Circle','',354) 
INSERT INTO LIVING_SITUATION(living_situation_person_id,living_situation_house_address_id) VALUES(376,376)
INSERT INTO PERSON(person_id, person_gender_id, person_first_name, person_last_name, person_email_name) VALUES(377,8,'Meredeth','Castelow','mcastelowab@berkeley.edu')
Insert into HOUSE_ADDRESS(house_address_id , house_address_line_one, house_address_line_two, house_address_zip_id) VALUES(377,'90 Susan Circle','',354) 
INSERT INTO LIVING_SITUATION(living_situation_person_id,living_situation_house_address_id) VALUES(377,377)
INSERT INTO PERSON(person_id, person_gender_id, person_first_name, person_last_name, person_email_name) VALUES(378,8,'Shaine','Lynagh','slynaghil@chronoengine.com')
Insert into HOUSE_ADDRESS(house_address_id , house_address_line_one, house_address_line_two, house_address_zip_id) VALUES(378,'0 Algoma Point','',344) 
INSERT INTO LIVING_SITUATION(living_situation_person_id,living_situation_house_address_id) VALUES(378,378)
INSERT INTO PERSON(person_id, person_gender_id, person_first_name, person_last_name, person_email_name) VALUES(379,4,'Mikaela','Melbury','mmelburyji@chicagotribune.com')
Insert into HOUSE_ADDRESS(house_address_id , house_address_line_one, house_address_line_two, house_address_zip_id) VALUES(379,'3 Rigney Plaza','',352) 
INSERT INTO LIVING_SITUATION(living_situation_person_id,living_situation_house_address_id) VALUES(379,379)
INSERT INTO PERSON(person_id, person_gender_id, person_first_name, person_last_name, person_email_name) VALUES(380,9,'Codi','Lathan','clathand6@free.fr')
Insert into HOUSE_ADDRESS(house_address_id , house_address_line_one, house_address_line_two, house_address_zip_id) VALUES(380,'373 Sage Drive','',348) 
INSERT INTO LIVING_SITUATION(living_situation_person_id,living_situation_house_address_id) VALUES(380,380)
INSERT INTO PERSON(person_id, person_gender_id, person_first_name, person_last_name, person_email_name) VALUES(381,0,'Guillaume','Buggs','gbuggs4a@nationalgeographic.com')
Insert into HOUSE_ADDRESS(house_address_id , house_address_line_one, house_address_line_two, house_address_zip_id) VALUES(381,'7 Spohn Lane','',345) 
INSERT INTO LIVING_SITUATION(living_situation_person_id,living_situation_house_address_id) VALUES(381,381)
INSERT INTO PERSON(person_id, person_gender_id, person_first_name, person_last_name, person_email_name) VALUES(382,8,'Merrel','Umfrey','mumfreycp@infoseek.co.jp')
Insert into zip(zip_id, zip_code, zip_city, zip_state)Values (382,'11054','Port Washington','New York')
Insert into HOUSE_ADDRESS(house_address_id , house_address_line_one, house_address_line_two, house_address_zip_id) VALUES(382,'0780 American Ash Court','',382) 
INSERT INTO LIVING_SITUATION(living_situation_person_id,living_situation_house_address_id) VALUES(382,382)
INSERT INTO PERSON(person_id, person_gender_id, person_first_name, person_last_name, person_email_name) VALUES(383,0,'Melitta','Brogden','mbrogdenq0@cnn.com')
Insert into HOUSE_ADDRESS(house_address_id , house_address_line_one, house_address_line_two, house_address_zip_id) VALUES(383,'91355 Surrey Plaza','',382) 
INSERT INTO LIVING_SITUATION(living_situation_person_id,living_situation_house_address_id) VALUES(383,383)
INSERT INTO PERSON(person_id, person_gender_id, person_first_name, person_last_name, person_email_name) VALUES(384,3,'Jess','Lennarde','jlennardej6@pcworld.com')
Insert into HOUSE_ADDRESS(house_address_id , house_address_line_one, house_address_line_two, house_address_zip_id) VALUES(384,'6 Bellgrove Place','',382) 
INSERT INTO LIVING_SITUATION(living_situation_person_id,living_situation_house_address_id) VALUES(384,384)
INSERT INTO PERSON(person_id, person_gender_id, person_first_name, person_last_name, person_email_name) VALUES(385,1,'Bertie','Duckering','bduckering5q@unicef.org')
Insert into HOUSE_ADDRESS(house_address_id , house_address_line_one, house_address_line_two, house_address_zip_id) VALUES(385,'707 Fairview Park','',382) 
INSERT INTO LIVING_SITUATION(living_situation_person_id,living_situation_house_address_id) VALUES(385,385)
INSERT INTO PERSON(person_id, person_gender_id, person_first_name, person_last_name, person_email_name) VALUES(386,3,'Shelby','Cabane','scabanels@columbia.edu')
Insert into HOUSE_ADDRESS(house_address_id , house_address_line_one, house_address_line_two, house_address_zip_id) VALUES(386,'0 Erie Court','',382) 
INSERT INTO LIVING_SITUATION(living_situation_person_id,living_situation_house_address_id) VALUES(386,386)
INSERT INTO PERSON(person_id, person_gender_id, person_first_name, person_last_name, person_email_name) VALUES(387,2,'Carroll','Coster','ccosterbv@wikipedia.org')
Insert into zip(zip_id, zip_code, zip_city, zip_state)Values (387,'10249','New York City','New York')
Insert into HOUSE_ADDRESS(house_address_id , house_address_line_one, house_address_line_two, house_address_zip_id) VALUES(387,'5362 Charing Cross Terrace','',387) 
INSERT INTO LIVING_SITUATION(living_situation_person_id,living_situation_house_address_id) VALUES(387,387)
INSERT INTO PERSON(person_id, person_gender_id, person_first_name, person_last_name, person_email_name) VALUES(388,0,'Saul','Raynard','sraynardnp@un.org')
Insert into zip(zip_id, zip_code, zip_city, zip_state)Values (388,'11044','New Hyde Park','New York')
Insert into HOUSE_ADDRESS(house_address_id , house_address_line_one, house_address_line_two, house_address_zip_id) VALUES(388,'19931 Northfield Crossing','',388) 
INSERT INTO LIVING_SITUATION(living_situation_person_id,living_situation_house_address_id) VALUES(388,388)
INSERT INTO PERSON(person_id, person_gender_id, person_first_name, person_last_name, person_email_name) VALUES(389,2,'Tate','Carradice','tcarradiceo9@live.com')
Insert into zip(zip_id, zip_code, zip_city, zip_state)Values (389,'10099','New York City','New York')
Insert into HOUSE_ADDRESS(house_address_id , house_address_line_one, house_address_line_two, house_address_zip_id) VALUES(389,'21539 Mariners Cove Place','',389) 
INSERT INTO LIVING_SITUATION(living_situation_person_id,living_situation_house_address_id) VALUES(389,389)
INSERT INTO PERSON(person_id, person_gender_id, person_first_name, person_last_name, person_email_name) VALUES(390,8,'Mellisent','Jochen','mjochenbb@istockphoto.com')
Insert into zip(zip_id, zip_code, zip_city, zip_state)Values (390,'10292','New York City','New York')
Insert into HOUSE_ADDRESS(house_address_id , house_address_line_one, house_address_line_two, house_address_zip_id) VALUES(390,'77125 Northwestern Place','',390) 
INSERT INTO LIVING_SITUATION(living_situation_person_id,living_situation_house_address_id) VALUES(390,390)
INSERT INTO PERSON(person_id, person_gender_id, person_first_name, person_last_name, person_email_name) VALUES(391,2,'Claudia','Rassell','crassellfb@discovery.com')
Insert into zip(zip_id, zip_code, zip_city, zip_state)Values (391,'10160','New York City','New York')
Insert into HOUSE_ADDRESS(house_address_id , house_address_line_one, house_address_line_two, house_address_zip_id) VALUES(391,'85 Prairie Rose Junction','',391) 
INSERT INTO LIVING_SITUATION(living_situation_person_id,living_situation_house_address_id) VALUES(391,391)
INSERT INTO PERSON(person_id, person_gender_id, person_first_name, person_last_name, person_email_name) VALUES(392,4,'Morissa','Perassi','mperassia2@pbs.org')
Insert into zip(zip_id, zip_code, zip_city, zip_state)Values (392,'10024','New York City','New York')
Insert into HOUSE_ADDRESS(house_address_id , house_address_line_one, house_address_line_two, house_address_zip_id) VALUES(392,'15236 Commercial Circle','',392) 
INSERT INTO LIVING_SITUATION(living_situation_person_id,living_situation_house_address_id) VALUES(392,392)
INSERT INTO PERSON(person_id, person_gender_id, person_first_name, person_last_name, person_email_name) VALUES(393,3,'Valene','Leguey','vlegueydk@spotify.com')
Insert into zip(zip_id, zip_code, zip_city, zip_state)Values (393,'10131','New York City','New York')
Insert into HOUSE_ADDRESS(house_address_id , house_address_line_one, house_address_line_two, house_address_zip_id) VALUES(393,'230 Declaration Parkway','',393) 
INSERT INTO LIVING_SITUATION(living_situation_person_id,living_situation_house_address_id) VALUES(393,393)
INSERT INTO PERSON(person_id, person_gender_id, person_first_name, person_last_name, person_email_name) VALUES(394,2,'Lezlie','Streatfeild','lstreatfeildl2@flickr.com')
Insert into zip(zip_id, zip_code, zip_city, zip_state)Values (394,'10029','New York City','New York')
Insert into HOUSE_ADDRESS(house_address_id , house_address_line_one, house_address_line_two, house_address_zip_id) VALUES(394,'31198 Scoville Junction','',394) 
INSERT INTO LIVING_SITUATION(living_situation_person_id,living_situation_house_address_id) VALUES(394,394)
INSERT INTO PERSON(person_id, person_gender_id, person_first_name, person_last_name, person_email_name) VALUES(395,0,'Garrard','Milton','gmiltonao@paypal.com')
Insert into zip(zip_id, zip_code, zip_city, zip_state)Values (395,'10039','New York City','New York')
Insert into HOUSE_ADDRESS(house_address_id , house_address_line_one, house_address_line_two, house_address_zip_id) VALUES(395,'395 Fieldstone Junction','',395) 
INSERT INTO LIVING_SITUATION(living_situation_person_id,living_situation_house_address_id) VALUES(395,395)
INSERT INTO PERSON(person_id, person_gender_id, person_first_name, person_last_name, person_email_name) VALUES(396,4,'Evangeline','Fero','efero3x@forbes.com')
Insert into zip(zip_id, zip_code, zip_city, zip_state)Values (396,'10120','New York City','New York')
Insert into HOUSE_ADDRESS(house_address_id , house_address_line_one, house_address_line_two, house_address_zip_id) VALUES(396,'53342 Prairieview Alley','',396) 
INSERT INTO LIVING_SITUATION(living_situation_person_id,living_situation_house_address_id) VALUES(396,396)
INSERT INTO PERSON(person_id, person_gender_id, person_first_name, person_last_name, person_email_name) VALUES(397,1,'Ryann','Forrestill','rforrestillbr@dion.ne.jp')
Insert into zip(zip_id, zip_code, zip_city, zip_state)Values (397,'10014','New York City','New York')
Insert into HOUSE_ADDRESS(house_address_id , house_address_line_one, house_address_line_two, house_address_zip_id) VALUES(397,'55 Prairie Rose Parkway','',397) 
INSERT INTO LIVING_SITUATION(living_situation_person_id,living_situation_house_address_id) VALUES(397,397)
INSERT INTO PERSON(person_id, person_gender_id, person_first_name, person_last_name, person_email_name) VALUES(398,2,'Max','Simonian','msimoniangp@sbwire.com')
Insert into zip(zip_id, zip_code, zip_city, zip_state)Values (398,'10060','New York City','New York')
Insert into HOUSE_ADDRESS(house_address_id , house_address_line_one, house_address_line_two, house_address_zip_id) VALUES(398,'39372 Hazelcrest Plaza','',398) 
INSERT INTO LIVING_SITUATION(living_situation_person_id,living_situation_house_address_id) VALUES(398,398)
INSERT INTO PERSON(person_id, person_gender_id, person_first_name, person_last_name, person_email_name) VALUES(399,2,'Mitchell','Spellacy','mspellacybc@dell.com')
Insert into HOUSE_ADDRESS(house_address_id , house_address_line_one, house_address_line_two, house_address_zip_id) VALUES(399,'470 Meadow Ridge Court','',398) 
INSERT INTO LIVING_SITUATION(living_situation_person_id,living_situation_house_address_id) VALUES(399,399)
INSERT INTO PERSON(person_id, person_gender_id, person_first_name, person_last_name, person_email_name) VALUES(400,8,'Shanta','Gwyer','sgwyerqe@clickbank.net')
Insert into zip(zip_id, zip_code, zip_city, zip_state)Values (400,'10079','New York City','New York')
Insert into HOUSE_ADDRESS(house_address_id , house_address_line_one, house_address_line_two, house_address_zip_id) VALUES(400,'48702 Caliangt Parkway','',400) 
INSERT INTO LIVING_SITUATION(living_situation_person_id,living_situation_house_address_id) VALUES(400,400)
INSERT INTO PERSON(person_id, person_gender_id, person_first_name, person_last_name, person_email_name) VALUES(401,3,'Prisca','Martineau','pmartineaubt@linkedin.com')
Insert into HOUSE_ADDRESS(house_address_id , house_address_line_one, house_address_line_two, house_address_zip_id) VALUES(401,'5989 Glacier Hill Pass','',395) 
INSERT INTO LIVING_SITUATION(living_situation_person_id,living_situation_house_address_id) VALUES(401,401)
INSERT INTO PERSON(person_id, person_gender_id, person_first_name, person_last_name, person_email_name) VALUES(402,8,'Turner','Sainte Paul','tsaintepaulgi@quantcast.com')
Insert into zip(zip_id, zip_code, zip_city, zip_state)Values (402,'10019','New York City','New York')
Insert into HOUSE_ADDRESS(house_address_id , house_address_line_one, house_address_line_two, house_address_zip_id) VALUES(402,'6089 Declaration Trail','',402) 
INSERT INTO LIVING_SITUATION(living_situation_person_id,living_situation_house_address_id) VALUES(402,402)
INSERT INTO PERSON(person_id, person_gender_id, person_first_name, person_last_name, person_email_name) VALUES(403,8,'Galven','Woodwind','gwoodwindag@nature.com')
Insert into zip(zip_id, zip_code, zip_city, zip_state)Values (403,'10280','New York City','New York')
Insert into HOUSE_ADDRESS(house_address_id , house_address_line_one, house_address_line_two, house_address_zip_id) VALUES(403,'758 Messerschmidt Park','',403) 
INSERT INTO LIVING_SITUATION(living_situation_person_id,living_situation_house_address_id) VALUES(403,403)
INSERT INTO PERSON(person_id, person_gender_id, person_first_name, person_last_name, person_email_name) VALUES(404,7,'Rebeca','Seers','rseersl8@pen.io')
Insert into zip(zip_id, zip_code, zip_city, zip_state)Values (404,'10165','New York City','New York')
Insert into HOUSE_ADDRESS(house_address_id , house_address_line_one, house_address_line_two, house_address_zip_id) VALUES(404,'75846 Lindbergh Street','',404) 
INSERT INTO LIVING_SITUATION(living_situation_person_id,living_situation_house_address_id) VALUES(404,404)
INSERT INTO PERSON(person_id, person_gender_id, person_first_name, person_last_name, person_email_name) VALUES(405,7,'Kile','Lubeck','klubeck9l@disqus.com')
Insert into HOUSE_ADDRESS(house_address_id , house_address_line_one, house_address_line_two, house_address_zip_id) VALUES(405,'0264 Springview Trail','',387) 
INSERT INTO LIVING_SITUATION(living_situation_person_id,living_situation_house_address_id) VALUES(405,405)
INSERT INTO PERSON(person_id, person_gender_id, person_first_name, person_last_name, person_email_name) VALUES(406,1,'Boote','Medlen','bmedlenam@phpbb.com')
Insert into zip(zip_id, zip_code, zip_city, zip_state)Values (406,'10275','New York City','New York')
Insert into HOUSE_ADDRESS(house_address_id , house_address_line_one, house_address_line_two, house_address_zip_id) VALUES(406,'02786 Fuller Junction','',406) 
INSERT INTO LIVING_SITUATION(living_situation_person_id,living_situation_house_address_id) VALUES(406,406)
INSERT INTO PERSON(person_id, person_gender_id, person_first_name, person_last_name, person_email_name) VALUES(407,3,'Flory','Kornes','fkornesmm@imgur.com')
Insert into zip(zip_id, zip_code, zip_city, zip_state)Values (407,'10115','New York City','New York')
Insert into HOUSE_ADDRESS(house_address_id , house_address_line_one, house_address_line_two, house_address_zip_id) VALUES(407,'0651 Lerdahl Crossing','',407) 
INSERT INTO LIVING_SITUATION(living_situation_person_id,living_situation_house_address_id) VALUES(407,407)
INSERT INTO PERSON(person_id, person_gender_id, person_first_name, person_last_name, person_email_name) VALUES(408,3,'Marne','Lemerle','mlemerle92@cafepress.com')
Insert into zip(zip_id, zip_code, zip_city, zip_state)Values (408,'10110','New York City','New York')
Insert into HOUSE_ADDRESS(house_address_id , house_address_line_one, house_address_line_two, house_address_zip_id) VALUES(408,'23 Messerschmidt Road','',408) 
INSERT INTO LIVING_SITUATION(living_situation_person_id,living_situation_house_address_id) VALUES(408,408)
INSERT INTO PERSON(person_id, person_gender_id, person_first_name, person_last_name, person_email_name) VALUES(409,0,'Rosmunda','Jays','rjaysb8@dion.ne.jp')
Insert into zip(zip_id, zip_code, zip_city, zip_state)Values (409,'10125','New York City','New York')
Insert into HOUSE_ADDRESS(house_address_id , house_address_line_one, house_address_line_two, house_address_zip_id) VALUES(409,'25874 Sommers Parkway','',409) 
INSERT INTO LIVING_SITUATION(living_situation_person_id,living_situation_house_address_id) VALUES(409,409)
INSERT INTO PERSON(person_id, person_gender_id, person_first_name, person_last_name, person_email_name) VALUES(410,2,'Salli','Borland','sborland7r@nsw.gov.au')
Insert into zip(zip_id, zip_code, zip_city, zip_state)Values (410,'10184','New York City','New York')
Insert into HOUSE_ADDRESS(house_address_id , house_address_line_one, house_address_line_two, house_address_zip_id) VALUES(410,'310 Thackeray Parkway','',410) 
INSERT INTO LIVING_SITUATION(living_situation_person_id,living_situation_house_address_id) VALUES(410,410)
INSERT INTO PERSON(person_id, person_gender_id, person_first_name, person_last_name, person_email_name) VALUES(411,2,'Olenolin','Aylett','oaylettcl@rediff.com')
Insert into zip(zip_id, zip_code, zip_city, zip_state)Values (411,'10034','New York City','New York')
Insert into HOUSE_ADDRESS(house_address_id , house_address_line_one, house_address_line_two, house_address_zip_id) VALUES(411,'468 Briar Crest Place','',411) 
INSERT INTO LIVING_SITUATION(living_situation_person_id,living_situation_house_address_id) VALUES(411,411)
INSERT INTO PERSON(person_id, person_gender_id, person_first_name, person_last_name, person_email_name) VALUES(412,3,'Tori','Kirkbride','tkirkbride8i@chron.com')
Insert into HOUSE_ADDRESS(house_address_id , house_address_line_one, house_address_line_two, house_address_zip_id) VALUES(412,'5527 Birchwood Circle','',409) 
INSERT INTO LIVING_SITUATION(living_situation_person_id,living_situation_house_address_id) VALUES(412,412)
INSERT INTO PERSON(person_id, person_gender_id, person_first_name, person_last_name, person_email_name) VALUES(413,1,'Alick','Mazzeo','amazzeofd@sciencedirect.com')
Insert into HOUSE_ADDRESS(house_address_id , house_address_line_one, house_address_line_two, house_address_zip_id) VALUES(413,'569 Schiller Crossing','',409) 
INSERT INTO LIVING_SITUATION(living_situation_person_id,living_situation_house_address_id) VALUES(413,413)
INSERT INTO PERSON(person_id, person_gender_id, person_first_name, person_last_name, person_email_name) VALUES(414,7,'Demetre','Haggie','dhaggiege@webmd.com')
Insert into zip(zip_id, zip_code, zip_city, zip_state)Values (414,'10270','New York City','New York')
Insert into HOUSE_ADDRESS(house_address_id , house_address_line_one, house_address_line_two, house_address_zip_id) VALUES(414,'7012 Bartillon Avenue','',414) 
INSERT INTO LIVING_SITUATION(living_situation_person_id,living_situation_house_address_id) VALUES(414,414)
INSERT INTO PERSON(person_id, person_gender_id, person_first_name, person_last_name, person_email_name) VALUES(415,1,'Leontyne','Marien','lmarienae@mediafire.com')
Insert into zip(zip_id, zip_code, zip_city, zip_state)Values (415,'10155','New York City','New York')
Insert into HOUSE_ADDRESS(house_address_id , house_address_line_one, house_address_line_two, house_address_zip_id) VALUES(415,'70489 Talisman Street','',415) 
INSERT INTO LIVING_SITUATION(living_situation_person_id,living_situation_house_address_id) VALUES(415,415)
INSERT INTO PERSON(person_id, person_gender_id, person_first_name, person_last_name, person_email_name) VALUES(416,1,'Jobina','Rawlings','jrawlings8w@sfgate.com')
Insert into zip(zip_id, zip_code, zip_city, zip_state)Values (416,'10310','Staten Island','New York')
Insert into HOUSE_ADDRESS(house_address_id , house_address_line_one, house_address_line_two, house_address_zip_id) VALUES(416,'712 Memorial Junction','',416) 
INSERT INTO LIVING_SITUATION(living_situation_person_id,living_situation_house_address_id) VALUES(416,416)
INSERT INTO PERSON(person_id, person_gender_id, person_first_name, person_last_name, person_email_name) VALUES(417,2,'Bessie','Whetland','bwhetland5i@ox.ac.uk')
Insert into zip(zip_id, zip_code, zip_city, zip_state)Values (417,'10175','New York City','New York')
Insert into HOUSE_ADDRESS(house_address_id , house_address_line_one, house_address_line_two, house_address_zip_id) VALUES(417,'9802 Green Ridge Park','',417) 
INSERT INTO LIVING_SITUATION(living_situation_person_id,living_situation_house_address_id) VALUES(417,417)
INSERT INTO PERSON(person_id, person_gender_id, person_first_name, person_last_name, person_email_name) VALUES(418,7,'Courtnay','Liebrecht','cliebrecht6p@dmoz.org')
Insert into HOUSE_ADDRESS(house_address_id , house_address_line_one, house_address_line_two, house_address_zip_id) VALUES(418,'05035 Sherman Street','',388) 
INSERT INTO LIVING_SITUATION(living_situation_person_id,living_situation_house_address_id) VALUES(418,418)
INSERT INTO PERSON(person_id, person_gender_id, person_first_name, person_last_name, person_email_name) VALUES(419,9,'Jackquelin','Gerring','jgerring9c@hp.com')
Insert into zip(zip_id, zip_code, zip_city, zip_state)Values (419,'10150','New York City','New York')
Insert into HOUSE_ADDRESS(house_address_id , house_address_line_one, house_address_line_two, house_address_zip_id) VALUES(419,'104 Mendota Junction','',419) 
INSERT INTO LIVING_SITUATION(living_situation_person_id,living_situation_house_address_id) VALUES(419,419)
INSERT INTO PERSON(person_id, person_gender_id, person_first_name, person_last_name, person_email_name) VALUES(420,3,'Sibel','Fooks','sfooksx@harvard.edu')
Insert into HOUSE_ADDRESS(house_address_id , house_address_line_one, house_address_line_two, house_address_zip_id) VALUES(420,'14416 Saint Paul Way','',400) 
INSERT INTO LIVING_SITUATION(living_situation_person_id,living_situation_house_address_id) VALUES(420,420)
INSERT INTO PERSON(person_id, person_gender_id, person_first_name, person_last_name, person_email_name) VALUES(421,1,'Yovonnda','Ferraron','yferraronj7@springer.com')
Insert into HOUSE_ADDRESS(house_address_id , house_address_line_one, house_address_line_two, house_address_zip_id) VALUES(421,'160 Ridge Oak Avenue','',387) 
INSERT INTO LIVING_SITUATION(living_situation_person_id,living_situation_house_address_id) VALUES(421,421)
INSERT INTO PERSON(person_id, person_gender_id, person_first_name, person_last_name, person_email_name) VALUES(422,4,'Karrah','Whightman','kwhightmanfi@forbes.com')
Insert into HOUSE_ADDRESS(house_address_id , house_address_line_one, house_address_line_two, house_address_zip_id) VALUES(422,'25426 Barnett Street','',406) 
INSERT INTO LIVING_SITUATION(living_situation_person_id,living_situation_house_address_id) VALUES(422,422)
INSERT INTO PERSON(person_id, person_gender_id, person_first_name, person_last_name, person_email_name) VALUES(423,3,'Willard','Paolotto','wpaolottogk@e-recht24.de')
Insert into HOUSE_ADDRESS(house_address_id , house_address_line_one, house_address_line_two, house_address_zip_id) VALUES(423,'38 Browning Junction','',411) 
INSERT INTO LIVING_SITUATION(living_situation_person_id,living_situation_house_address_id) VALUES(423,423)
INSERT INTO PERSON(person_id, person_gender_id, person_first_name, person_last_name, person_email_name) VALUES(424,9,'Marcus','Cobbin','mcobbinch@disqus.com')
Insert into HOUSE_ADDRESS(house_address_id , house_address_line_one, house_address_line_two, house_address_zip_id) VALUES(424,'4863 Beilfuss Street','',397) 
INSERT INTO LIVING_SITUATION(living_situation_person_id,living_situation_house_address_id) VALUES(424,424)
INSERT INTO PERSON(person_id, person_gender_id, person_first_name, person_last_name, person_email_name) VALUES(425,1,'Harman','Carlucci','hcarluccicw@linkedin.com')
Insert into zip(zip_id, zip_code, zip_city, zip_state)Values (425,'10260','New York City','New York')
Insert into HOUSE_ADDRESS(house_address_id , house_address_line_one, house_address_line_two, house_address_zip_id) VALUES(425,'59 Bobwhite Crossing','',425) 
INSERT INTO LIVING_SITUATION(living_situation_person_id,living_situation_house_address_id) VALUES(425,425)
INSERT INTO PERSON(person_id, person_gender_id, person_first_name, person_last_name, person_email_name) VALUES(426,4,'Brook','Kenforth','bkenforthm3@4shared.com')
Insert into HOUSE_ADDRESS(house_address_id , house_address_line_one, house_address_line_two, house_address_zip_id) VALUES(426,'61 Doe Crossing Pass','',416) 
INSERT INTO LIVING_SITUATION(living_situation_person_id,living_situation_house_address_id) VALUES(426,426)
INSERT INTO PERSON(person_id, person_gender_id, person_first_name, person_last_name, person_email_name) VALUES(427,7,'Ricki','Bortoloni','rbortoloni5y@hugedomains.com')
Insert into HOUSE_ADDRESS(house_address_id , house_address_line_one, house_address_line_two, house_address_zip_id) VALUES(427,'6138 Bultman Parkway','',398) 
INSERT INTO LIVING_SITUATION(living_situation_person_id,living_situation_house_address_id) VALUES(427,427)
INSERT INTO PERSON(person_id, person_gender_id, person_first_name, person_last_name, person_email_name) VALUES(428,7,'Adrea','Stonhard','astonhardmc@nih.gov')
Insert into HOUSE_ADDRESS(house_address_id , house_address_line_one, house_address_line_two, house_address_zip_id) VALUES(428,'615 Park Meadow Park','',419) 
INSERT INTO LIVING_SITUATION(living_situation_person_id,living_situation_house_address_id) VALUES(428,428)
INSERT INTO PERSON(person_id, person_gender_id, person_first_name, person_last_name, person_email_name) VALUES(429,9,'Manfred','Duding','mduding2h@theglobeandmail.com')
Insert into HOUSE_ADDRESS(house_address_id , house_address_line_one, house_address_line_two, house_address_zip_id) VALUES(429,'6991 Darwin Junction','',400) 
INSERT INTO LIVING_SITUATION(living_situation_person_id,living_situation_house_address_id) VALUES(429,429)
INSERT INTO PERSON(person_id, person_gender_id, person_first_name, person_last_name, person_email_name) VALUES(430,0,'Forest','O''Quin','foquind4@nsw.gov.au')
Insert into HOUSE_ADDRESS(house_address_id , house_address_line_one, house_address_line_two, house_address_zip_id) VALUES(430,'7 Armistice Crossing','',417) 
INSERT INTO LIVING_SITUATION(living_situation_person_id,living_situation_house_address_id) VALUES(430,430)
INSERT INTO PERSON(person_id, person_gender_id, person_first_name, person_last_name, person_email_name) VALUES(431,9,'Carolann','Zorzetti','czorzettiqs@squarespace.com')
Insert into zip(zip_id, zip_code, zip_city, zip_state)Values (431,'10090','New York City','New York')
Insert into HOUSE_ADDRESS(house_address_id , house_address_line_one, house_address_line_two, house_address_zip_id) VALUES(431,'799 Farragut Terrace','',431) 
INSERT INTO LIVING_SITUATION(living_situation_person_id,living_situation_house_address_id) VALUES(431,431)
INSERT INTO PERSON(person_id, person_gender_id, person_first_name, person_last_name, person_email_name) VALUES(432,8,'Lamont','Elsmor','lelsmorie@ucoz.com')
Insert into HOUSE_ADDRESS(house_address_id , house_address_line_one, house_address_line_two, house_address_zip_id) VALUES(432,'85245 Nelson Terrace','',392) 
INSERT INTO LIVING_SITUATION(living_situation_person_id,living_situation_house_address_id) VALUES(432,432)
INSERT INTO PERSON(person_id, person_gender_id, person_first_name, person_last_name, person_email_name) VALUES(433,7,'Corette','Kasbye','ckasbye98@sciencedirect.com')
Insert into HOUSE_ADDRESS(house_address_id , house_address_line_one, house_address_line_two, house_address_zip_id) VALUES(433,'9056 Butterfield Way','',417) 
INSERT INTO LIVING_SITUATION(living_situation_person_id,living_situation_house_address_id) VALUES(433,433)
INSERT INTO PERSON(person_id, person_gender_id, person_first_name, person_last_name, person_email_name) VALUES(434,9,'Ozzie','Lorand','olorandja@cocolog-nifty.com')
Insert into HOUSE_ADDRESS(house_address_id , house_address_line_one, house_address_line_two, house_address_zip_id) VALUES(434,'917 Maple Wood Court','',419) 
INSERT INTO LIVING_SITUATION(living_situation_person_id,living_situation_house_address_id) VALUES(434,434)
INSERT INTO PERSON(person_id, person_gender_id, person_first_name, person_last_name, person_email_name) VALUES(435,4,'Bette','Rosenfelt','brosenfelt9z@tamu.edu')
Insert into HOUSE_ADDRESS(house_address_id , house_address_line_one, house_address_line_two, house_address_zip_id) VALUES(435,'9322 Mitchell Circle','',393) 
INSERT INTO LIVING_SITUATION(living_situation_person_id,living_situation_house_address_id) VALUES(435,435)
INSERT INTO PERSON(person_id, person_gender_id, person_first_name, person_last_name, person_email_name) VALUES(436,4,'Dorthy','Acott','dacottfq@diigo.com')
Insert into HOUSE_ADDRESS(house_address_id , house_address_line_one, house_address_line_two, house_address_zip_id) VALUES(436,'98341 Oakridge Drive','',400) 
INSERT INTO LIVING_SITUATION(living_situation_person_id,living_situation_house_address_id) VALUES(436,436)
INSERT INTO PERSON(person_id, person_gender_id, person_first_name, person_last_name, person_email_name) VALUES(437,9,'Lucia','Thomlinson','lthomlinsonk9@freewebs.com')
Insert into HOUSE_ADDRESS(house_address_id , house_address_line_one, house_address_line_two, house_address_zip_id) VALUES(437,'9930 Nevada Junction','',403) 
INSERT INTO LIVING_SITUATION(living_situation_person_id,living_situation_house_address_id) VALUES(437,437)
INSERT INTO PERSON(person_id, person_gender_id, person_first_name, person_last_name, person_email_name) VALUES(438,9,'Gerta','Mangion','gmangionoa@squidoo.com')
Insert into HOUSE_ADDRESS(house_address_id , house_address_line_one, house_address_line_two, house_address_zip_id) VALUES(438,'05604 Russell Trail','',406) 
INSERT INTO LIVING_SITUATION(living_situation_person_id,living_situation_house_address_id) VALUES(438,438)
INSERT INTO PERSON(person_id, person_gender_id, person_first_name, person_last_name, person_email_name) VALUES(439,0,'Haley','Mowsdale','hmowsdalel5@issuu.com')
Insert into HOUSE_ADDRESS(house_address_id , house_address_line_one, house_address_line_two, house_address_zip_id) VALUES(439,'125 Riverside Court','',425) 
INSERT INTO LIVING_SITUATION(living_situation_person_id,living_situation_house_address_id) VALUES(439,439)
INSERT INTO PERSON(person_id, person_gender_id, person_first_name, person_last_name, person_email_name) VALUES(440,8,'Stuart','Placstone','splacstoneqn@salon.com')
Insert into HOUSE_ADDRESS(house_address_id , house_address_line_one, house_address_line_two, house_address_zip_id) VALUES(440,'25 Northview Street','',398) 
INSERT INTO LIVING_SITUATION(living_situation_person_id,living_situation_house_address_id) VALUES(440,440)
INSERT INTO PERSON(person_id, person_gender_id, person_first_name, person_last_name, person_email_name) VALUES(441,4,'Keven','Aspinell','kaspinell6a@de.vu')
Insert into HOUSE_ADDRESS(house_address_id , house_address_line_one, house_address_line_two, house_address_zip_id) VALUES(441,'423 Butternut Court','',404) 
INSERT INTO LIVING_SITUATION(living_situation_person_id,living_situation_house_address_id) VALUES(441,441)
INSERT INTO PERSON(person_id, person_gender_id, person_first_name, person_last_name, person_email_name) VALUES(442,4,'Perceval','MacGee','pmacgeedu@digg.com')
Insert into zip(zip_id, zip_code, zip_city, zip_state)Values (442,'10105','New York City','New York')
Insert into HOUSE_ADDRESS(house_address_id , house_address_line_one, house_address_line_two, house_address_zip_id) VALUES(442,'45 Farragut Terrace','',442) 
INSERT INTO LIVING_SITUATION(living_situation_person_id,living_situation_house_address_id) VALUES(442,442)
INSERT INTO PERSON(person_id, person_gender_id, person_first_name, person_last_name, person_email_name) VALUES(443,9,'Paulina','Donhardt','pdonhardt9u@acquirethisname.com')
Insert into HOUSE_ADDRESS(house_address_id , house_address_line_one, house_address_line_two, house_address_zip_id) VALUES(443,'60863 Waubesa Court','',391) 
INSERT INTO LIVING_SITUATION(living_situation_person_id,living_situation_house_address_id) VALUES(443,443)
INSERT INTO PERSON(person_id, person_gender_id, person_first_name, person_last_name, person_email_name) VALUES(444,3,'Lindsay','Castelli','lcastellibk@unblog.fr')
Insert into HOUSE_ADDRESS(house_address_id , house_address_line_one, house_address_line_two, house_address_zip_id) VALUES(444,'619 Stoughton Plaza','',419) 
INSERT INTO LIVING_SITUATION(living_situation_person_id,living_situation_house_address_id) VALUES(444,444)
INSERT INTO PERSON(person_id, person_gender_id, person_first_name, person_last_name, person_email_name) VALUES(445,8,'Leora','Aldwinckle','laldwinckle1@paypal.com')
Insert into HOUSE_ADDRESS(house_address_id , house_address_line_one, house_address_line_two, house_address_zip_id) VALUES(445,'6529 Chinook Circle','',398) 
INSERT INTO LIVING_SITUATION(living_situation_person_id,living_situation_house_address_id) VALUES(445,445)
INSERT INTO PERSON(person_id, person_gender_id, person_first_name, person_last_name, person_email_name) VALUES(446,8,'Shanna','Heselwood','sheselwood26@qq.com')
Insert into HOUSE_ADDRESS(house_address_id , house_address_line_one, house_address_line_two, house_address_zip_id) VALUES(446,'67 Graceland Center','',395) 
INSERT INTO LIVING_SITUATION(living_situation_person_id,living_situation_house_address_id) VALUES(446,446)
INSERT INTO PERSON(person_id, person_gender_id, person_first_name, person_last_name, person_email_name) VALUES(447,0,'Adriana','Edgecumbe','aedgecumbehp@ed.gov')
Insert into HOUSE_ADDRESS(house_address_id , house_address_line_one, house_address_line_two, house_address_zip_id) VALUES(447,'68912 Barby Terrace','',411) 
INSERT INTO LIVING_SITUATION(living_situation_person_id,living_situation_house_address_id) VALUES(447,447)
INSERT INTO PERSON(person_id, person_gender_id, person_first_name, person_last_name, person_email_name) VALUES(448,3,'Rayner','Skoggings','rskoggingsgh@sbwire.com')
Insert into HOUSE_ADDRESS(house_address_id , house_address_line_one, house_address_line_two, house_address_zip_id) VALUES(448,'72148 Hoard Terrace','',390) 
INSERT INTO LIVING_SITUATION(living_situation_person_id,living_situation_house_address_id) VALUES(448,448)
INSERT INTO PERSON(person_id, person_gender_id, person_first_name, person_last_name, person_email_name) VALUES(449,0,'Ulises','Pagitt','upagitt2e@ted.com')
Insert into HOUSE_ADDRESS(house_address_id , house_address_line_one, house_address_line_two, house_address_zip_id) VALUES(449,'7738 Kings Crossing','',415) 
INSERT INTO LIVING_SITUATION(living_situation_person_id,living_situation_house_address_id) VALUES(449,449)
INSERT INTO PERSON(person_id, person_gender_id, person_first_name, person_last_name, person_email_name) VALUES(450,7,'Alvis','Barriball','abarriballlf@slideshare.net')
Insert into HOUSE_ADDRESS(house_address_id , house_address_line_one, house_address_line_two, house_address_zip_id) VALUES(450,'79 John Wall Circle','',419) 
INSERT INTO LIVING_SITUATION(living_situation_person_id,living_situation_house_address_id) VALUES(450,450)
INSERT INTO PERSON(person_id, person_gender_id, person_first_name, person_last_name, person_email_name) VALUES(451,4,'Krystalle','Thynn','kthynnn4@mysql.com')
Insert into HOUSE_ADDRESS(house_address_id , house_address_line_one, house_address_line_two, house_address_zip_id) VALUES(451,'9061 Waywood Center','',411) 
INSERT INTO LIVING_SITUATION(living_situation_person_id,living_situation_house_address_id) VALUES(451,451)
INSERT INTO PERSON(person_id, person_gender_id, person_first_name, person_last_name, person_email_name) VALUES(452,1,'Maisie','Powney','mpowney8g@wunderground.com')
Insert into HOUSE_ADDRESS(house_address_id , house_address_line_one, house_address_line_two, house_address_zip_id) VALUES(452,'019 Moulton Center','',395) 
INSERT INTO LIVING_SITUATION(living_situation_person_id,living_situation_house_address_id) VALUES(452,452)
INSERT INTO PERSON(person_id, person_gender_id, person_first_name, person_last_name, person_email_name) VALUES(453,1,'Feodora','Adam','fadampm@mail.ru')
Insert into HOUSE_ADDRESS(house_address_id , house_address_line_one, house_address_line_two, house_address_zip_id) VALUES(453,'0504 Manley Center','',388) 
INSERT INTO LIVING_SITUATION(living_situation_person_id,living_situation_house_address_id) VALUES(453,453)
INSERT INTO PERSON(person_id, person_gender_id, person_first_name, person_last_name, person_email_name) VALUES(454,9,'Milton','Lages','mlages2m@canalblog.com')
Insert into HOUSE_ADDRESS(house_address_id , house_address_line_one, house_address_line_two, house_address_zip_id) VALUES(454,'06 Myrtle Junction','',417) 
INSERT INTO LIVING_SITUATION(living_situation_person_id,living_situation_house_address_id) VALUES(454,454)
INSERT INTO PERSON(person_id, person_gender_id, person_first_name, person_last_name, person_email_name) VALUES(455,2,'Ronnica','Tortice','rtortice2z@vistaprint.com')
Insert into HOUSE_ADDRESS(house_address_id , house_address_line_one, house_address_line_two, house_address_zip_id) VALUES(455,'070 Forest Parkway','',407) 
INSERT INTO LIVING_SITUATION(living_situation_person_id,living_situation_house_address_id) VALUES(455,455)
INSERT INTO PERSON(person_id, person_gender_id, person_first_name, person_last_name, person_email_name) VALUES(456,9,'Winn','Roxbee','wroxbeehn@nsw.gov.au')
Insert into HOUSE_ADDRESS(house_address_id , house_address_line_one, house_address_line_two, house_address_zip_id) VALUES(456,'1 Golf Course Hill','',394) 
INSERT INTO LIVING_SITUATION(living_situation_person_id,living_situation_house_address_id) VALUES(456,456)
INSERT INTO PERSON(person_id, person_gender_id, person_first_name, person_last_name, person_email_name) VALUES(457,7,'Carlee','Yeldon','cyeldonoh@ustream.tv')
Insert into HOUSE_ADDRESS(house_address_id , house_address_line_one, house_address_line_two, house_address_zip_id) VALUES(457,'12 Bobwhite Center','',392) 
INSERT INTO LIVING_SITUATION(living_situation_person_id,living_situation_house_address_id) VALUES(457,457)
INSERT INTO PERSON(person_id, person_gender_id, person_first_name, person_last_name, person_email_name) VALUES(458,1,'Mireielle','Gimblett','mgimblett3k@google.cn')
Insert into HOUSE_ADDRESS(house_address_id , house_address_line_one, house_address_line_two, house_address_zip_id) VALUES(458,'14721 Shoshone Way','',425) 
INSERT INTO LIVING_SITUATION(living_situation_person_id,living_situation_house_address_id) VALUES(458,458)
INSERT INTO PERSON(person_id, person_gender_id, person_first_name, person_last_name, person_email_name) VALUES(459,8,'Jan','Ayce','jaycehl@cafepress.com')
Insert into HOUSE_ADDRESS(house_address_id , house_address_line_one, house_address_line_two, house_address_zip_id) VALUES(459,'16122 Dwight Trail','',397) 
INSERT INTO LIVING_SITUATION(living_situation_person_id,living_situation_house_address_id) VALUES(459,459)
INSERT INTO PERSON(person_id, person_gender_id, person_first_name, person_last_name, person_email_name) VALUES(460,4,'Elia','Cornilli','ecornillio3@economist.com')
Insert into HOUSE_ADDRESS(house_address_id , house_address_line_one, house_address_line_two, house_address_zip_id) VALUES(460,'2 Garrison Terrace','',396) 
INSERT INTO LIVING_SITUATION(living_situation_person_id,living_situation_house_address_id) VALUES(460,460)
INSERT INTO PERSON(person_id, person_gender_id, person_first_name, person_last_name, person_email_name) VALUES(461,7,'Ade','Vlies','avliesnz@ibm.com')
Insert into HOUSE_ADDRESS(house_address_id , house_address_line_one, house_address_line_two, house_address_zip_id) VALUES(461,'2572 Burrows Point','',391) 
INSERT INTO LIVING_SITUATION(living_situation_person_id,living_situation_house_address_id) VALUES(461,461)
INSERT INTO PERSON(person_id, person_gender_id, person_first_name, person_last_name, person_email_name) VALUES(462,2,'Tiphany','O''Rafferty','toraffertyp1@amazon.de')
Insert into HOUSE_ADDRESS(house_address_id , house_address_line_one, house_address_line_two, house_address_zip_id) VALUES(462,'285 American Court','',415) 
INSERT INTO LIVING_SITUATION(living_situation_person_id,living_situation_house_address_id) VALUES(462,462)
INSERT INTO PERSON(person_id, person_gender_id, person_first_name, person_last_name, person_email_name) VALUES(463,7,'Joy','Papes','jpapesc2@1688.com')
Insert into HOUSE_ADDRESS(house_address_id , house_address_line_one, house_address_line_two, house_address_zip_id) VALUES(463,'3 Steensland Place','',431) 
INSERT INTO LIVING_SITUATION(living_situation_person_id,living_situation_house_address_id) VALUES(463,463)
INSERT INTO PERSON(person_id, person_gender_id, person_first_name, person_last_name, person_email_name) VALUES(464,2,'Antone','Anwyl','aanwyljm@domainmarket.com')
Insert into HOUSE_ADDRESS(house_address_id , house_address_line_one, house_address_line_two, house_address_zip_id) VALUES(464,'30231 Arizona Road','',406) 
INSERT INTO LIVING_SITUATION(living_situation_person_id,living_situation_house_address_id) VALUES(464,464)
INSERT INTO PERSON(person_id, person_gender_id, person_first_name, person_last_name, person_email_name) VALUES(465,3,'Sherm','Boundey','sboundeyp0@kickstarter.com')
Insert into HOUSE_ADDRESS(house_address_id , house_address_line_one, house_address_line_two, house_address_zip_id) VALUES(465,'37 Bashford Center','',415) 
INSERT INTO LIVING_SITUATION(living_situation_person_id,living_situation_house_address_id) VALUES(465,465)
INSERT INTO PERSON(person_id, person_gender_id, person_first_name, person_last_name, person_email_name) VALUES(466,3,'Kevan','Rapa','krapa1i@google.com.hk')
Insert into HOUSE_ADDRESS(house_address_id , house_address_line_one, house_address_line_two, house_address_zip_id) VALUES(466,'37673 Summit Drive','',404) 
INSERT INTO LIVING_SITUATION(living_situation_person_id,living_situation_house_address_id) VALUES(466,466)
INSERT INTO PERSON(person_id, person_gender_id, person_first_name, person_last_name, person_email_name) VALUES(467,8,'Didi','Cardis','dcardisjh@yolasite.com')
Insert into HOUSE_ADDRESS(house_address_id , house_address_line_one, house_address_line_two, house_address_zip_id) VALUES(467,'4573 Bunting Drive','',425) 
INSERT INTO LIVING_SITUATION(living_situation_person_id,living_situation_house_address_id) VALUES(467,467)
INSERT INTO PERSON(person_id, person_gender_id, person_first_name, person_last_name, person_email_name) VALUES(468,9,'Patience','Colson','pcolsonnc@chicagotribune.com')
Insert into HOUSE_ADDRESS(house_address_id , house_address_line_one, house_address_line_two, house_address_zip_id) VALUES(468,'4668 Hagan Terrace','',406) 
INSERT INTO LIVING_SITUATION(living_situation_person_id,living_situation_house_address_id) VALUES(468,468)
INSERT INTO PERSON(person_id, person_gender_id, person_first_name, person_last_name, person_email_name) VALUES(469,2,'Bernete','Alwell','balwelloy@java.com')
Insert into HOUSE_ADDRESS(house_address_id , house_address_line_one, house_address_line_two, house_address_zip_id) VALUES(469,'5 Ludington Avenue','',415) 
INSERT INTO LIVING_SITUATION(living_situation_person_id,living_situation_house_address_id) VALUES(469,469)
INSERT INTO PERSON(person_id, person_gender_id, person_first_name, person_last_name, person_email_name) VALUES(470,0,'Cathi','Coytes','ccoytesdy@yelp.com')
Insert into HOUSE_ADDRESS(house_address_id , house_address_line_one, house_address_line_two, house_address_zip_id) VALUES(470,'5 Northridge Court','',390) 
INSERT INTO LIVING_SITUATION(living_situation_person_id,living_situation_house_address_id) VALUES(470,470)
INSERT INTO PERSON(person_id, person_gender_id, person_first_name, person_last_name, person_email_name) VALUES(471,3,'Victoir','Tesdale','vtesdaleiw@wired.com')
Insert into HOUSE_ADDRESS(house_address_id , house_address_line_one, house_address_line_two, house_address_zip_id) VALUES(471,'524 Pawling Street','',395) 
INSERT INTO LIVING_SITUATION(living_situation_person_id,living_situation_house_address_id) VALUES(471,471)
INSERT INTO PERSON(person_id, person_gender_id, person_first_name, person_last_name, person_email_name) VALUES(472,7,'Sayre','Dobson','sdobson58@bizjournals.com')
Insert into HOUSE_ADDRESS(house_address_id , house_address_line_one, house_address_line_two, house_address_zip_id) VALUES(472,'531 Dovetail Plaza','',396) 
INSERT INTO LIVING_SITUATION(living_situation_person_id,living_situation_house_address_id) VALUES(472,472)
INSERT INTO PERSON(person_id, person_gender_id, person_first_name, person_last_name, person_email_name) VALUES(473,1,'Bellina','Leer','bleer6g@discuz.net')
Insert into HOUSE_ADDRESS(house_address_id , house_address_line_one, house_address_line_two, house_address_zip_id) VALUES(473,'532 Waubesa Street','',410) 
INSERT INTO LIVING_SITUATION(living_situation_person_id,living_situation_house_address_id) VALUES(473,473)
INSERT INTO PERSON(person_id, person_gender_id, person_first_name, person_last_name, person_email_name) VALUES(474,9,'Danna','Mott','dmotta4@qq.com')
Insert into zip(zip_id, zip_code, zip_city, zip_state)Values (474,'10009','New York City','New York')
Insert into HOUSE_ADDRESS(house_address_id , house_address_line_one, house_address_line_two, house_address_zip_id) VALUES(474,'6287 Moland Avenue','',474) 
INSERT INTO LIVING_SITUATION(living_situation_person_id,living_situation_house_address_id) VALUES(474,474)
INSERT INTO PERSON(person_id, person_gender_id, person_first_name, person_last_name, person_email_name) VALUES(475,3,'Faulkner','Murrigans','fmurrigansm1@scribd.com')
Insert into zip(zip_id, zip_code, zip_city, zip_state)Values (475,'10203','New York City','New York')
Insert into HOUSE_ADDRESS(house_address_id , house_address_line_one, house_address_line_two, house_address_zip_id) VALUES(475,'657 Badeau Terrace','',475) 
INSERT INTO LIVING_SITUATION(living_situation_person_id,living_situation_house_address_id) VALUES(475,475)
INSERT INTO PERSON(person_id, person_gender_id, person_first_name, person_last_name, person_email_name) VALUES(476,4,'Shayna','Hawford','shawfordje@pbs.org')
Insert into HOUSE_ADDRESS(house_address_id , house_address_line_one, house_address_line_two, house_address_zip_id) VALUES(476,'7 Banding Crossing','',425) 
INSERT INTO LIVING_SITUATION(living_situation_person_id,living_situation_house_address_id) VALUES(476,476)
INSERT INTO PERSON(person_id, person_gender_id, person_first_name, person_last_name, person_email_name) VALUES(477,4,'Simonne','Kibble','skibblebq@slate.com')
Insert into HOUSE_ADDRESS(house_address_id , house_address_line_one, house_address_line_two, house_address_zip_id) VALUES(477,'7 Parkside Parkway','',409) 
INSERT INTO LIVING_SITUATION(living_situation_person_id,living_situation_house_address_id) VALUES(477,477)
INSERT INTO PERSON(person_id, person_gender_id, person_first_name, person_last_name, person_email_name) VALUES(478,1,'Zelig','Cammomile','zcammomileax@ox.ac.uk')
Insert into HOUSE_ADDRESS(house_address_id , house_address_line_one, house_address_line_two, house_address_zip_id) VALUES(478,'80443 Hallows Lane','',415) 
INSERT INTO LIVING_SITUATION(living_situation_person_id,living_situation_house_address_id) VALUES(478,478)
INSERT INTO PERSON(person_id, person_gender_id, person_first_name, person_last_name, person_email_name) VALUES(479,8,'Phoebe','Pigford','ppigfordkg@techcrunch.com')
Insert into HOUSE_ADDRESS(house_address_id , house_address_line_one, house_address_line_two, house_address_zip_id) VALUES(479,'8195 Reinke Circle','',414) 
INSERT INTO LIVING_SITUATION(living_situation_person_id,living_situation_house_address_id) VALUES(479,479)
INSERT INTO PERSON(person_id, person_gender_id, person_first_name, person_last_name, person_email_name) VALUES(480,8,'Myrlene','Tatem','mtatemqb@uiuc.edu')
Insert into HOUSE_ADDRESS(house_address_id , house_address_line_one, house_address_line_two, house_address_zip_id) VALUES(480,'8217 Lukken Avenue','',400) 
INSERT INTO LIVING_SITUATION(living_situation_person_id,living_situation_house_address_id) VALUES(480,480)
INSERT INTO PERSON(person_id, person_gender_id, person_first_name, person_last_name, person_email_name) VALUES(481,0,'Benoite','Karsh','bkarsh5t@earthlink.net')
Insert into HOUSE_ADDRESS(house_address_id , house_address_line_one, house_address_line_two, house_address_zip_id) VALUES(481,'062 Mandrake Park','',389) 
INSERT INTO LIVING_SITUATION(living_situation_person_id,living_situation_house_address_id) VALUES(481,481)
INSERT INTO PERSON(person_id, person_gender_id, person_first_name, person_last_name, person_email_name) VALUES(482,1,'Teodorico','Longhorn','tlonghorn97@booking.com')
Insert into HOUSE_ADDRESS(house_address_id , house_address_line_one, house_address_line_two, house_address_zip_id) VALUES(482,'1 Fieldstone Park','',416) 
INSERT INTO LIVING_SITUATION(living_situation_person_id,living_situation_house_address_id) VALUES(482,482)
INSERT INTO PERSON(person_id, person_gender_id, person_first_name, person_last_name, person_email_name) VALUES(483,4,'Elwira','Bickle','ebickler@upenn.edu')
Insert into zip(zip_id, zip_code, zip_city, zip_state)Values (483,'10170','New York City','New York')
Insert into HOUSE_ADDRESS(house_address_id , house_address_line_one, house_address_line_two, house_address_zip_id) VALUES(483,'1 Magdeline Alley','',483) 
INSERT INTO LIVING_SITUATION(living_situation_person_id,living_situation_house_address_id) VALUES(483,483)
INSERT INTO PERSON(person_id, person_gender_id, person_first_name, person_last_name, person_email_name) VALUES(484,2,'Christoffer','Ghirardi','cghirardi8a@jimdo.com')
Insert into HOUSE_ADDRESS(house_address_id , house_address_line_one, house_address_line_two, house_address_zip_id) VALUES(484,'3 Heffernan Drive','',406) 
INSERT INTO LIVING_SITUATION(living_situation_person_id,living_situation_house_address_id) VALUES(484,484)
INSERT INTO PERSON(person_id, person_gender_id, person_first_name, person_last_name, person_email_name) VALUES(485,8,'Skip','Hallowell','shallowell1x@hao123.com')
Insert into zip(zip_id, zip_code, zip_city, zip_state)Values (485,'10004','New York City','New York')
Insert into HOUSE_ADDRESS(house_address_id , house_address_line_one, house_address_line_two, house_address_zip_id) VALUES(485,'3 Pleasure Center','',485) 
INSERT INTO LIVING_SITUATION(living_situation_person_id,living_situation_house_address_id) VALUES(485,485)
INSERT INTO PERSON(person_id, person_gender_id, person_first_name, person_last_name, person_email_name) VALUES(486,3,'Roseanna','Hoodless','rhoodlessn@printfriendly.com')
Insert into HOUSE_ADDRESS(house_address_id , house_address_line_one, house_address_line_two, house_address_zip_id) VALUES(486,'30 Old Shore Pass','',404) 
INSERT INTO LIVING_SITUATION(living_situation_person_id,living_situation_house_address_id) VALUES(486,486)
INSERT INTO PERSON(person_id, person_gender_id, person_first_name, person_last_name, person_email_name) VALUES(487,1,'Mikael','Faussett','mfaussett6e@epa.gov')
Insert into HOUSE_ADDRESS(house_address_id , house_address_line_one, house_address_line_two, house_address_zip_id) VALUES(487,'32 Melrose Center','',475) 
INSERT INTO LIVING_SITUATION(living_situation_person_id,living_situation_house_address_id) VALUES(487,487)
INSERT INTO PERSON(person_id, person_gender_id, person_first_name, person_last_name, person_email_name) VALUES(488,1,'Carin','Silburn','csilburni6@usatoday.com')
Insert into HOUSE_ADDRESS(house_address_id , house_address_line_one, house_address_line_two, house_address_zip_id) VALUES(488,'3757 Grim Terrace','',474) 
INSERT INTO LIVING_SITUATION(living_situation_person_id,living_situation_house_address_id) VALUES(488,488)
INSERT INTO PERSON(person_id, person_gender_id, person_first_name, person_last_name, person_email_name) VALUES(489,1,'Chandal','Mara','cmara1w@webeden.co.uk')
Insert into HOUSE_ADDRESS(house_address_id , house_address_line_one, house_address_line_two, house_address_zip_id) VALUES(489,'4697 Waywood Park','',398) 
INSERT INTO LIVING_SITUATION(living_situation_person_id,living_situation_house_address_id) VALUES(489,489)
INSERT INTO PERSON(person_id, person_gender_id, person_first_name, person_last_name, person_email_name) VALUES(490,1,'Simmonds','Bahia','sbahiadb@arizona.edu')
Insert into HOUSE_ADDRESS(house_address_id , house_address_line_one, house_address_line_two, house_address_zip_id) VALUES(490,'582 Ridgeway Park','',475) 
INSERT INTO LIVING_SITUATION(living_situation_person_id,living_situation_house_address_id) VALUES(490,490)
INSERT INTO PERSON(person_id, person_gender_id, person_first_name, person_last_name, person_email_name) VALUES(491,2,'Latrina','Hynde','lhyndemk@4shared.com')
Insert into HOUSE_ADDRESS(house_address_id , house_address_line_one, house_address_line_two, house_address_zip_id) VALUES(491,'623 Jana Crossing','',400) 
INSERT INTO LIVING_SITUATION(living_situation_person_id,living_situation_house_address_id) VALUES(491,491)
INSERT INTO PERSON(person_id, person_gender_id, person_first_name, person_last_name, person_email_name) VALUES(492,7,'Pennie','Liggens','pliggensbw@cornell.edu')
Insert into HOUSE_ADDRESS(house_address_id , house_address_line_one, house_address_line_two, house_address_zip_id) VALUES(492,'75571 Bultman Way','',387) 
INSERT INTO LIVING_SITUATION(living_situation_person_id,living_situation_house_address_id) VALUES(492,492)
INSERT INTO PERSON(person_id, person_gender_id, person_first_name, person_last_name, person_email_name) VALUES(493,2,'Hardy','Garman','hgarman57@jiathis.com')
Insert into HOUSE_ADDRESS(house_address_id , house_address_line_one, house_address_line_two, house_address_zip_id) VALUES(493,'7774 Barnett Hill','',390) 
INSERT INTO LIVING_SITUATION(living_situation_person_id,living_situation_house_address_id) VALUES(493,493)
INSERT INTO PERSON(person_id, person_gender_id, person_first_name, person_last_name, person_email_name) VALUES(494,9,'Hector','Tweedlie','htweedlie69@dedecms.com')
Insert into HOUSE_ADDRESS(house_address_id , house_address_line_one, house_address_line_two, house_address_zip_id) VALUES(494,'79 Thierer Street','',431) 
INSERT INTO LIVING_SITUATION(living_situation_person_id,living_situation_house_address_id) VALUES(494,494)
INSERT INTO PERSON(person_id, person_gender_id, person_first_name, person_last_name, person_email_name) VALUES(495,4,'Dolli','Diddams','ddiddamskd@about.com')
Insert into HOUSE_ADDRESS(house_address_id , house_address_line_one, house_address_line_two, house_address_zip_id) VALUES(495,'821 Oakridge Hill','',431) 
INSERT INTO LIVING_SITUATION(living_situation_person_id,living_situation_house_address_id) VALUES(495,495)
INSERT INTO PERSON(person_id, person_gender_id, person_first_name, person_last_name, person_email_name) VALUES(496,1,'Elfrida','Coldicott','ecoldicottd5@chron.com')
Insert into HOUSE_ADDRESS(house_address_id , house_address_line_one, house_address_line_two, house_address_zip_id) VALUES(496,'822 Everett Alley','',391) 
INSERT INTO LIVING_SITUATION(living_situation_person_id,living_situation_house_address_id) VALUES(496,496)
INSERT INTO PERSON(person_id, person_gender_id, person_first_name, person_last_name, person_email_name) VALUES(497,7,'Ester','Wassung','ewassungqy@ted.com')
Insert into HOUSE_ADDRESS(house_address_id , house_address_line_one, house_address_line_two, house_address_zip_id) VALUES(497,'8339 Portage Lane','',415) 
INSERT INTO LIVING_SITUATION(living_situation_person_id,living_situation_house_address_id) VALUES(497,497)
INSERT INTO PERSON(person_id, person_gender_id, person_first_name, person_last_name, person_email_name) VALUES(498,4,'Jed','Ziemen','jziemenlr@netscape.com')
Insert into HOUSE_ADDRESS(house_address_id , house_address_line_one, house_address_line_two, house_address_zip_id) VALUES(498,'91 Sundown Center','',425) 
INSERT INTO LIVING_SITUATION(living_situation_person_id,living_situation_house_address_id) VALUES(498,498)
INSERT INTO PERSON(person_id, person_gender_id, person_first_name, person_last_name, person_email_name) VALUES(499,9,'Alena','Artiss','aartissoc@51.la')
Insert into HOUSE_ADDRESS(house_address_id , house_address_line_one, house_address_line_two, house_address_zip_id) VALUES(499,'9101 Shopko Drive','',391) 
INSERT INTO LIVING_SITUATION(living_situation_person_id,living_situation_house_address_id) VALUES(499,499)
INSERT INTO PERSON(person_id, person_gender_id, person_first_name, person_last_name, person_email_name) VALUES(500,9,'Pauletta','Meese','pmeese5z@4shared.com')
Insert into HOUSE_ADDRESS(house_address_id , house_address_line_one, house_address_line_two, house_address_zip_id) VALUES(500,'020 Dottie Trail','',474) 
INSERT INTO LIVING_SITUATION(living_situation_person_id,living_situation_house_address_id) VALUES(500,500)
INSERT INTO PERSON(person_id, person_gender_id, person_first_name, person_last_name, person_email_name) VALUES(501,2,'Neale','Dwelly','ndwelly4e@psu.edu')
Insert into HOUSE_ADDRESS(house_address_id , house_address_line_one, house_address_line_two, house_address_zip_id) VALUES(501,'2 Graedel Center','',391) 
INSERT INTO LIVING_SITUATION(living_situation_person_id,living_situation_house_address_id) VALUES(501,501)
INSERT INTO PERSON(person_id, person_gender_id, person_first_name, person_last_name, person_email_name) VALUES(502,2,'Talbert','Faulkener','tfaulkenerh5@harvard.edu')
Insert into HOUSE_ADDRESS(house_address_id , house_address_line_one, house_address_line_two, house_address_zip_id) VALUES(502,'2 Hintze Parkway','',396) 
INSERT INTO LIVING_SITUATION(living_situation_person_id,living_situation_house_address_id) VALUES(502,502)
INSERT INTO PERSON(person_id, person_gender_id, person_first_name, person_last_name, person_email_name) VALUES(503,8,'Dav','Mawer','dmawerkp@opera.com')
Insert into HOUSE_ADDRESS(house_address_id , house_address_line_one, house_address_line_two, house_address_zip_id) VALUES(503,'24191 Grim Drive','',389) 
INSERT INTO LIVING_SITUATION(living_situation_person_id,living_situation_house_address_id) VALUES(503,503)
INSERT INTO PERSON(person_id, person_gender_id, person_first_name, person_last_name, person_email_name) VALUES(504,0,'Jacquette','Moulden','jmouldenc5@weebly.com')
Insert into HOUSE_ADDRESS(house_address_id , house_address_line_one, house_address_line_two, house_address_zip_id) VALUES(504,'2762 Larry Court','',394) 
INSERT INTO LIVING_SITUATION(living_situation_person_id,living_situation_house_address_id) VALUES(504,504)
INSERT INTO PERSON(person_id, person_gender_id, person_first_name, person_last_name, person_email_name) VALUES(505,4,'Jacqueline','Boxall','jboxallqz@hhs.gov')
Insert into HOUSE_ADDRESS(house_address_id , house_address_line_one, house_address_line_two, house_address_zip_id) VALUES(505,'36146 Ilene Pass','',387) 
INSERT INTO LIVING_SITUATION(living_situation_person_id,living_situation_house_address_id) VALUES(505,505)
INSERT INTO PERSON(person_id, person_gender_id, person_first_name, person_last_name, person_email_name) VALUES(506,3,'Avigdor','Axell','aaxellnq@virginia.edu')
Insert into HOUSE_ADDRESS(house_address_id , house_address_line_one, house_address_line_two, house_address_zip_id) VALUES(506,'38 Mallory Point','',395) 
INSERT INTO LIVING_SITUATION(living_situation_person_id,living_situation_house_address_id) VALUES(506,506)
INSERT INTO PERSON(person_id, person_gender_id, person_first_name, person_last_name, person_email_name) VALUES(507,1,'Jacquenette','Lohoar','jlohoaras@jalbum.net')
Insert into HOUSE_ADDRESS(house_address_id , house_address_line_one, house_address_line_two, house_address_zip_id) VALUES(507,'39 Evergreen Way','',388) 
INSERT INTO LIVING_SITUATION(living_situation_person_id,living_situation_house_address_id) VALUES(507,507)
INSERT INTO PERSON(person_id, person_gender_id, person_first_name, person_last_name, person_email_name) VALUES(508,8,'Jordanna','Welchman','jwelchman5d@npr.org')
Insert into zip(zip_id, zip_code, zip_city, zip_state)Values (508,'10305','Staten Island','New York')
Insert into HOUSE_ADDRESS(house_address_id , house_address_line_one, house_address_line_two, house_address_zip_id) VALUES(508,'464 Stang Avenue','',508) 
INSERT INTO LIVING_SITUATION(living_situation_person_id,living_situation_house_address_id) VALUES(508,508)
INSERT INTO PERSON(person_id, person_gender_id, person_first_name, person_last_name, person_email_name) VALUES(509,4,'Benetta','Leydon','bleydono5@biglobe.ne.jp')
Insert into zip(zip_id, zip_code, zip_city, zip_state)Values (509,'10045','New York City','New York')
Insert into HOUSE_ADDRESS(house_address_id , house_address_line_one, house_address_line_two, house_address_zip_id) VALUES(509,'5 Fair Oaks Park','',509) 
INSERT INTO LIVING_SITUATION(living_situation_person_id,living_situation_house_address_id) VALUES(509,509)
INSERT INTO PERSON(person_id, person_gender_id, person_first_name, person_last_name, person_email_name) VALUES(510,3,'Wynn','Tollfree','wtollfree6@sakura.ne.jp')
Insert into HOUSE_ADDRESS(house_address_id , house_address_line_one, house_address_line_two, house_address_zip_id) VALUES(510,'51204 Moose Pass','',404) 
INSERT INTO LIVING_SITUATION(living_situation_person_id,living_situation_house_address_id) VALUES(510,510)
INSERT INTO PERSON(person_id, person_gender_id, person_first_name, person_last_name, person_email_name) VALUES(511,9,'Flynn','Littley','flittleyb7@ftc.gov')
Insert into HOUSE_ADDRESS(house_address_id , house_address_line_one, house_address_line_two, house_address_zip_id) VALUES(511,'585 Helena Trail','',388) 
INSERT INTO LIVING_SITUATION(living_situation_person_id,living_situation_house_address_id) VALUES(511,511)
INSERT INTO PERSON(person_id, person_gender_id, person_first_name, person_last_name, person_email_name) VALUES(512,1,'Tommie','D''Abbot-Doyle','tdabbotdoyleg9@privacy.gov.au')
Insert into HOUSE_ADDRESS(house_address_id , house_address_line_one, house_address_line_two, house_address_zip_id) VALUES(512,'6839 Vernon Road','',408) 
INSERT INTO LIVING_SITUATION(living_situation_person_id,living_situation_house_address_id) VALUES(512,512)
INSERT INTO PERSON(person_id, person_gender_id, person_first_name, person_last_name, person_email_name) VALUES(513,2,'Bo','McIntosh','bmcintosh21@slate.com')
Insert into HOUSE_ADDRESS(house_address_id , house_address_line_one, house_address_line_two, house_address_zip_id) VALUES(513,'7 Welch Crossing','',402) 
INSERT INTO LIVING_SITUATION(living_situation_person_id,living_situation_house_address_id) VALUES(513,513)
INSERT INTO PERSON(person_id, person_gender_id, person_first_name, person_last_name, person_email_name) VALUES(514,7,'Darill','Kembry','dkembryaj@edublogs.org')
Insert into HOUSE_ADDRESS(house_address_id , house_address_line_one, house_address_line_two, house_address_zip_id) VALUES(514,'700 Jenifer Park','',475) 
INSERT INTO LIVING_SITUATION(living_situation_person_id,living_situation_house_address_id) VALUES(514,514)
INSERT INTO PERSON(person_id, person_gender_id, person_first_name, person_last_name, person_email_name) VALUES(515,4,'Madelin','Abbs','mabbsfp@wikia.com')
Insert into HOUSE_ADDRESS(house_address_id , house_address_line_one, house_address_line_two, house_address_zip_id) VALUES(515,'74021 Stuart Way','',417) 
INSERT INTO LIVING_SITUATION(living_situation_person_id,living_situation_house_address_id) VALUES(515,515)
INSERT INTO PERSON(person_id, person_gender_id, person_first_name, person_last_name, person_email_name) VALUES(516,9,'Augustus','Goldingay','agoldingay4j@alibaba.com')
Insert into HOUSE_ADDRESS(house_address_id , house_address_line_one, house_address_line_two, house_address_zip_id) VALUES(516,'8 Tennessee Park','',419) 
INSERT INTO LIVING_SITUATION(living_situation_person_id,living_situation_house_address_id) VALUES(516,516)
INSERT INTO PERSON(person_id, person_gender_id, person_first_name, person_last_name, person_email_name) VALUES(517,4,'Marco','Aldie','maldiejz@github.io')
INSERT INTO LIVING_SITUATION(living_situation_person_id,living_situation_house_address_id) VALUES(517,516)
INSERT INTO PERSON(person_id, person_gender_id, person_first_name, person_last_name, person_email_name) VALUES(518,1,'Danyelle','Joselson','djoselsonpe@drupal.org')
INSERT INTO LIVING_SITUATION(living_situation_person_id,living_situation_house_address_id) VALUES(518,516)
INSERT INTO PERSON(person_id, person_gender_id, person_first_name, person_last_name, person_email_name) VALUES(519,2,'Brien','Foulis','bfoulis2u@java.com')
INSERT INTO LIVING_SITUATION(living_situation_person_id,living_situation_house_address_id) VALUES(519,516)
INSERT INTO PERSON(person_id, person_gender_id, person_first_name, person_last_name, person_email_name) VALUES(520,1,'Eloisa','Sedworth','esedworthe3@cmu.edu')
INSERT INTO LIVING_SITUATION(living_situation_person_id,living_situation_house_address_id) VALUES(520,516)
INSERT INTO PERSON(person_id, person_gender_id, person_first_name, person_last_name, person_email_name) VALUES(521,8,'Archibaldo','Gilhooley','agilhooley3g@amazonaws.com')
Insert into HOUSE_ADDRESS(house_address_id , house_address_line_one, house_address_line_two, house_address_zip_id) VALUES(521,'902 Fulton Court','',408) 
INSERT INTO LIVING_SITUATION(living_situation_person_id,living_situation_house_address_id) VALUES(521,521)
INSERT INTO PERSON(person_id, person_gender_id, person_first_name, person_last_name, person_email_name) VALUES(522,4,'Suzi','Jephcott','sjephcott20@dailymail.co.uk')
Insert into HOUSE_ADDRESS(house_address_id , house_address_line_one, house_address_line_two, house_address_zip_id) VALUES(522,'1 Stuart Street','',416) 
INSERT INTO LIVING_SITUATION(living_situation_person_id,living_situation_house_address_id) VALUES(522,522)
INSERT INTO PERSON(person_id, person_gender_id, person_first_name, person_last_name, person_email_name) VALUES(523,2,'Pascale','Impy','pimpyn3@mediafire.com')
Insert into HOUSE_ADDRESS(house_address_id , house_address_line_one, house_address_line_two, house_address_zip_id) VALUES(523,'19 Clemons Lane','',474) 
INSERT INTO LIVING_SITUATION(living_situation_person_id,living_situation_house_address_id) VALUES(523,523)
INSERT INTO PERSON(person_id, person_gender_id, person_first_name, person_last_name, person_email_name) VALUES(524,0,'Darryl','Pellamont','dpellamontr4@tinyurl.com')
Insert into HOUSE_ADDRESS(house_address_id , house_address_line_one, house_address_line_two, house_address_zip_id) VALUES(524,'2 Canary Circle','',419) 
INSERT INTO LIVING_SITUATION(living_situation_person_id,living_situation_house_address_id) VALUES(524,524)
INSERT INTO PERSON(person_id, person_gender_id, person_first_name, person_last_name, person_email_name) VALUES(525,0,'Karita','Sterte','ksterte8@oakley.com')
Insert into HOUSE_ADDRESS(house_address_id , house_address_line_one, house_address_line_two, house_address_zip_id) VALUES(525,'2 Coleman Place','',389) 
INSERT INTO LIVING_SITUATION(living_situation_person_id,living_situation_house_address_id) VALUES(525,525)
INSERT INTO PERSON(person_id, person_gender_id, person_first_name, person_last_name, person_email_name) VALUES(526,1,'Beck','Hierro','bhierro14@omniture.com')
Insert into HOUSE_ADDRESS(house_address_id , house_address_line_one, house_address_line_two, house_address_zip_id) VALUES(526,'2 Mallory Point','',415) 
INSERT INTO LIVING_SITUATION(living_situation_person_id,living_situation_house_address_id) VALUES(526,526)
INSERT INTO PERSON(person_id, person_gender_id, person_first_name, person_last_name, person_email_name) VALUES(527,0,'Phylys','Sijmons','psijmonsi0@plala.or.jp')
Insert into HOUSE_ADDRESS(house_address_id , house_address_line_one, house_address_line_two, house_address_zip_id) VALUES(527,'24 Granby Alley','',389) 
INSERT INTO LIVING_SITUATION(living_situation_person_id,living_situation_house_address_id) VALUES(527,527)
INSERT INTO PERSON(person_id, person_gender_id, person_first_name, person_last_name, person_email_name) VALUES(528,8,'Bernardina','Rissen','brissengo@miibeian.gov.cn')
Insert into HOUSE_ADDRESS(house_address_id , house_address_line_one, house_address_line_two, house_address_zip_id) VALUES(528,'2763 Moland Way','',396) 
INSERT INTO LIVING_SITUATION(living_situation_person_id,living_situation_house_address_id) VALUES(528,528)
INSERT INTO PERSON(person_id, person_gender_id, person_first_name, person_last_name, person_email_name) VALUES(529,7,'Beilul','Borgne','bborgne7x@printfriendly.com')
Insert into HOUSE_ADDRESS(house_address_id , house_address_line_one, house_address_line_two, house_address_zip_id) VALUES(529,'43 Luster Alley','',403) 
INSERT INTO LIVING_SITUATION(living_situation_person_id,living_situation_house_address_id) VALUES(529,529)
INSERT INTO PERSON(person_id, person_gender_id, person_first_name, person_last_name, person_email_name) VALUES(530,2,'Cele','Garthland','cgarthlandle@abc.net.au')
Insert into HOUSE_ADDRESS(house_address_id , house_address_line_one, house_address_line_two, house_address_zip_id) VALUES(530,'49 Blaine Plaza','',393) 
INSERT INTO LIVING_SITUATION(living_situation_person_id,living_situation_house_address_id) VALUES(530,530)
INSERT INTO PERSON(person_id, person_gender_id, person_first_name, person_last_name, person_email_name) VALUES(531,4,'Blithe','De Mattei','bdemattei73@usa.gov')
Insert into HOUSE_ADDRESS(house_address_id , house_address_line_one, house_address_line_two, house_address_zip_id) VALUES(531,'51 Corben Point','',392) 
INSERT INTO LIVING_SITUATION(living_situation_person_id,living_situation_house_address_id) VALUES(531,531)
INSERT INTO PERSON(person_id, person_gender_id, person_first_name, person_last_name, person_email_name) VALUES(532,7,'Katerine','Botten','kbottenj@oracle.com')
Insert into HOUSE_ADDRESS(house_address_id , house_address_line_one, house_address_line_two, house_address_zip_id) VALUES(532,'5864 Pond Alley','',400) 
INSERT INTO LIVING_SITUATION(living_situation_person_id,living_situation_house_address_id) VALUES(532,532)
INSERT INTO PERSON(person_id, person_gender_id, person_first_name, person_last_name, person_email_name) VALUES(533,4,'Bay','Fields','bfields1h@tripod.com')
Insert into HOUSE_ADDRESS(house_address_id , house_address_line_one, house_address_line_two, house_address_zip_id) VALUES(533,'7 Merrick Trail','',397) 
INSERT INTO LIVING_SITUATION(living_situation_person_id,living_situation_house_address_id) VALUES(533,533)
INSERT INTO PERSON(person_id, person_gender_id, person_first_name, person_last_name, person_email_name) VALUES(534,0,'Nikolai','Alwell','nalwellgl@nbcnews.com')
Insert into HOUSE_ADDRESS(house_address_id , house_address_line_one, house_address_line_two, house_address_zip_id) VALUES(534,'727 Bonner Lane','',388) 
INSERT INTO LIVING_SITUATION(living_situation_person_id,living_situation_house_address_id) VALUES(534,534)
INSERT INTO PERSON(person_id, person_gender_id, person_first_name, person_last_name, person_email_name) VALUES(535,7,'Orella','Ethridge','oethridgekw@wikia.com')
Insert into HOUSE_ADDRESS(house_address_id , house_address_line_one, house_address_line_two, house_address_zip_id) VALUES(535,'780 Leroy Point','',416) 
INSERT INTO LIVING_SITUATION(living_situation_person_id,living_situation_house_address_id) VALUES(535,535)
INSERT INTO PERSON(person_id, person_gender_id, person_first_name, person_last_name, person_email_name) VALUES(536,2,'Silvan','Bruineman','sbruineman2x@tripadvisor.com')
Insert into HOUSE_ADDRESS(house_address_id , house_address_line_one, house_address_line_two, house_address_zip_id) VALUES(536,'81978 5th Trail','',415) 
INSERT INTO LIVING_SITUATION(living_situation_person_id,living_situation_house_address_id) VALUES(536,536)
INSERT INTO PERSON(person_id, person_gender_id, person_first_name, person_last_name, person_email_name) VALUES(537,0,'Clyde','Mabson','cmabsonmh@sakura.ne.jp')
Insert into HOUSE_ADDRESS(house_address_id , house_address_line_one, house_address_line_two, house_address_zip_id) VALUES(537,'87 Miller Point','',390) 
INSERT INTO LIVING_SITUATION(living_situation_person_id,living_situation_house_address_id) VALUES(537,537)
INSERT INTO PERSON(person_id, person_gender_id, person_first_name, person_last_name, person_email_name) VALUES(538,2,'Merla','Calvard','mcalvard2g@tiny.cc')
Insert into HOUSE_ADDRESS(house_address_id , house_address_line_one, house_address_line_two, house_address_zip_id) VALUES(538,'9 Reindahl Hill','',415) 
INSERT INTO LIVING_SITUATION(living_situation_person_id,living_situation_house_address_id) VALUES(538,538)
INSERT INTO PERSON(person_id, person_gender_id, person_first_name, person_last_name, person_email_name) VALUES(539,3,'Archer','Dudill','adudillrf@bloglines.com')
Insert into HOUSE_ADDRESS(house_address_id , house_address_line_one, house_address_line_two, house_address_zip_id) VALUES(539,'057 Nancy Road','',509) 
INSERT INTO LIVING_SITUATION(living_situation_person_id,living_situation_house_address_id) VALUES(539,539)
INSERT INTO PERSON(person_id, person_gender_id, person_first_name, person_last_name, person_email_name) VALUES(540,0,'Emelia','Panter','epanterov@engadget.com')
Insert into HOUSE_ADDRESS(house_address_id , house_address_line_one, house_address_line_two, house_address_zip_id) VALUES(540,'12 Green Place','',419) 
INSERT INTO LIVING_SITUATION(living_situation_person_id,living_situation_house_address_id) VALUES(540,540)
INSERT INTO PERSON(person_id, person_gender_id, person_first_name, person_last_name, person_email_name) VALUES(541,0,'Scarlet','Kensall','skensallio@stumbleupon.com')
Insert into HOUSE_ADDRESS(house_address_id , house_address_line_one, house_address_line_two, house_address_zip_id) VALUES(541,'2 Elmside Lane','',417) 
INSERT INTO LIVING_SITUATION(living_situation_person_id,living_situation_house_address_id) VALUES(541,541)
INSERT INTO PERSON(person_id, person_gender_id, person_first_name, person_last_name, person_email_name) VALUES(542,4,'Glenn','Dumini','gdumini9v@biblegateway.com')
Insert into HOUSE_ADDRESS(house_address_id , house_address_line_one, house_address_line_two, house_address_zip_id) VALUES(542,'2 Talmadge Way','',408) 
INSERT INTO LIVING_SITUATION(living_situation_person_id,living_situation_house_address_id) VALUES(542,542)
INSERT INTO PERSON(person_id, person_gender_id, person_first_name, person_last_name, person_email_name) VALUES(543,1,'Joelynn','McErlaine','jmcerlainejs@delicious.com')
Insert into HOUSE_ADDRESS(house_address_id , house_address_line_one, house_address_line_two, house_address_zip_id) VALUES(543,'21 Susan Alley','',388) 
INSERT INTO LIVING_SITUATION(living_situation_person_id,living_situation_house_address_id) VALUES(543,543)
INSERT INTO PERSON(person_id, person_gender_id, person_first_name, person_last_name, person_email_name) VALUES(544,8,'Eulalie','Lynock','elynock5s@goo.ne.jp')
Insert into HOUSE_ADDRESS(house_address_id , house_address_line_one, house_address_line_two, house_address_zip_id) VALUES(544,'3 Blaine Trail','',402) 
INSERT INTO LIVING_SITUATION(living_situation_person_id,living_situation_house_address_id) VALUES(544,544)
INSERT INTO PERSON(person_id, person_gender_id, person_first_name, person_last_name, person_email_name) VALUES(545,7,'Margaux','Prys','mprysbu@xrea.com')
Insert into HOUSE_ADDRESS(house_address_id , house_address_line_one, house_address_line_two, house_address_zip_id) VALUES(545,'358 Toban Pass','',387) 
INSERT INTO LIVING_SITUATION(living_situation_person_id,living_situation_house_address_id) VALUES(545,545)
INSERT INTO PERSON(person_id, person_gender_id, person_first_name, person_last_name, person_email_name) VALUES(546,0,'Vivyanne','Croyden','vcroyden3b@answers.com')
Insert into HOUSE_ADDRESS(house_address_id , house_address_line_one, house_address_line_two, house_address_zip_id) VALUES(546,'51 Orin Street','',416) 
INSERT INTO LIVING_SITUATION(living_situation_person_id,living_situation_house_address_id) VALUES(546,546)
INSERT INTO PERSON(person_id, person_gender_id, person_first_name, person_last_name, person_email_name) VALUES(547,1,'Oralia','McVeagh','omcveagh3c@digg.com')
Insert into HOUSE_ADDRESS(house_address_id , house_address_line_one, house_address_line_two, house_address_zip_id) VALUES(547,'621 Debra Park','',410) 
INSERT INTO LIVING_SITUATION(living_situation_person_id,living_situation_house_address_id) VALUES(547,547)
INSERT INTO PERSON(person_id, person_gender_id, person_first_name, person_last_name, person_email_name) VALUES(548,3,'Valentino','Klimshuk','vklimshuk4f@ameblo.jp')
Insert into HOUSE_ADDRESS(house_address_id , house_address_line_one, house_address_line_two, house_address_zip_id) VALUES(548,'8 4th Junction','',416) 
INSERT INTO LIVING_SITUATION(living_situation_person_id,living_situation_house_address_id) VALUES(548,548)
INSERT INTO PERSON(person_id, person_gender_id, person_first_name, person_last_name, person_email_name) VALUES(549,0,'Corry','Ravillas','cravillascr@vk.com')
Insert into HOUSE_ADDRESS(house_address_id , house_address_line_one, house_address_line_two, house_address_zip_id) VALUES(549,'86 Veith Plaza','',414) 
INSERT INTO LIVING_SITUATION(living_situation_person_id,living_situation_house_address_id) VALUES(549,549)
INSERT INTO PERSON(person_id, person_gender_id, person_first_name, person_last_name, person_email_name) VALUES(550,3,'Juline','Kinton','jkintonmx@yolasite.com')
Insert into HOUSE_ADDRESS(house_address_id , house_address_line_one, house_address_line_two, house_address_zip_id) VALUES(550,'9 Lunder Alley','',387) 
INSERT INTO LIVING_SITUATION(living_situation_person_id,living_situation_house_address_id) VALUES(550,550)
INSERT INTO PERSON(person_id, person_gender_id, person_first_name, person_last_name, person_email_name) VALUES(551,1,'Filberte','Hardway','fhardway7u@webnode.com')
Insert into HOUSE_ADDRESS(house_address_id , house_address_line_one, house_address_line_two, house_address_zip_id) VALUES(551,'9 Onsgard Road','',398) 
INSERT INTO LIVING_SITUATION(living_situation_person_id,living_situation_house_address_id) VALUES(551,551)
INSERT INTO PERSON(person_id, person_gender_id, person_first_name, person_last_name, person_email_name) VALUES(552,0,'Kelly','Gercken','kgercken1p@theatlantic.com')
Insert into HOUSE_ADDRESS(house_address_id , house_address_line_one, house_address_line_two, house_address_zip_id) VALUES(552,'97 Sherman Way','',417) 
INSERT INTO LIVING_SITUATION(living_situation_person_id,living_situation_house_address_id) VALUES(552,552)
INSERT INTO PERSON(person_id, person_gender_id, person_first_name, person_last_name, person_email_name) VALUES(553,1,'Yankee','Murty','ymurtyh6@uiuc.edu')
Insert into HOUSE_ADDRESS(house_address_id , house_address_line_one, house_address_line_two, house_address_zip_id) VALUES(553,'1 Dorton Pass','',393) 
INSERT INTO LIVING_SITUATION(living_situation_person_id,living_situation_house_address_id) VALUES(553,553)
INSERT INTO PERSON(person_id, person_gender_id, person_first_name, person_last_name, person_email_name) VALUES(554,1,'Nealson','Bracchi','nbracchi12@nba.com')
Insert into HOUSE_ADDRESS(house_address_id , house_address_line_one, house_address_line_two, house_address_zip_id) VALUES(554,'1 Reinke Road','',395) 
INSERT INTO LIVING_SITUATION(living_situation_person_id,living_situation_house_address_id) VALUES(554,554)
INSERT INTO PERSON(person_id, person_gender_id, person_first_name, person_last_name, person_email_name) VALUES(555,9,'Dianne','Cubbin','dcubbincf@hp.com')
Insert into HOUSE_ADDRESS(house_address_id , house_address_line_one, house_address_line_two, house_address_zip_id) VALUES(555,'13 Kings Park','',415) 
INSERT INTO LIVING_SITUATION(living_situation_person_id,living_situation_house_address_id) VALUES(555,555)
INSERT INTO PERSON(person_id, person_gender_id, person_first_name, person_last_name, person_email_name) VALUES(556,3,'Michal','Welfair','mwelfairrc@irs.gov')
Insert into HOUSE_ADDRESS(house_address_id , house_address_line_one, house_address_line_two, house_address_zip_id) VALUES(556,'2 Alpine Lane','',416) 
INSERT INTO LIVING_SITUATION(living_situation_person_id,living_situation_house_address_id) VALUES(556,556)
INSERT INTO PERSON(person_id, person_gender_id, person_first_name, person_last_name, person_email_name) VALUES(557,8,'Hector','Ridgway','hridgway83@arizona.edu')
Insert into HOUSE_ADDRESS(house_address_id , house_address_line_one, house_address_line_two, house_address_zip_id) VALUES(557,'2362 2nd Park','',402) 
INSERT INTO LIVING_SITUATION(living_situation_person_id,living_situation_house_address_id) VALUES(557,557)
INSERT INTO PERSON(person_id, person_gender_id, person_first_name, person_last_name, person_email_name) VALUES(558,7,'Estrella','Jachimak','ejachimak59@seesaa.net')
Insert into HOUSE_ADDRESS(house_address_id , house_address_line_one, house_address_line_two, house_address_zip_id) VALUES(558,'5 8th Terrace','',483) 
INSERT INTO LIVING_SITUATION(living_situation_person_id,living_situation_house_address_id) VALUES(558,558)
INSERT INTO PERSON(person_id, person_gender_id, person_first_name, person_last_name, person_email_name) VALUES(559,9,'Adeline','Scourge','ascourge7@mtv.com')
Insert into HOUSE_ADDRESS(house_address_id , house_address_line_one, house_address_line_two, house_address_zip_id) VALUES(559,'68 Spohn Road','',391) 
INSERT INTO LIVING_SITUATION(living_situation_person_id,living_situation_house_address_id) VALUES(559,559)
INSERT INTO PERSON(person_id, person_gender_id, person_first_name, person_last_name, person_email_name) VALUES(560,0,'Merwin','Billitteri','mbillitterina@last.fm')
Insert into HOUSE_ADDRESS(house_address_id , house_address_line_one, house_address_line_two, house_address_zip_id) VALUES(560,'7 6th Circle','',387) 
INSERT INTO LIVING_SITUATION(living_situation_person_id,living_situation_house_address_id) VALUES(560,560)
INSERT INTO PERSON(person_id, person_gender_id, person_first_name, person_last_name, person_email_name) VALUES(561,4,'Elisabet','Pitchers','epitchersec@marketwatch.com')
Insert into HOUSE_ADDRESS(house_address_id , house_address_line_one, house_address_line_two, house_address_zip_id) VALUES(561,'7 Chive Hill','',474) 
INSERT INTO LIVING_SITUATION(living_situation_person_id,living_situation_house_address_id) VALUES(561,561)
INSERT INTO PERSON(person_id, person_gender_id, person_first_name, person_last_name, person_email_name) VALUES(562,8,'Gretel','Pozzo','gpozzooj@ca.gov')
Insert into HOUSE_ADDRESS(house_address_id , house_address_line_one, house_address_line_two, house_address_zip_id) VALUES(562,'837 3rd Road','',397) 
INSERT INTO LIVING_SITUATION(living_situation_person_id,living_situation_house_address_id) VALUES(562,562)
INSERT INTO PERSON(person_id, person_gender_id, person_first_name, person_last_name, person_email_name) VALUES(563,9,'Geno','Madill','gmadillh1@ucoz.com')
Insert into HOUSE_ADDRESS(house_address_id , house_address_line_one, house_address_line_two, house_address_zip_id) VALUES(563,'958 Lien Way','',425) 
INSERT INTO LIVING_SITUATION(living_situation_person_id,living_situation_house_address_id) VALUES(563,563)
INSERT INTO PERSON(person_id, person_gender_id, person_first_name, person_last_name, person_email_name) VALUES(564,3,'Tasha','Springthorp','tspringthorp2@sakura.ne.jp')
Insert into HOUSE_ADDRESS(house_address_id , house_address_line_one, house_address_line_two, house_address_zip_id) VALUES(564,'18 Fisk Way','',409) 
INSERT INTO LIVING_SITUATION(living_situation_person_id,living_situation_house_address_id) VALUES(564,564)
INSERT INTO PERSON(person_id, person_gender_id, person_first_name, person_last_name, person_email_name) VALUES(565,4,'Helga','Perott','hperottot@com.com')
Insert into HOUSE_ADDRESS(house_address_id , house_address_line_one, house_address_line_two, house_address_zip_id) VALUES(565,'0 Bay Way','',395) 
INSERT INTO LIVING_SITUATION(living_situation_person_id,living_situation_house_address_id) VALUES(565,565)
INSERT INTO PERSON(person_id, person_gender_id, person_first_name, person_last_name, person_email_name) VALUES(566,7,'Codee','Canceller','ccancellerfj@digg.com')
INSERT INTO LIVING_SITUATION(living_situation_person_id,living_situation_house_address_id) VALUES(566,565)
INSERT INTO PERSON(person_id, person_gender_id, person_first_name, person_last_name, person_email_name) VALUES(567,4,'Karim','Gallemore','kgallemorehf@amazon.de')
INSERT INTO LIVING_SITUATION(living_situation_person_id,living_situation_house_address_id) VALUES(567,565)
INSERT INTO PERSON(person_id, person_gender_id, person_first_name, person_last_name, person_email_name) VALUES(568,1,'Prescott','Kippling','pkippling6t@businessweek.com')
INSERT INTO LIVING_SITUATION(living_situation_person_id,living_situation_house_address_id) VALUES(568,565)
INSERT INTO PERSON(person_id, person_gender_id, person_first_name, person_last_name, person_email_name) VALUES(569,8,'Barrie','Shout','bshout38@networkadvertising.org')
Insert into zip(zip_id, zip_code, zip_city, zip_state)Values (569,'10633','White Plains','New York')
Insert into HOUSE_ADDRESS(house_address_id , house_address_line_one, house_address_line_two, house_address_zip_id) VALUES(569,'72079 Meadow Valley Circle','',569) 
INSERT INTO LIVING_SITUATION(living_situation_person_id,living_situation_house_address_id) VALUES(569,569)
INSERT INTO PERSON(person_id, person_gender_id, person_first_name, person_last_name, person_email_name) VALUES(570,4,'Shaughn','Matuska','smatuskadq@upenn.edu')
Insert into HOUSE_ADDRESS(house_address_id , house_address_line_one, house_address_line_two, house_address_zip_id) VALUES(570,'32442 International Alley','',569) 
INSERT INTO LIVING_SITUATION(living_situation_person_id,living_situation_house_address_id) VALUES(570,570)
INSERT INTO PERSON(person_id, person_gender_id, person_first_name, person_last_name, person_email_name) VALUES(571,0,'Joshia','Seaward','jseaward3n@umn.edu')
Insert into zip(zip_id, zip_code, zip_city, zip_state)Values (571,'10557','Mount Vernon','New York')
Insert into HOUSE_ADDRESS(house_address_id , house_address_line_one, house_address_line_two, house_address_zip_id) VALUES(571,'168 Weeping Birch Street','',571) 
INSERT INTO LIVING_SITUATION(living_situation_person_id,living_situation_house_address_id) VALUES(571,571)
INSERT INTO PERSON(person_id, person_gender_id, person_first_name, person_last_name, person_email_name) VALUES(572,7,'Libbie','Raithbie','lraithbieco@paypal.com')
Insert into HOUSE_ADDRESS(house_address_id , house_address_line_one, house_address_line_two, house_address_zip_id) VALUES(572,'9758 Weeping Birch Court','',571) 
INSERT INTO LIVING_SITUATION(living_situation_person_id,living_situation_house_address_id) VALUES(572,572)
INSERT INTO PERSON(person_id, person_gender_id, person_first_name, person_last_name, person_email_name) VALUES(573,3,'Lyndsey','Hiseman','lhisemano2@youtube.com')
Insert into HOUSE_ADDRESS(house_address_id , house_address_line_one, house_address_line_two, house_address_zip_id) VALUES(573,'02 Norway Maple Circle','',571) 
INSERT INTO LIVING_SITUATION(living_situation_person_id,living_situation_house_address_id) VALUES(573,573)
INSERT INTO PERSON(person_id, person_gender_id, person_first_name, person_last_name, person_email_name) VALUES(574,4,'Eadie','Gaiger','egaiger6d@nifty.com')
Insert into HOUSE_ADDRESS(house_address_id , house_address_line_one, house_address_line_two, house_address_zip_id) VALUES(574,'0101 Starling Parkway','',571) 
INSERT INTO LIVING_SITUATION(living_situation_person_id,living_situation_house_address_id) VALUES(574,574)
INSERT INTO PERSON(person_id, person_gender_id, person_first_name, person_last_name, person_email_name) VALUES(575,7,'Coletta','Tamburo','ctamburo42@census.gov')
Insert into zip(zip_id, zip_code, zip_city, zip_state)Values (575,'10606','White Plains','New York')
Insert into HOUSE_ADDRESS(house_address_id , house_address_line_one, house_address_line_two, house_address_zip_id) VALUES(575,'8059 Declaration Road','',575) 
INSERT INTO LIVING_SITUATION(living_situation_person_id,living_situation_house_address_id) VALUES(575,575)
INSERT INTO PERSON(person_id, person_gender_id, person_first_name, person_last_name, person_email_name) VALUES(576,3,'Piotr','Sawers','psawersho@biglobe.ne.jp')
Insert into HOUSE_ADDRESS(house_address_id , house_address_line_one, house_address_line_two, house_address_zip_id) VALUES(576,'8060 Declaration Road','',575) 
INSERT INTO LIVING_SITUATION(living_situation_person_id,living_situation_house_address_id) VALUES(576,576)
INSERT INTO PERSON(person_id, person_gender_id, person_first_name, person_last_name, person_email_name) VALUES(577,2,'Charmane','Baudichon','cbaudichon8v@irs.gov')
Insert into HOUSE_ADDRESS(house_address_id , house_address_line_one, house_address_line_two, house_address_zip_id) VALUES(577,'8061 Declaration Road','',575) 
INSERT INTO LIVING_SITUATION(living_situation_person_id,living_situation_house_address_id) VALUES(577,577)
INSERT INTO PERSON(person_id, person_gender_id, person_first_name, person_last_name, person_email_name) VALUES(578,2,'Rodney','Springell','rspringellll@tinyurl.com')
INSERT INTO LIVING_SITUATION(living_situation_person_id,living_situation_house_address_id) VALUES(578,575)
INSERT INTO PERSON(person_id, person_gender_id, person_first_name, person_last_name, person_email_name) VALUES(579,2,'Bibbye','Francesch','bfrancesch9@exblog.jp')
INSERT INTO LIVING_SITUATION(living_situation_person_id,living_situation_house_address_id) VALUES(579,575)
INSERT INTO PERSON(person_id, person_gender_id, person_first_name, person_last_name, person_email_name) VALUES(580,8,'Bartholemy','Gossipin','bgossipine0@sitemeter.com')
INSERT INTO LIVING_SITUATION(living_situation_person_id,living_situation_house_address_id) VALUES(580,575)
INSERT INTO PERSON(person_id, person_gender_id, person_first_name, person_last_name, person_email_name) VALUES(581,8,'Clemence','Prendiville','cprendivilleng@europa.eu')
Insert into HOUSE_ADDRESS(house_address_id , house_address_line_one, house_address_line_two, house_address_zip_id) VALUES(581,'98283 Grayhawk Hill','',575) 
INSERT INTO LIVING_SITUATION(living_situation_person_id,living_situation_house_address_id) VALUES(581,581)
INSERT INTO PERSON(person_id, person_gender_id, person_first_name, person_last_name, person_email_name) VALUES(582,3,'Richy','Klaiser','rklaiserkn@fc2.com')
Insert into HOUSE_ADDRESS(house_address_id , house_address_line_one, house_address_line_two, house_address_zip_id) VALUES(582,'04 Waywood Terrace','',571) 
INSERT INTO LIVING_SITUATION(living_situation_person_id,living_situation_house_address_id) VALUES(582,582)
INSERT INTO PERSON(person_id, person_gender_id, person_first_name, person_last_name, person_email_name) VALUES(583,9,'Allianora','Seaborn','aseaborn6z@vistaprint.com')
Insert into HOUSE_ADDRESS(house_address_id , house_address_line_one, house_address_line_two, house_address_zip_id) VALUES(583,'28431 Dexter Plaza','',571) 
INSERT INTO LIVING_SITUATION(living_situation_person_id,living_situation_house_address_id) VALUES(583,583)
INSERT INTO PERSON(person_id, person_gender_id, person_first_name, person_last_name, person_email_name) VALUES(584,0,'Nancie','Mariolle','nmariolleck@histats.com')
Insert into HOUSE_ADDRESS(house_address_id , house_address_line_one, house_address_line_two, house_address_zip_id) VALUES(584,'7 Sullivan Terrace','',575) 
INSERT INTO LIVING_SITUATION(living_situation_person_id,living_situation_house_address_id) VALUES(584,584)
INSERT INTO PERSON(person_id, person_gender_id, person_first_name, person_last_name, person_email_name) VALUES(585,2,'Clayborne','Branscomb','cbranscomb6q@ifeng.com')
Insert into HOUSE_ADDRESS(house_address_id , house_address_line_one, house_address_line_two, house_address_zip_id) VALUES(585,'555 Hermina Plaza','',575) 
INSERT INTO LIVING_SITUATION(living_situation_person_id,living_situation_house_address_id) VALUES(585,585)
INSERT INTO PERSON(person_id, person_gender_id, person_first_name, person_last_name, person_email_name) VALUES(586,9,'Ame','Guyot','aguyoter@nih.gov')
Insert into HOUSE_ADDRESS(house_address_id , house_address_line_one, house_address_line_two, house_address_zip_id) VALUES(586,'9110 Surrey Plaza','',571) 
INSERT INTO LIVING_SITUATION(living_situation_person_id,living_situation_house_address_id) VALUES(586,586)
INSERT INTO PERSON(person_id, person_gender_id, person_first_name, person_last_name, person_email_name) VALUES(587,0,'Madelena','Worlock','mworlock4q@nyu.edu')
Insert into HOUSE_ADDRESS(house_address_id , house_address_line_one, house_address_line_two, house_address_zip_id) VALUES(587,'0280 Monica Road','',571) 
INSERT INTO LIVING_SITUATION(living_situation_person_id,living_situation_house_address_id) VALUES(587,587)
INSERT INTO PERSON(person_id, person_gender_id, person_first_name, person_last_name, person_email_name) VALUES(588,0,'Hestia','Selwyne','hselwyneap@msu.edu')
Insert into HOUSE_ADDRESS(house_address_id , house_address_line_one, house_address_line_two, house_address_zip_id) VALUES(588,'566 Corry Circle','',575) 
INSERT INTO LIVING_SITUATION(living_situation_person_id,living_situation_house_address_id) VALUES(588,588)
INSERT INTO PERSON(person_id, person_gender_id, person_first_name, person_last_name, person_email_name) VALUES(589,2,'Mattie','Ayres','mayres3o@soup.io')
Insert into HOUSE_ADDRESS(house_address_id , house_address_line_one, house_address_line_two, house_address_zip_id) VALUES(589,'5751 Hovde Alley','',569) 
INSERT INTO LIVING_SITUATION(living_situation_person_id,living_situation_house_address_id) VALUES(589,589)
INSERT INTO PERSON(person_id, person_gender_id, person_first_name, person_last_name, person_email_name) VALUES(590,8,'Alia','Redfearn','aredfearna6@bloglovin.com')
Insert into HOUSE_ADDRESS(house_address_id , house_address_line_one, house_address_line_two, house_address_zip_id) VALUES(590,'35 David Circle','',575) 
INSERT INTO LIVING_SITUATION(living_situation_person_id,living_situation_house_address_id) VALUES(590,590)
INSERT INTO PERSON(person_id, person_gender_id, person_first_name, person_last_name, person_email_name) VALUES(591,7,'Letizia','Methingam','lmethingamnw@diigo.com')
Insert into HOUSE_ADDRESS(house_address_id , house_address_line_one, house_address_line_two, house_address_zip_id) VALUES(591,'2 Myrtle Point','',569) 
INSERT INTO LIVING_SITUATION(living_situation_person_id,living_situation_house_address_id) VALUES(591,591)
INSERT INTO PERSON(person_id, person_gender_id, person_first_name, person_last_name, person_email_name) VALUES(592,1,'Sol','Bountiff','sbountiffmv@youku.com')
Insert into HOUSE_ADDRESS(house_address_id , house_address_line_one, house_address_line_two, house_address_zip_id) VALUES(592,'52 Monica Hill','',575) 
INSERT INTO LIVING_SITUATION(living_situation_person_id,living_situation_house_address_id) VALUES(592,592)
INSERT INTO PERSON(person_id, person_gender_id, person_first_name, person_last_name, person_email_name) VALUES(593,0,'Fenelia','Howler','fhowler45@clickbank.net')
Insert into HOUSE_ADDRESS(house_address_id , house_address_line_one, house_address_line_two, house_address_zip_id) VALUES(593,'7 Muir Avenue','',569) 
INSERT INTO LIVING_SITUATION(living_situation_person_id,living_situation_house_address_id) VALUES(593,593)
INSERT INTO PERSON(person_id, person_gender_id, person_first_name, person_last_name, person_email_name) VALUES(594,3,'Oby','Bayly','obaylyca@google.com')
Insert into HOUSE_ADDRESS(house_address_id , house_address_line_one, house_address_line_two, house_address_zip_id) VALUES(594,'99 Golf Court','',575) 
INSERT INTO LIVING_SITUATION(living_situation_person_id,living_situation_house_address_id) VALUES(594,594)
INSERT INTO PERSON(person_id, person_gender_id, person_first_name, person_last_name, person_email_name) VALUES(595,8,'Toddy','Scotchbrook','tscotchbrookmw@washingtonpost.com')
Insert into zip(zip_id, zip_code, zip_city, zip_state)Values (595,'12305','Schenectady','New York')
Insert into HOUSE_ADDRESS(house_address_id , house_address_line_one, house_address_line_two, house_address_zip_id) VALUES(595,'25258 Sunbrook Avenue','',595) 
INSERT INTO LIVING_SITUATION(living_situation_person_id,living_situation_house_address_id) VALUES(595,595)
INSERT INTO PERSON(person_id, person_gender_id, person_first_name, person_last_name, person_email_name) VALUES(596,2,'Ailyn','Nornasell','anornasellql@washingtonpost.com')
Insert into HOUSE_ADDRESS(house_address_id , house_address_line_one, house_address_line_two, house_address_zip_id) VALUES(596,'0900 Ludington Alley','',595) 
INSERT INTO LIVING_SITUATION(living_situation_person_id,living_situation_house_address_id) VALUES(596,596)
INSERT INTO PERSON(person_id, person_gender_id, person_first_name, person_last_name, person_email_name) VALUES(597,1,'Hercules','Hamfleet','hhamfleet54@ifeng.com')
Insert into HOUSE_ADDRESS(house_address_id , house_address_line_one, house_address_line_two, house_address_zip_id) VALUES(597,'34619 Armistice Lane','',595) 
INSERT INTO LIVING_SITUATION(living_situation_person_id,living_situation_house_address_id) VALUES(597,597)
INSERT INTO PERSON(person_id, person_gender_id, person_first_name, person_last_name, person_email_name) VALUES(598,1,'August','Authers','aautherspn@wunderground.com')
Insert into zip(zip_id, zip_code, zip_city, zip_state)Values (598,'12325','Schenectady','New York')
Insert into HOUSE_ADDRESS(house_address_id , house_address_line_one, house_address_line_two, house_address_zip_id) VALUES(598,'93040 Sachs Street','',598) 
INSERT INTO LIVING_SITUATION(living_situation_person_id,living_situation_house_address_id) VALUES(598,598)
INSERT INTO PERSON(person_id, person_gender_id, person_first_name, person_last_name, person_email_name) VALUES(599,2,'Avram','Mingus','amingusk3@shutterfly.com')
Insert into HOUSE_ADDRESS(house_address_id , house_address_line_one, house_address_line_two, house_address_zip_id) VALUES(599,'0 Tennessee Plaza','',595) 
INSERT INTO LIVING_SITUATION(living_situation_person_id,living_situation_house_address_id) VALUES(599,599)
INSERT INTO PERSON(person_id, person_gender_id, person_first_name, person_last_name, person_email_name) VALUES(600,1,'Rayna','Trawin','rtrawinjj@1688.com')
Insert into HOUSE_ADDRESS(house_address_id , house_address_line_one, house_address_line_two, house_address_zip_id) VALUES(600,'29 Cascade Street','',598) 
INSERT INTO LIVING_SITUATION(living_situation_person_id,living_situation_house_address_id) VALUES(600,600)
INSERT INTO PERSON(person_id, person_gender_id, person_first_name, person_last_name, person_email_name) VALUES(601,4,'Brooks','Billiard','bbilliard5f@pcworld.com')
Insert into HOUSE_ADDRESS(house_address_id , house_address_line_one, house_address_line_two, house_address_zip_id) VALUES(601,'00 Mifflin Pass','',598) 
INSERT INTO LIVING_SITUATION(living_situation_person_id,living_situation_house_address_id) VALUES(601,601)
INSERT INTO PERSON(person_id, person_gender_id, person_first_name, person_last_name, person_email_name) VALUES(602,7,'Abe','Teers','ateersk5@nymag.com')
Insert into HOUSE_ADDRESS(house_address_id , house_address_line_one, house_address_line_two, house_address_zip_id) VALUES(602,'22 Sommers Lane','',595) 
INSERT INTO LIVING_SITUATION(living_situation_person_id,living_situation_house_address_id) VALUES(602,602)
INSERT INTO PERSON(person_id, person_gender_id, person_first_name, person_last_name, person_email_name) VALUES(603,2,'Lev','Dorrington','ldorringtonny@java.com')
Insert into HOUSE_ADDRESS(house_address_id , house_address_line_one, house_address_line_two, house_address_zip_id) VALUES(603,'0 Union Street','',595) 
INSERT INTO LIVING_SITUATION(living_situation_person_id,living_situation_house_address_id) VALUES(603,603)
INSERT INTO PERSON(person_id, person_gender_id, person_first_name, person_last_name, person_email_name) VALUES(604,7,'Carie','Taylder','ctaylderr1@mail.ru')
Insert into HOUSE_ADDRESS(house_address_id , house_address_line_one, house_address_line_two, house_address_zip_id) VALUES(604,'398 Elgar Lane','',595) 
INSERT INTO LIVING_SITUATION(living_situation_person_id,living_situation_house_address_id) VALUES(604,604)
INSERT INTO PERSON(person_id, person_gender_id, person_first_name, person_last_name, person_email_name) VALUES(605,7,'Kane','Titcom','ktitcomh7@loc.gov')
Insert into HOUSE_ADDRESS(house_address_id , house_address_line_one, house_address_line_two, house_address_zip_id) VALUES(605,'5495 Elka Lane','',598) 
INSERT INTO LIVING_SITUATION(living_situation_person_id,living_situation_house_address_id) VALUES(605,605)
INSERT INTO PERSON(person_id, person_gender_id, person_first_name, person_last_name, person_email_name) VALUES(606,9,'Caspar','Liepmann','cliepmann7c@odnoklassniki.ru')
Insert into HOUSE_ADDRESS(house_address_id , house_address_line_one, house_address_line_two, house_address_zip_id) VALUES(606,'5550 Rusk Park','',598) 
INSERT INTO LIVING_SITUATION(living_situation_person_id,living_situation_house_address_id) VALUES(606,606)
INSERT INTO PERSON(person_id, person_gender_id, person_first_name, person_last_name, person_email_name) VALUES(607,2,'Elsy','Thexton','ethextonb@sohu.com')
Insert into HOUSE_ADDRESS(house_address_id , house_address_line_one, house_address_line_two, house_address_zip_id) VALUES(607,'8435 Tony Lane','',598) 
INSERT INTO LIVING_SITUATION(living_situation_person_id,living_situation_house_address_id) VALUES(607,607)
INSERT INTO PERSON(person_id, person_gender_id, person_first_name, person_last_name, person_email_name) VALUES(608,8,'Stacee','Arnely','sarnelyfl@twitpic.com')
Insert into HOUSE_ADDRESS(house_address_id , house_address_line_one, house_address_line_two, house_address_zip_id) VALUES(608,'0 Acker Plaza','',598) 
INSERT INTO LIVING_SITUATION(living_situation_person_id,living_situation_house_address_id) VALUES(608,608)
INSERT INTO PERSON(person_id, person_gender_id, person_first_name, person_last_name, person_email_name) VALUES(609,0,'Aeriell','Walkowski','awalkowskifa@wisc.edu')
Insert into zip(zip_id, zip_code, zip_city, zip_state)Values (609,'19810','Wilmington','Delaware')
Insert into HOUSE_ADDRESS(house_address_id , house_address_line_one, house_address_line_two, house_address_zip_id) VALUES(609,'71963 Arapahoe Crossing','',609) 
INSERT INTO LIVING_SITUATION(living_situation_person_id,living_situation_house_address_id) VALUES(609,609)
INSERT INTO PERSON(person_id, person_gender_id, person_first_name, person_last_name, person_email_name) VALUES(610,3,'Gilly','Scole','gscoleme@techcrunch.com')
Insert into zip(zip_id, zip_code, zip_city, zip_state)Values (610,'19892','Wilmington','Delaware')
Insert into HOUSE_ADDRESS(house_address_id , house_address_line_one, house_address_line_two, house_address_zip_id) VALUES(610,'2427 Arkansas Crossing','',610) 
INSERT INTO LIVING_SITUATION(living_situation_person_id,living_situation_house_address_id) VALUES(610,610)
INSERT INTO PERSON(person_id, person_gender_id, person_first_name, person_last_name, person_email_name) VALUES(611,7,'Carie','Slides','cslidesic@ycombinator.com')
Insert into zip(zip_id, zip_code, zip_city, zip_state)Values (611,'19805','Wilmington','Delaware')
Insert into HOUSE_ADDRESS(house_address_id , house_address_line_one, house_address_line_two, house_address_zip_id) VALUES(611,'9016 Shoshone Junction','',611) 
INSERT INTO LIVING_SITUATION(living_situation_person_id,living_situation_house_address_id) VALUES(611,611)
INSERT INTO PERSON(person_id, person_gender_id, person_first_name, person_last_name, person_email_name) VALUES(612,8,'Jillana','Craythorne','jcraythorneha@skype.com')
Insert into zip(zip_id, zip_code, zip_city, zip_state)Values (612,'11854','Hicksville','New York')
Insert into HOUSE_ADDRESS(house_address_id , house_address_line_one, house_address_line_two, house_address_zip_id) VALUES(612,'6 Weeping Birch Place','',612) 
INSERT INTO LIVING_SITUATION(living_situation_person_id,living_situation_house_address_id) VALUES(612,612)
INSERT INTO PERSON(person_id, person_gender_id, person_first_name, person_last_name, person_email_name) VALUES(613,0,'Tammy','Kembrey','tkembreyp7@delicious.com')
Insert into HOUSE_ADDRESS(house_address_id , house_address_line_one, house_address_line_two, house_address_zip_id) VALUES(613,'37758 Banding Street','',612) 
INSERT INTO LIVING_SITUATION(living_situation_person_id,living_situation_house_address_id) VALUES(613,613)
INSERT INTO PERSON(person_id, person_gender_id, person_first_name, person_last_name, person_email_name) VALUES(614,4,'Marilee','Monketon','mmonketonrp@nhs.uk')
Insert into HOUSE_ADDRESS(house_address_id , house_address_line_one, house_address_line_two, house_address_zip_id) VALUES(614,'75049 Mitchell Court','',609) 
INSERT INTO LIVING_SITUATION(living_situation_person_id,living_situation_house_address_id) VALUES(614,614)
INSERT INTO PERSON(person_id, person_gender_id, person_first_name, person_last_name, person_email_name) VALUES(615,0,'Gusti','Double','gdouble74@upenn.edu')
Insert into HOUSE_ADDRESS(house_address_id , house_address_line_one, house_address_line_two, house_address_zip_id) VALUES(615,'1 American Terrace','',611) 
INSERT INTO LIVING_SITUATION(living_situation_person_id,living_situation_house_address_id) VALUES(615,615)
INSERT INTO PERSON(person_id, person_gender_id, person_first_name, person_last_name, person_email_name) VALUES(616,1,'Ferne','Cruddace','fcruddace2c@netscape.com')
Insert into HOUSE_ADDRESS(house_address_id , house_address_line_one, house_address_line_two, house_address_zip_id) VALUES(616,'4780 Sachtjen Park','',611) 
INSERT INTO LIVING_SITUATION(living_situation_person_id,living_situation_house_address_id) VALUES(616,616)
INSERT INTO PERSON(person_id, person_gender_id, person_first_name, person_last_name, person_email_name) VALUES(617,3,'Rollo','Yitzowitz','ryitzowitz2j@shop-pro.jp')
Insert into HOUSE_ADDRESS(house_address_id , house_address_line_one, house_address_line_two, house_address_zip_id) VALUES(617,'64754 Village Lane','',610) 
INSERT INTO LIVING_SITUATION(living_situation_person_id,living_situation_house_address_id) VALUES(617,617)
INSERT INTO PERSON(person_id, person_gender_id, person_first_name, person_last_name, person_email_name) VALUES(618,2,'Madeleine','Riccioppo','mriccioppohy@topsy.com')
Insert into zip(zip_id, zip_code, zip_city, zip_state)Values (618,'11024','Great Neck','New York')
Insert into HOUSE_ADDRESS(house_address_id , house_address_line_one, house_address_line_two, house_address_zip_id) VALUES(618,'0036 Huxley Plaza','',618) 
INSERT INTO LIVING_SITUATION(living_situation_person_id,living_situation_house_address_id) VALUES(618,618)
INSERT INTO PERSON(person_id, person_gender_id, person_first_name, person_last_name, person_email_name) VALUES(619,0,'Jozef','Cuskery','jcuskerynb@naver.com')
Insert into zip(zip_id, zip_code, zip_city, zip_state)Values (619,'19897','Wilmington','Delaware')
Insert into HOUSE_ADDRESS(house_address_id , house_address_line_one, house_address_line_two, house_address_zip_id) VALUES(619,'06 Sycamore Court','',619) 
INSERT INTO LIVING_SITUATION(living_situation_person_id,living_situation_house_address_id) VALUES(619,619)
INSERT INTO PERSON(person_id, person_gender_id, person_first_name, person_last_name, person_email_name) VALUES(620,4,'Mariya','Kittles','mkittlesqa@cnn.com')
Insert into HOUSE_ADDRESS(house_address_id , house_address_line_one, house_address_line_two, house_address_zip_id) VALUES(620,'14 Daystar Center','',619) 
INSERT INTO LIVING_SITUATION(living_situation_person_id,living_situation_house_address_id) VALUES(620,620)
INSERT INTO PERSON(person_id, person_gender_id, person_first_name, person_last_name, person_email_name) VALUES(621,3,'Stefanie','McKeowon','smckeowonq8@pagesperso-orange.fr')
Insert into HOUSE_ADDRESS(house_address_id , house_address_line_one, house_address_line_two, house_address_zip_id) VALUES(621,'29189 Rigney Lane','',611) 
INSERT INTO LIVING_SITUATION(living_situation_person_id,living_situation_house_address_id) VALUES(621,621)
INSERT INTO PERSON(person_id, person_gender_id, person_first_name, person_last_name, person_email_name) VALUES(622,4,'Dexter','Tomik','dtomikid@github.com')
Insert into HOUSE_ADDRESS(house_address_id , house_address_line_one, house_address_line_two, house_address_zip_id) VALUES(622,'3 Forster Terrace','',610) 
INSERT INTO LIVING_SITUATION(living_situation_person_id,living_situation_house_address_id) VALUES(622,622)
INSERT INTO PERSON(person_id, person_gender_id, person_first_name, person_last_name, person_email_name) VALUES(623,8,'Kenn','Steddall','ksteddallcm@eepurl.com')
Insert into zip(zip_id, zip_code, zip_city, zip_state)Values (623,'19886','Wilmington','Delaware')
Insert into HOUSE_ADDRESS(house_address_id , house_address_line_one, house_address_line_two, house_address_zip_id) VALUES(623,'39805 Raven Place','',623) 
INSERT INTO LIVING_SITUATION(living_situation_person_id,living_situation_house_address_id) VALUES(623,623)
INSERT INTO PERSON(person_id, person_gender_id, person_first_name, person_last_name, person_email_name) VALUES(624,1,'Hattie','Deighton','hdeightonq1@cdbaby.com')
Insert into HOUSE_ADDRESS(house_address_id , house_address_line_one, house_address_line_two, house_address_zip_id) VALUES(624,'47431 Randy Trail','',619) 
INSERT INTO LIVING_SITUATION(living_situation_person_id,living_situation_house_address_id) VALUES(624,624)
INSERT INTO PERSON(person_id, person_gender_id, person_first_name, person_last_name, person_email_name) VALUES(625,4,'Caril','Bakesef','cbakesefr0@slashdot.org')
Insert into HOUSE_ADDRESS(house_address_id , house_address_line_one, house_address_line_two, house_address_zip_id) VALUES(625,'7 Algoma Junction','',612) 
INSERT INTO LIVING_SITUATION(living_situation_person_id,living_situation_house_address_id) VALUES(625,625)
INSERT INTO PERSON(person_id, person_gender_id, person_first_name, person_last_name, person_email_name) VALUES(626,7,'Rubia','Tigwell','rtigwell77@rediff.com')
Insert into HOUSE_ADDRESS(house_address_id , house_address_line_one, house_address_line_two, house_address_zip_id) VALUES(626,'0615 Chive Plaza','',612) 
INSERT INTO LIVING_SITUATION(living_situation_person_id,living_situation_house_address_id) VALUES(626,626)
INSERT INTO PERSON(person_id, person_gender_id, person_first_name, person_last_name, person_email_name) VALUES(627,0,'Roth','Bedell','rbedellr8@usatoday.com')
Insert into HOUSE_ADDRESS(house_address_id , house_address_line_one, house_address_line_two, house_address_zip_id) VALUES(627,'5 Hauk Junction','',612) 
INSERT INTO LIVING_SITUATION(living_situation_person_id,living_situation_house_address_id) VALUES(627,627)
INSERT INTO PERSON(person_id, person_gender_id, person_first_name, person_last_name, person_email_name) VALUES(628,9,'Dorolisa','Kiellor','dkiellor5n@bigcartel.com')
Insert into HOUSE_ADDRESS(house_address_id , house_address_line_one, house_address_line_two, house_address_zip_id) VALUES(628,'8 Moulton Plaza','',612) 
INSERT INTO LIVING_SITUATION(living_situation_person_id,living_situation_house_address_id) VALUES(628,628)
INSERT INTO PERSON(person_id, person_gender_id, person_first_name, person_last_name, person_email_name) VALUES(629,7,'Liza','Reignolds','lreignoldsk8@google.es')
INSERT INTO LIVING_SITUATION(living_situation_person_id,living_situation_house_address_id) VALUES(629,628)
INSERT INTO PERSON(person_id, person_gender_id, person_first_name, person_last_name, person_email_name) VALUES(630,9,'Suzette','Leger','sleger6l@tmall.com')
INSERT INTO LIVING_SITUATION(living_situation_person_id,living_situation_house_address_id) VALUES(630,628)
INSERT INTO PERSON(person_id, person_gender_id, person_first_name, person_last_name, person_email_name) VALUES(631,1,'Welbie','Garron','wgarron8u@pcworld.com')
Insert into HOUSE_ADDRESS(house_address_id , house_address_line_one, house_address_line_two, house_address_zip_id) VALUES(631,'95147 Brown Way','',623) 
INSERT INTO LIVING_SITUATION(living_situation_person_id,living_situation_house_address_id) VALUES(631,631)
INSERT INTO PERSON(person_id, person_gender_id, person_first_name, person_last_name, person_email_name) VALUES(632,4,'Murielle','Form','mformm6@ucla.edu')
Insert into HOUSE_ADDRESS(house_address_id , house_address_line_one, house_address_line_two, house_address_zip_id) VALUES(632,'109 Katie Pass','',618) 
INSERT INTO LIVING_SITUATION(living_situation_person_id,living_situation_house_address_id) VALUES(632,632)
INSERT INTO PERSON(person_id, person_gender_id, person_first_name, person_last_name, person_email_name) VALUES(633,9,'Sibella','Nezey','snezey4k@adobe.com')
Insert into HOUSE_ADDRESS(house_address_id , house_address_line_one, house_address_line_two, house_address_zip_id) VALUES(633,'3 Village Lane','',610) 
INSERT INTO LIVING_SITUATION(living_situation_person_id,living_situation_house_address_id) VALUES(633,633)
INSERT INTO PERSON(person_id, person_gender_id, person_first_name, person_last_name, person_email_name) VALUES(634,9,'Monique','Eykel','meykel1r@diigo.com')
Insert into HOUSE_ADDRESS(house_address_id , house_address_line_one, house_address_line_two, house_address_zip_id) VALUES(634,'66 Elka Avenue','',612) 
INSERT INTO LIVING_SITUATION(living_situation_person_id,living_situation_house_address_id) VALUES(634,634)
INSERT INTO PERSON(person_id, person_gender_id, person_first_name, person_last_name, person_email_name) VALUES(635,7,'Tabor','Ecclestone','tecclestonef3@nifty.com')
Insert into HOUSE_ADDRESS(house_address_id , house_address_line_one, house_address_line_two, house_address_zip_id) VALUES(635,'84 Kropf Plaza','',609) 
INSERT INTO LIVING_SITUATION(living_situation_person_id,living_situation_house_address_id) VALUES(635,635)
INSERT INTO PERSON(person_id, person_gender_id, person_first_name, person_last_name, person_email_name) VALUES(636,0,'Egan','O''Harney','eoharney9p@w3.org')
Insert into HOUSE_ADDRESS(house_address_id , house_address_line_one, house_address_line_two, house_address_zip_id) VALUES(636,'8 Clove Drive','',609) 
INSERT INTO LIVING_SITUATION(living_situation_person_id,living_situation_house_address_id) VALUES(636,636)
INSERT INTO PERSON(person_id, person_gender_id, person_first_name, person_last_name, person_email_name) VALUES(637,7,'Alissa','Marner','amarnerc3@forbes.com')
INSERT INTO LIVING_SITUATION(living_situation_person_id,living_situation_house_address_id) VALUES(637,636)
INSERT INTO PERSON(person_id, person_gender_id, person_first_name, person_last_name, person_email_name) VALUES(638,0,'Bram','Vigers','bvigers6y@myspace.com')
INSERT INTO LIVING_SITUATION(living_situation_person_id,living_situation_house_address_id) VALUES(638,636)
INSERT INTO PERSON(person_id, person_gender_id, person_first_name, person_last_name, person_email_name) VALUES(639,0,'Sandie','Mulvenna','smulvennaou@hostgator.com')
INSERT INTO LIVING_SITUATION(living_situation_person_id,living_situation_house_address_id) VALUES(639,636)
INSERT INTO PERSON(person_id, person_gender_id, person_first_name, person_last_name, person_email_name) VALUES(640,2,'Georg','McCarroll','gmccarrolldc@google.cn')
INSERT INTO LIVING_SITUATION(living_situation_person_id,living_situation_house_address_id) VALUES(640,636)
INSERT INTO PERSON(person_id, person_gender_id, person_first_name, person_last_name, person_email_name) VALUES(641,2,'Fairfax','Morrad','fmorrad3z@mysql.com')
Insert into zip(zip_id, zip_code, zip_city, zip_state)Values (641,'14614','Rochester','New York')
Insert into HOUSE_ADDRESS(house_address_id , house_address_line_one, house_address_line_two, house_address_zip_id) VALUES(641,'30694 Stone Corner Road','',641) 
INSERT INTO LIVING_SITUATION(living_situation_person_id,living_situation_house_address_id) VALUES(641,641)
INSERT INTO PERSON(person_id, person_gender_id, person_first_name, person_last_name, person_email_name) VALUES(642,4,'Jan','Popple','jpopplea8@washington.edu')
Insert into zip(zip_id, zip_code, zip_city, zip_state)Values (642,'14619','Rochester','New York')
Insert into HOUSE_ADDRESS(house_address_id , house_address_line_one, house_address_line_two, house_address_zip_id) VALUES(642,'3386 Summerview Parkway','',642) 
INSERT INTO LIVING_SITUATION(living_situation_person_id,living_situation_house_address_id) VALUES(642,642)
INSERT INTO PERSON(person_id, person_gender_id, person_first_name, person_last_name, person_email_name) VALUES(643,1,'Daffie','Pashby','dpashbydj@amazonaws.com')
Insert into zip(zip_id, zip_code, zip_city, zip_state)Values (643,'14609','Rochester','New York')
Insert into HOUSE_ADDRESS(house_address_id , house_address_line_one, house_address_line_two, house_address_zip_id) VALUES(643,'74198 Knutson Crossing','',643) 
INSERT INTO LIVING_SITUATION(living_situation_person_id,living_situation_house_address_id) VALUES(643,643)
INSERT INTO PERSON(person_id, person_gender_id, person_first_name, person_last_name, person_email_name) VALUES(644,0,'Far','Dominka','fdominkafc@vkontakte.ru')
Insert into zip(zip_id, zip_code, zip_city, zip_state)Values (644,'14652','Rochester','New York')
Insert into HOUSE_ADDRESS(house_address_id , house_address_line_one, house_address_line_two, house_address_zip_id) VALUES(644,'0789 Colorado Avenue','',644) 
INSERT INTO LIVING_SITUATION(living_situation_person_id,living_situation_house_address_id) VALUES(644,644)
INSERT INTO PERSON(person_id, person_gender_id, person_first_name, person_last_name, person_email_name) VALUES(645,7,'Clement','Copeman','ccopeman10@sbwire.com')
Insert into zip(zip_id, zip_code, zip_city, zip_state)Values (645,'14646','Rochester','New York')
Insert into HOUSE_ADDRESS(house_address_id , house_address_line_one, house_address_line_two, house_address_zip_id) VALUES(645,'427 Armistice Street','',645) 
INSERT INTO LIVING_SITUATION(living_situation_person_id,living_situation_house_address_id) VALUES(645,645)
INSERT INTO PERSON(person_id, person_gender_id, person_first_name, person_last_name, person_email_name) VALUES(646,4,'Sibylla','Gruszczak','sgruszczakpv@friendfeed.com')
Insert into zip(zip_id, zip_code, zip_city, zip_state)Values (646,'14683','Rochester','New York')
Insert into HOUSE_ADDRESS(house_address_id , house_address_line_one, house_address_line_two, house_address_zip_id) VALUES(646,'03 Arizona Junction','',646) 
INSERT INTO LIVING_SITUATION(living_situation_person_id,living_situation_house_address_id) VALUES(646,646)
INSERT INTO PERSON(person_id, person_gender_id, person_first_name, person_last_name, person_email_name) VALUES(647,0,'Bartlett','Jaume','bjaumepx@newsvine.com')
Insert into zip(zip_id, zip_code, zip_city, zip_state)Values (647,'14624','Rochester','New York')
Insert into HOUSE_ADDRESS(house_address_id , house_address_line_one, house_address_line_two, house_address_zip_id) VALUES(647,'1130 Lerdahl Circle','',647) 
INSERT INTO LIVING_SITUATION(living_situation_person_id,living_situation_house_address_id) VALUES(647,647)
INSERT INTO PERSON(person_id, person_gender_id, person_first_name, person_last_name, person_email_name) VALUES(648,9,'Mimi','Nyland','mnylandm4@hugedomains.com')
Insert into HOUSE_ADDRESS(house_address_id , house_address_line_one, house_address_line_two, house_address_zip_id) VALUES(648,'45 Farwell Junction','',644) 
INSERT INTO LIVING_SITUATION(living_situation_person_id,living_situation_house_address_id) VALUES(648,648)
INSERT INTO PERSON(person_id, person_gender_id, person_first_name, person_last_name, person_email_name) VALUES(649,7,'Valli','Fairbourn','vfairbourn9j@1und1.de')
Insert into HOUSE_ADDRESS(house_address_id , house_address_line_one, house_address_line_two, house_address_zip_id) VALUES(649,'052 Starling Point','',642) 
INSERT INTO LIVING_SITUATION(living_situation_person_id,living_situation_house_address_id) VALUES(649,649)
INSERT INTO PERSON(person_id, person_gender_id, person_first_name, person_last_name, person_email_name) VALUES(650,2,'Bernhard','Noweak','bnoweakgx@tamu.edu')
Insert into HOUSE_ADDRESS(house_address_id , house_address_line_one, house_address_line_two, house_address_zip_id) VALUES(650,'2775 Jenna Parkway','',644) 
INSERT INTO LIVING_SITUATION(living_situation_person_id,living_situation_house_address_id) VALUES(650,650)
INSERT INTO PERSON(person_id, person_gender_id, person_first_name, person_last_name, person_email_name) VALUES(651,7,'Eolanda','Larenson','elarensondf@sun.com')
Insert into zip(zip_id, zip_code, zip_city, zip_state)Values (651,'14604','Rochester','New York')
Insert into HOUSE_ADDRESS(house_address_id , house_address_line_one, house_address_line_two, house_address_zip_id) VALUES(651,'96 Knutson Parkway','',651) 
INSERT INTO LIVING_SITUATION(living_situation_person_id,living_situation_house_address_id) VALUES(651,651)
INSERT INTO PERSON(person_id, person_gender_id, person_first_name, person_last_name, person_email_name) VALUES(652,9,'Lira','Welband','lwelbandgq@geocities.jp')
Insert into HOUSE_ADDRESS(house_address_id , house_address_line_one, house_address_line_two, house_address_zip_id) VALUES(652,'01399 Katie Drive','',651) 
INSERT INTO LIVING_SITUATION(living_situation_person_id,living_situation_house_address_id) VALUES(652,652)
INSERT INTO PERSON(person_id, person_gender_id, person_first_name, person_last_name, person_email_name) VALUES(653,2,'Brennen','Collingdon','bcollingdon4h@tuttocitta.it')
Insert into HOUSE_ADDRESS(house_address_id , house_address_line_one, house_address_line_two, house_address_zip_id) VALUES(653,'2 Crownhardt Pass','',647) 
INSERT INTO LIVING_SITUATION(living_situation_person_id,living_situation_house_address_id) VALUES(653,653)
INSERT INTO PERSON(person_id, person_gender_id, person_first_name, person_last_name, person_email_name) VALUES(654,2,'Kip','Bissiker','kbissikerlu@macromedia.com')
Insert into HOUSE_ADDRESS(house_address_id , house_address_line_one, house_address_line_two, house_address_zip_id) VALUES(654,'6075 Portage Lane','',644) 
INSERT INTO LIVING_SITUATION(living_situation_person_id,living_situation_house_address_id) VALUES(654,654)
INSERT INTO PERSON(person_id, person_gender_id, person_first_name, person_last_name, person_email_name) VALUES(655,3,'Donelle','Cleugher','dcleugher2a@house.gov')
Insert into HOUSE_ADDRESS(house_address_id , house_address_line_one, house_address_line_two, house_address_zip_id) VALUES(655,'824 Sundown Trail','',642) 
INSERT INTO LIVING_SITUATION(living_situation_person_id,living_situation_house_address_id) VALUES(655,655)
INSERT INTO PERSON(person_id, person_gender_id, person_first_name, person_last_name, person_email_name) VALUES(656,8,'Ynes','Bengall','ybengallb5@economist.com')
Insert into zip(zip_id, zip_code, zip_city, zip_state)Values (656,'14639','Rochester','New York')
Insert into HOUSE_ADDRESS(house_address_id , house_address_line_one, house_address_line_two, house_address_zip_id) VALUES(656,'9131 Harbort Road','',656) 
INSERT INTO LIVING_SITUATION(living_situation_person_id,living_situation_house_address_id) VALUES(656,656)
INSERT INTO PERSON(person_id, person_gender_id, person_first_name, person_last_name, person_email_name) VALUES(657,8,'Susana','Aylett','saylett28@discovery.com')
Insert into HOUSE_ADDRESS(house_address_id , house_address_line_one, house_address_line_two, house_address_zip_id) VALUES(657,'24 Kipling Alley','',646) 
INSERT INTO LIVING_SITUATION(living_situation_person_id,living_situation_house_address_id) VALUES(657,657)
INSERT INTO PERSON(person_id, person_gender_id, person_first_name, person_last_name, person_email_name) VALUES(658,0,'Geralda','Shafto','gshaftoit@craigslist.org')
Insert into HOUSE_ADDRESS(house_address_id , house_address_line_one, house_address_line_two, house_address_zip_id) VALUES(658,'5 Nancy Crossing','',644) 
INSERT INTO LIVING_SITUATION(living_situation_person_id,living_situation_house_address_id) VALUES(658,658)
INSERT INTO PERSON(person_id, person_gender_id, person_first_name, person_last_name, person_email_name) VALUES(659,8,'Sallee','Retchford','sretchfordgt@com.com')
Insert into HOUSE_ADDRESS(house_address_id , house_address_line_one, house_address_line_two, house_address_zip_id) VALUES(659,'5 Tennessee Pass','',656) 
INSERT INTO LIVING_SITUATION(living_situation_person_id,living_situation_house_address_id) VALUES(659,659)
INSERT INTO PERSON(person_id, person_gender_id, person_first_name, person_last_name, person_email_name) VALUES(660,2,'Seward','O''Leahy','soleahy11@wsj.com')
Insert into HOUSE_ADDRESS(house_address_id , house_address_line_one, house_address_line_two, house_address_zip_id) VALUES(660,'257 West Street','',651) 
INSERT INTO LIVING_SITUATION(living_situation_person_id,living_situation_house_address_id) VALUES(660,660)
INSERT INTO PERSON(person_id, person_gender_id, person_first_name, person_last_name, person_email_name) VALUES(661,2,'Tadeo','Eat','teatc1@scribd.com')
Insert into HOUSE_ADDRESS(house_address_id , house_address_line_one, house_address_line_two, house_address_zip_id) VALUES(661,'6 Mcbride Place','',647) 
INSERT INTO LIVING_SITUATION(living_situation_person_id,living_situation_house_address_id) VALUES(661,661)
INSERT INTO PERSON(person_id, person_gender_id, person_first_name, person_last_name, person_email_name) VALUES(662,0,'Duky','Stellino','dstellino9g@blogspot.com')
Insert into HOUSE_ADDRESS(house_address_id , house_address_line_one, house_address_line_two, house_address_zip_id) VALUES(662,'6080 Kropf Hill','',656) 
INSERT INTO LIVING_SITUATION(living_situation_person_id,living_situation_house_address_id) VALUES(662,662)
INSERT INTO PERSON(person_id, person_gender_id, person_first_name, person_last_name, person_email_name) VALUES(663,9,'Colin','Euler','ceulergw@google.com.br')
Insert into HOUSE_ADDRESS(house_address_id , house_address_line_one, house_address_line_two, house_address_zip_id) VALUES(663,'928 Mayer Drive','',647) 
INSERT INTO LIVING_SITUATION(living_situation_person_id,living_situation_house_address_id) VALUES(663,663)
INSERT INTO PERSON(person_id, person_gender_id, person_first_name, person_last_name, person_email_name) VALUES(664,8,'Jerrome','Wein','jweinin@sogou.com')
Insert into HOUSE_ADDRESS(house_address_id , house_address_line_one, house_address_line_two, house_address_zip_id) VALUES(664,'04 Merry Court','',642) 
INSERT INTO LIVING_SITUATION(living_situation_person_id,living_situation_house_address_id) VALUES(664,664)
INSERT INTO PERSON(person_id, person_gender_id, person_first_name, person_last_name, person_email_name) VALUES(665,9,'Courtnay','Gionettitti','cgionettitti7g@merriam-webster.com')
Insert into HOUSE_ADDRESS(house_address_id , house_address_line_one, house_address_line_two, house_address_zip_id) VALUES(665,'21 Emmet Point','',651) 
INSERT INTO LIVING_SITUATION(living_situation_person_id,living_situation_house_address_id) VALUES(665,665)
INSERT INTO PERSON(person_id, person_gender_id, person_first_name, person_last_name, person_email_name) VALUES(666,9,'Orv','Walding','owaldingla@timesonline.co.uk')
Insert into HOUSE_ADDRESS(house_address_id , house_address_line_one, house_address_line_two, house_address_zip_id) VALUES(666,'505 Kropf Pass','',656) 
INSERT INTO LIVING_SITUATION(living_situation_person_id,living_situation_house_address_id) VALUES(666,666)
INSERT INTO PERSON(person_id, person_gender_id, person_first_name, person_last_name, person_email_name) VALUES(667,0,'Loy','MacBean','lmacbeanjw@disqus.com')
Insert into HOUSE_ADDRESS(house_address_id , house_address_line_one, house_address_line_two, house_address_zip_id) VALUES(667,'6 Bonner Park','',645) 
INSERT INTO LIVING_SITUATION(living_situation_person_id,living_situation_house_address_id) VALUES(667,667)
INSERT INTO PERSON(person_id, person_gender_id, person_first_name, person_last_name, person_email_name) VALUES(668,0,'Tracey','Whiskerd','twhiskerdg2@spotify.com')
Insert into HOUSE_ADDRESS(house_address_id , house_address_line_one, house_address_line_two, house_address_zip_id) VALUES(668,'92 Acker Hill','',656) 
INSERT INTO LIVING_SITUATION(living_situation_person_id,living_situation_house_address_id) VALUES(668,668)
INSERT INTO PERSON(person_id, person_gender_id, person_first_name, person_last_name, person_email_name) VALUES(669,3,'Randie','Rumin','rruminqg@un.org')
Insert into HOUSE_ADDRESS(house_address_id , house_address_line_one, house_address_line_two, house_address_zip_id) VALUES(669,'99 Debra Hill','',647) 
INSERT INTO LIVING_SITUATION(living_situation_person_id,living_situation_house_address_id) VALUES(669,669)
INSERT INTO PERSON(person_id, person_gender_id, person_first_name, person_last_name, person_email_name) VALUES(670,9,'Artemis','Gidden','agiddend3@flickr.com')
Insert into HOUSE_ADDRESS(house_address_id , house_address_line_one, house_address_line_two, house_address_zip_id) VALUES(670,'7 Truax Hill','',651) 
INSERT INTO LIVING_SITUATION(living_situation_person_id,living_situation_house_address_id) VALUES(670,670)
INSERT INTO PERSON(person_id, person_gender_id, person_first_name, person_last_name, person_email_name) VALUES(671,3,'Jerrome','McTrustram','jmctrustram5j@prnewswire.com')
Insert into HOUSE_ADDRESS(house_address_id , house_address_line_one, house_address_line_two, house_address_zip_id) VALUES(671,'6 Lien Lane','',645) 
INSERT INTO LIVING_SITUATION(living_situation_person_id,living_situation_house_address_id) VALUES(671,671)
INSERT INTO PERSON(person_id, person_gender_id, person_first_name, person_last_name, person_email_name) VALUES(672,4,'Ailsun','Celle','acellenn@nationalgeographic.com')
Insert into zip(zip_id, zip_code, zip_city, zip_state)Values (672,'11205','Brooklyn','New York')
Insert into HOUSE_ADDRESS(house_address_id , house_address_line_one, house_address_line_two, house_address_zip_id) VALUES(672,'3438 Independence Avenue','',672) 
INSERT INTO LIVING_SITUATION(living_situation_person_id,living_situation_house_address_id) VALUES(672,672)
INSERT INTO PERSON(person_id, person_gender_id, person_first_name, person_last_name, person_email_name) VALUES(673,3,'Nils','Gulk','ngulk55@hhs.gov')
Insert into zip(zip_id, zip_code, zip_city, zip_state)Values (673,'11215','Brooklyn','New York')
Insert into HOUSE_ADDRESS(house_address_id , house_address_line_one, house_address_line_two, house_address_zip_id) VALUES(673,'0953 Northridge Parkway','',673) 
INSERT INTO LIVING_SITUATION(living_situation_person_id,living_situation_house_address_id) VALUES(673,673)
INSERT INTO PERSON(person_id, person_gender_id, person_first_name, person_last_name, person_email_name) VALUES(674,4,'Ezechiel','Fevers','efevers8l@theguardian.com')
Insert into HOUSE_ADDRESS(house_address_id , house_address_line_one, house_address_line_two, house_address_zip_id) VALUES(674,'2 Messerschmidt Terrace','',673) 
INSERT INTO LIVING_SITUATION(living_situation_person_id,living_situation_house_address_id) VALUES(674,674)
INSERT INTO PERSON(person_id, person_gender_id, person_first_name, person_last_name, person_email_name) VALUES(675,8,'Gaspard','O''Dunniom','godunniomw@myspace.com')
Insert into zip(zip_id, zip_code, zip_city, zip_state)Values (675,'13251','Syracuse','New York')
Insert into HOUSE_ADDRESS(house_address_id , house_address_line_one, house_address_line_two, house_address_zip_id) VALUES(675,'434 Westerfield Terrace','',675) 
INSERT INTO LIVING_SITUATION(living_situation_person_id,living_situation_house_address_id) VALUES(675,675)
INSERT INTO PERSON(person_id, person_gender_id, person_first_name, person_last_name, person_email_name) VALUES(676,3,'Rey','McLeman','rmclemanod@columbia.edu')
Insert into zip(zip_id, zip_code, zip_city, zip_state)Values (676,'11210','Brooklyn','New York')
Insert into HOUSE_ADDRESS(house_address_id , house_address_line_one, house_address_line_two, house_address_zip_id) VALUES(676,'51831 Commercial Circle','',676) 
INSERT INTO LIVING_SITUATION(living_situation_person_id,living_situation_house_address_id) VALUES(676,676)
INSERT INTO PERSON(person_id, person_gender_id, person_first_name, person_last_name, person_email_name) VALUES(677,9,'Carver','Greenlees','cgreenleesmt@linkedin.com')
Insert into zip(zip_id, zip_code, zip_city, zip_state)Values (677,'11388','Flushing','New York')
Insert into HOUSE_ADDRESS(house_address_id , house_address_line_one, house_address_line_two, house_address_zip_id) VALUES(677,'835 Crescent Oaks Plaza','',677) 
INSERT INTO LIVING_SITUATION(living_situation_person_id,living_situation_house_address_id) VALUES(677,677)
INSERT INTO PERSON(person_id, person_gender_id, person_first_name, person_last_name, person_email_name) VALUES(678,7,'Garik','Wrate','gwrateqx@addtoany.com')
Insert into HOUSE_ADDRESS(house_address_id , house_address_line_one, house_address_line_two, house_address_zip_id) VALUES(678,'16649 Mockingbird Hill','',672) 
INSERT INTO LIVING_SITUATION(living_situation_person_id,living_situation_house_address_id) VALUES(678,678)
INSERT INTO PERSON(person_id, person_gender_id, person_first_name, person_last_name, person_email_name) VALUES(679,2,'Roanna','Dugan','rdugan8x@smugmug.com')
Insert into zip(zip_id, zip_code, zip_city, zip_state)Values (679,'13210','Syracuse','New York')
Insert into HOUSE_ADDRESS(house_address_id , house_address_line_one, house_address_line_two, house_address_zip_id) VALUES(679,'491 Glacier Hill Trail','',679) 
INSERT INTO LIVING_SITUATION(living_situation_person_id,living_situation_house_address_id) VALUES(679,679)
INSERT INTO PERSON(person_id, person_gender_id, person_first_name, person_last_name, person_email_name) VALUES(680,9,'Cam','Pitts','cpittslb@oaic.gov.au')
Insert into zip(zip_id, zip_code, zip_city, zip_state)Values (680,'11220','Brooklyn','New York')
Insert into HOUSE_ADDRESS(house_address_id , house_address_line_one, house_address_line_two, house_address_zip_id) VALUES(680,'6143 Loftsgordon Point','',680) 
INSERT INTO LIVING_SITUATION(living_situation_person_id,living_situation_house_address_id) VALUES(680,680)
INSERT INTO PERSON(person_id, person_gender_id, person_first_name, person_last_name, person_email_name) VALUES(681,4,'Sara-ann','Giacopelo','sgiacopelocx@eventbrite.com')
Insert into zip(zip_id, zip_code, zip_city, zip_state)Values (681,'13205','Syracuse','New York')
Insert into HOUSE_ADDRESS(house_address_id , house_address_line_one, house_address_line_two, house_address_zip_id) VALUES(681,'9 Manufacturers Circle','',681) 
INSERT INTO LIVING_SITUATION(living_situation_person_id,living_situation_house_address_id) VALUES(681,681)
INSERT INTO PERSON(person_id, person_gender_id, person_first_name, person_last_name, person_email_name) VALUES(682,8,'Nicolis','Sibylla','nsibyllad@goo.gl')
Insert into HOUSE_ADDRESS(house_address_id , house_address_line_one, house_address_line_two, house_address_zip_id) VALUES(682,'722 Rockefeller Place','',673) 
INSERT INTO LIVING_SITUATION(living_situation_person_id,living_situation_house_address_id) VALUES(682,682)
INSERT INTO PERSON(person_id, person_gender_id, person_first_name, person_last_name, person_email_name) VALUES(683,0,'Jammie','Rego','jregoo6@gravatar.com')
Insert into HOUSE_ADDRESS(house_address_id , house_address_line_one, house_address_line_two, house_address_zip_id) VALUES(683,'8408 Michigan Parkway','',673) 
INSERT INTO LIVING_SITUATION(living_situation_person_id,living_situation_house_address_id) VALUES(683,683)
INSERT INTO PERSON(person_id, person_gender_id, person_first_name, person_last_name, person_email_name) VALUES(684,2,'Stephi','Manilove','smanilove7j@so-net.ne.jp')
Insert into HOUSE_ADDRESS(house_address_id , house_address_line_one, house_address_line_two, house_address_zip_id) VALUES(684,'843 Golf Course Trail','',673) 
INSERT INTO LIVING_SITUATION(living_situation_person_id,living_situation_house_address_id) VALUES(684,684)
INSERT INTO PERSON(person_id, person_gender_id, person_first_name, person_last_name, person_email_name) VALUES(685,8,'Reinwald','Rapson','rrapson8b@foxnews.com')
Insert into zip(zip_id, zip_code, zip_city, zip_state)Values (685,'11241','Brooklyn','New York')
Insert into HOUSE_ADDRESS(house_address_id , house_address_line_one, house_address_line_two, house_address_zip_id) VALUES(685,'90 Pennsylvania Place','',685) 
INSERT INTO LIVING_SITUATION(living_situation_person_id,living_situation_house_address_id) VALUES(685,685)
INSERT INTO PERSON(person_id, person_gender_id, person_first_name, person_last_name, person_email_name) VALUES(686,4,'Pooh','Somerbell','psomerbellhb@slate.com')
Insert into HOUSE_ADDRESS(house_address_id , house_address_line_one, house_address_line_two, house_address_zip_id) VALUES(686,'07003 Maryland Alley','',677) 
INSERT INTO LIVING_SITUATION(living_situation_person_id,living_situation_house_address_id) VALUES(686,686)
INSERT INTO PERSON(person_id, person_gender_id, person_first_name, person_last_name, person_email_name) VALUES(687,8,'Burtie','Readwing','breadwingo1@marriott.com')
Insert into zip(zip_id, zip_code, zip_city, zip_state)Values (687,'13217','Syracuse','New York')
Insert into HOUSE_ADDRESS(house_address_id , house_address_line_one, house_address_line_two, house_address_zip_id) VALUES(687,'075 Hollow Ridge Way','',687) 
INSERT INTO LIVING_SITUATION(living_situation_person_id,living_situation_house_address_id) VALUES(687,687)
INSERT INTO PERSON(person_id, person_gender_id, person_first_name, person_last_name, person_email_name) VALUES(688,3,'Freddie','Keepence','fkeepencegg@kickstarter.com')
Insert into HOUSE_ADDRESS(house_address_id , house_address_line_one, house_address_line_two, house_address_zip_id) VALUES(688,'1 Northview Junction','',680) 
INSERT INTO LIVING_SITUATION(living_situation_person_id,living_situation_house_address_id) VALUES(688,688)
INSERT INTO PERSON(person_id, person_gender_id, person_first_name, person_last_name, person_email_name) VALUES(689,4,'Penn','Conboy','pconboynx@bing.com')
Insert into HOUSE_ADDRESS(house_address_id , house_address_line_one, house_address_line_two, house_address_zip_id) VALUES(689,'13405 Victoria Trail','',675) 
INSERT INTO LIVING_SITUATION(living_situation_person_id,living_situation_house_address_id) VALUES(689,689)
INSERT INTO PERSON(person_id, person_gender_id, person_first_name, person_last_name, person_email_name) VALUES(690,2,'Mada','Darkott','mdarkott4i@telegraph.co.uk')
Insert into HOUSE_ADDRESS(house_address_id , house_address_line_one, house_address_line_two, house_address_zip_id) VALUES(690,'3430 Golf View Court','',673) 
INSERT INTO LIVING_SITUATION(living_situation_person_id,living_situation_house_address_id) VALUES(690,690)
INSERT INTO PERSON(person_id, person_gender_id, person_first_name, person_last_name, person_email_name) VALUES(691,4,'Marian','Towlson','mtowlson3h@delicious.com')
Insert into zip(zip_id, zip_code, zip_city, zip_state)Values (691,'13224','Syracuse','New York')
Insert into HOUSE_ADDRESS(house_address_id , house_address_line_one, house_address_line_two, house_address_zip_id) VALUES(691,'5 Buena Vista Circle','',691) 
INSERT INTO LIVING_SITUATION(living_situation_person_id,living_situation_house_address_id) VALUES(691,691)
INSERT INTO PERSON(person_id, person_gender_id, person_first_name, person_last_name, person_email_name) VALUES(692,8,'Gianina','Walley','gwalleyi2@digg.com')
Insert into HOUSE_ADDRESS(house_address_id , house_address_line_one, house_address_line_two, house_address_zip_id) VALUES(692,'666 Crest Line Point','',679) 
INSERT INTO LIVING_SITUATION(living_situation_person_id,living_situation_house_address_id) VALUES(692,692)
INSERT INTO PERSON(person_id, person_gender_id, person_first_name, person_last_name, person_email_name) VALUES(693,7,'Berkly','Friday','bfriday7v@mozilla.org')
Insert into HOUSE_ADDRESS(house_address_id , house_address_line_one, house_address_line_two, house_address_zip_id) VALUES(693,'947 Londonderry Pass','',681) 
INSERT INTO LIVING_SITUATION(living_situation_person_id,living_situation_house_address_id) VALUES(693,693)
INSERT INTO PERSON(person_id, person_gender_id, person_first_name, person_last_name, person_email_name) VALUES(694,0,'Beilul','Dignon','bdignon9q@tamu.edu')
Insert into HOUSE_ADDRESS(house_address_id , house_address_line_one, house_address_line_two, house_address_zip_id) VALUES(694,'17014 Onsgard Trail','',691) 
INSERT INTO LIVING_SITUATION(living_situation_person_id,living_situation_house_address_id) VALUES(694,694)
INSERT INTO PERSON(person_id, person_gender_id, person_first_name, person_last_name, person_email_name) VALUES(695,7,'Nariko','Murch','nmurch9m@nasa.gov')
Insert into zip(zip_id, zip_code, zip_city, zip_state)Values (695,'11254','Brooklyn','New York')
Insert into HOUSE_ADDRESS(house_address_id , house_address_line_one, house_address_line_two, house_address_zip_id) VALUES(695,'2258 Forest Parkway','',695) 
INSERT INTO LIVING_SITUATION(living_situation_person_id,living_situation_house_address_id) VALUES(695,695)
INSERT INTO PERSON(person_id, person_gender_id, person_first_name, person_last_name, person_email_name) VALUES(696,9,'Dyan','Antonias','dantoniasdo@examiner.com')
Insert into HOUSE_ADDRESS(house_address_id , house_address_line_one, house_address_line_two, house_address_zip_id) VALUES(696,'31 Springview Court','',673) 
INSERT INTO LIVING_SITUATION(living_situation_person_id,living_situation_house_address_id) VALUES(696,696)
INSERT INTO PERSON(person_id, person_gender_id, person_first_name, person_last_name, person_email_name) VALUES(697,3,'Arthur','Randalston','arandalstonq@aboutads.info')
Insert into HOUSE_ADDRESS(house_address_id , house_address_line_one, house_address_line_two, house_address_zip_id) VALUES(697,'58556 Maryland Hill','',676) 
INSERT INTO LIVING_SITUATION(living_situation_person_id,living_situation_house_address_id) VALUES(697,697)
INSERT INTO PERSON(person_id, person_gender_id, person_first_name, person_last_name, person_email_name) VALUES(698,7,'Vinnie','Garrison','vgarrison9t@exblog.jp')
Insert into HOUSE_ADDRESS(house_address_id , house_address_line_one, house_address_line_two, house_address_zip_id) VALUES(698,'86 Northridge Trail','',680) 
INSERT INTO LIVING_SITUATION(living_situation_person_id,living_situation_house_address_id) VALUES(698,698)
INSERT INTO PERSON(person_id, person_gender_id, person_first_name, person_last_name, person_email_name) VALUES(699,0,'Broddie','Garralts','bgarraltsaz@google.ca')
Insert into HOUSE_ADDRESS(house_address_id , house_address_line_one, house_address_line_two, house_address_zip_id) VALUES(699,'2329 Vidon Parkway','',685) 
INSERT INTO LIVING_SITUATION(living_situation_person_id,living_situation_house_address_id) VALUES(699,699)
INSERT INTO PERSON(person_id, person_gender_id, person_first_name, person_last_name, person_email_name) VALUES(700,3,'Toby','Diano','tdianop9@miibeian.gov.cn')
Insert into HOUSE_ADDRESS(house_address_id , house_address_line_one, house_address_line_two, house_address_zip_id) VALUES(700,'262 Express Circle','',679) 
INSERT INTO LIVING_SITUATION(living_situation_person_id,living_situation_house_address_id) VALUES(700,700)
INSERT INTO PERSON(person_id, person_gender_id, person_first_name, person_last_name, person_email_name) VALUES(701,8,'Terence','Nuschke','tnuschkecj@drupal.org')
Insert into HOUSE_ADDRESS(house_address_id , house_address_line_one, house_address_line_two, house_address_zip_id) VALUES(701,'3293 Westend Plaza','',679) 
INSERT INTO LIVING_SITUATION(living_situation_person_id,living_situation_house_address_id) VALUES(701,701)
INSERT INTO PERSON(person_id, person_gender_id, person_first_name, person_last_name, person_email_name) VALUES(702,2,'Gerick','Derill','gderill4u@go.com')
Insert into HOUSE_ADDRESS(house_address_id , house_address_line_one, house_address_line_two, house_address_zip_id) VALUES(702,'559 Pleasure Point','',685) 
INSERT INTO LIVING_SITUATION(living_situation_person_id,living_situation_house_address_id) VALUES(702,702)
INSERT INTO PERSON(person_id, person_gender_id, person_first_name, person_last_name, person_email_name) VALUES(703,7,'Anet','McGlaud','amcglaudhh@oaic.gov.au')
Insert into HOUSE_ADDRESS(house_address_id , house_address_line_one, house_address_line_two, house_address_zip_id) VALUES(703,'658 Glendale Plaza','',676) 
INSERT INTO LIVING_SITUATION(living_situation_person_id,living_situation_house_address_id) VALUES(703,703)
INSERT INTO PERSON(person_id, person_gender_id, person_first_name, person_last_name, person_email_name) VALUES(704,9,'Bertie','Latchford','blatchford37@nbcnews.com')
Insert into HOUSE_ADDRESS(house_address_id , house_address_line_one, house_address_line_two, house_address_zip_id) VALUES(704,'71362 Melody Plaza','',675) 
INSERT INTO LIVING_SITUATION(living_situation_person_id,living_situation_house_address_id) VALUES(704,704)
INSERT INTO PERSON(person_id, person_gender_id, person_first_name, person_last_name, person_email_name) VALUES(705,4,'William','Brierton','wbrierton6n@toplist.cz')
Insert into zip(zip_id, zip_code, zip_city, zip_state)Values (705,'11225','Brooklyn','New York')
Insert into HOUSE_ADDRESS(house_address_id , house_address_line_one, house_address_line_two, house_address_zip_id) VALUES(705,'921 Anderson Court','',705) 
INSERT INTO LIVING_SITUATION(living_situation_person_id,living_situation_house_address_id) VALUES(705,705)
INSERT INTO PERSON(person_id, person_gender_id, person_first_name, person_last_name, person_email_name) VALUES(706,9,'Orville','Ridel','orideljk@goo.ne.jp')
Insert into HOUSE_ADDRESS(house_address_id , house_address_line_one, house_address_line_two, house_address_zip_id) VALUES(706,'10522 Heath Drive','',672) 
INSERT INTO LIVING_SITUATION(living_situation_person_id,living_situation_house_address_id) VALUES(706,706)
INSERT INTO PERSON(person_id, person_gender_id, person_first_name, person_last_name, person_email_name) VALUES(707,3,'Amber','Sherme','ashermeba@youtu.be')
Insert into HOUSE_ADDRESS(house_address_id , house_address_line_one, house_address_line_two, house_address_zip_id) VALUES(707,'2163 Fordem Alley','',672) 
INSERT INTO LIVING_SITUATION(living_situation_person_id,living_situation_house_address_id) VALUES(707,707)
INSERT INTO PERSON(person_id, person_gender_id, person_first_name, person_last_name, person_email_name) VALUES(708,1,'Haven','Shilstone','hshilstoneeq@tamu.edu')
Insert into HOUSE_ADDRESS(house_address_id , house_address_line_one, house_address_line_two, house_address_zip_id) VALUES(708,'3 Knutson Parkway','',695) 
INSERT INTO LIVING_SITUATION(living_situation_person_id,living_situation_house_address_id) VALUES(708,708)
INSERT INTO PERSON(person_id, person_gender_id, person_first_name, person_last_name, person_email_name) VALUES(709,2,'Shina','Starrs','sstarrs8j@de.vu')
Insert into HOUSE_ADDRESS(house_address_id , house_address_line_one, house_address_line_two, house_address_zip_id) VALUES(709,'42 Dixon Crossing','',673) 
INSERT INTO LIVING_SITUATION(living_situation_person_id,living_situation_house_address_id) VALUES(709,709)
INSERT INTO PERSON(person_id, person_gender_id, person_first_name, person_last_name, person_email_name) VALUES(710,1,'Maggie','Gunningham','mgunningham2i@spiegel.de')
Insert into HOUSE_ADDRESS(house_address_id , house_address_line_one, house_address_line_two, house_address_zip_id) VALUES(710,'6 Carpenter Alley','',695) 
INSERT INTO LIVING_SITUATION(living_situation_person_id,living_situation_house_address_id) VALUES(710,710)
INSERT INTO PERSON(person_id, person_gender_id, person_first_name, person_last_name, person_email_name) VALUES(711,1,'Marika','Tomblings','mtomblings3@theatlantic.com')
Insert into HOUSE_ADDRESS(house_address_id , house_address_line_one, house_address_line_two, house_address_zip_id) VALUES(711,'7198 Redwing Hill','',687) 
INSERT INTO LIVING_SITUATION(living_situation_person_id,living_situation_house_address_id) VALUES(711,711)
INSERT INTO PERSON(person_id, person_gender_id, person_first_name, person_last_name, person_email_name) VALUES(712,1,'Jorry','Younglove','jyoungloveos@360.cn')
Insert into HOUSE_ADDRESS(house_address_id , house_address_line_one, house_address_line_two, house_address_zip_id) VALUES(712,'918 Monterey Hill','',685) 
INSERT INTO LIVING_SITUATION(living_situation_person_id,living_situation_house_address_id) VALUES(712,712)
INSERT INTO PERSON(person_id, person_gender_id, person_first_name, person_last_name, person_email_name) VALUES(713,9,'Harv','Gerault','hgerault1c@xrea.com')
Insert into HOUSE_ADDRESS(house_address_id , house_address_line_one, house_address_line_two, house_address_zip_id) VALUES(713,'9892 Clove Avenue','',687) 
INSERT INTO LIVING_SITUATION(living_situation_person_id,living_situation_house_address_id) VALUES(713,713)
INSERT INTO PERSON(person_id, person_gender_id, person_first_name, person_last_name, person_email_name) VALUES(714,0,'Robinson','Findon','rfindoncn@nifty.com')
Insert into HOUSE_ADDRESS(house_address_id , house_address_line_one, house_address_line_two, house_address_zip_id) VALUES(714,'028 Lunder Court','',680) 
INSERT INTO LIVING_SITUATION(living_situation_person_id,living_situation_house_address_id) VALUES(714,714)
INSERT INTO PERSON(person_id, person_gender_id, person_first_name, person_last_name, person_email_name) VALUES(715,0,'Nikki','Etridge','netridgeip@economist.com')
Insert into HOUSE_ADDRESS(house_address_id , house_address_line_one, house_address_line_two, house_address_zip_id) VALUES(715,'06528 7th Center','',675) 
INSERT INTO LIVING_SITUATION(living_situation_person_id,living_situation_house_address_id) VALUES(715,715)
INSERT INTO PERSON(person_id, person_gender_id, person_first_name, person_last_name, person_email_name) VALUES(716,3,'Benjy','Cathee','bcathee3u@un.org')
Insert into HOUSE_ADDRESS(house_address_id , house_address_line_one, house_address_line_two, house_address_zip_id) VALUES(716,'1 Homewood Alley','',705) 
INSERT INTO LIVING_SITUATION(living_situation_person_id,living_situation_house_address_id) VALUES(716,716)
INSERT INTO PERSON(person_id, person_gender_id, person_first_name, person_last_name, person_email_name) VALUES(717,2,'Abbye','Major','amajor2n@google.com')
Insert into HOUSE_ADDRESS(house_address_id , house_address_line_one, house_address_line_two, house_address_zip_id) VALUES(717,'19 Sauthoff Road','',680) 
INSERT INTO LIVING_SITUATION(living_situation_person_id,living_situation_house_address_id) VALUES(717,717)
INSERT INTO PERSON(person_id, person_gender_id, person_first_name, person_last_name, person_email_name) VALUES(718,3,'Arron','Buesden','abuesden48@umich.edu')
Insert into HOUSE_ADDRESS(house_address_id , house_address_line_one, house_address_line_two, house_address_zip_id) VALUES(718,'3152 Vidon Court','',695) 
INSERT INTO LIVING_SITUATION(living_situation_person_id,living_situation_house_address_id) VALUES(718,718)
INSERT INTO PERSON(person_id, person_gender_id, person_first_name, person_last_name, person_email_name) VALUES(719,2,'Bucky','Eglin','beglin4t@360.cn')
Insert into HOUSE_ADDRESS(house_address_id , house_address_line_one, house_address_line_two, house_address_zip_id) VALUES(719,'34 Hudson Center','',673) 
INSERT INTO LIVING_SITUATION(living_situation_person_id,living_situation_house_address_id) VALUES(719,719)
INSERT INTO PERSON(person_id, person_gender_id, person_first_name, person_last_name, person_email_name) VALUES(720,0,'Issi','Menilove','imenilovec7@discuz.net')
Insert into HOUSE_ADDRESS(house_address_id , house_address_line_one, house_address_line_two, house_address_zip_id) VALUES(720,'391 Farmco Place','',679) 
INSERT INTO LIVING_SITUATION(living_situation_person_id,living_situation_house_address_id) VALUES(720,720)
INSERT INTO PERSON(person_id, person_gender_id, person_first_name, person_last_name, person_email_name) VALUES(721,0,'Elysee','Batten','ebattenk1@wufoo.com')
Insert into HOUSE_ADDRESS(house_address_id , house_address_line_one, house_address_line_two, house_address_zip_id) VALUES(721,'5 Carberry Point','',675) 
INSERT INTO LIVING_SITUATION(living_situation_person_id,living_situation_house_address_id) VALUES(721,721)
INSERT INTO PERSON(person_id, person_gender_id, person_first_name, person_last_name, person_email_name) VALUES(722,1,'Shauna','Wheeliker','swheelikerf8@google.de')
Insert into zip(zip_id, zip_code, zip_city, zip_state)Values (722,'11236','Brooklyn','New York')
Insert into HOUSE_ADDRESS(house_address_id , house_address_line_one, house_address_line_two, house_address_zip_id) VALUES(722,'6 Tomscot Avenue','',722) 
INSERT INTO LIVING_SITUATION(living_situation_person_id,living_situation_house_address_id) VALUES(722,722)
INSERT INTO PERSON(person_id, person_gender_id, person_first_name, person_last_name, person_email_name) VALUES(723,0,'Roxanna','Ninnoli','rninnoliep@surveymonkey.com')
Insert into HOUSE_ADDRESS(house_address_id , house_address_line_one, house_address_line_two, house_address_zip_id) VALUES(723,'74792 Barby Hill','',679) 
INSERT INTO LIVING_SITUATION(living_situation_person_id,living_situation_house_address_id) VALUES(723,723)
INSERT INTO PERSON(person_id, person_gender_id, person_first_name, person_last_name, person_email_name) VALUES(724,7,'Daren','Edler','dedlerne@wsj.com')
Insert into zip(zip_id, zip_code, zip_city, zip_state)Values (724,'11247','Brooklyn','New York')
Insert into HOUSE_ADDRESS(house_address_id , house_address_line_one, house_address_line_two, house_address_zip_id) VALUES(724,'76456 3rd Center','',724) 
INSERT INTO LIVING_SITUATION(living_situation_person_id,living_situation_house_address_id) VALUES(724,724)
INSERT INTO PERSON(person_id, person_gender_id, person_first_name, person_last_name, person_email_name) VALUES(725,8,'Kirby','Holde','kholde81@toplist.cz')
Insert into zip(zip_id, zip_code, zip_city, zip_state)Values (725,'11231','Brooklyn','New York')
Insert into HOUSE_ADDRESS(house_address_id , house_address_line_one, house_address_line_two, house_address_zip_id) VALUES(725,'00 Dayton Place','',725) 
INSERT INTO LIVING_SITUATION(living_situation_person_id,living_situation_house_address_id) VALUES(725,725)
INSERT INTO PERSON(person_id, person_gender_id, person_first_name, person_last_name, person_email_name) VALUES(726,1,'Wylie','Groven','wgrovenm0@google.com.br')
Insert into HOUSE_ADDRESS(house_address_id , house_address_line_one, house_address_line_two, house_address_zip_id) VALUES(726,'00260 5th Court','',677) 
INSERT INTO LIVING_SITUATION(living_situation_person_id,living_situation_house_address_id) VALUES(726,726)
INSERT INTO PERSON(person_id, person_gender_id, person_first_name, person_last_name, person_email_name) VALUES(727,2,'Julian','Dolley','jdolley2y@cdc.gov')
Insert into HOUSE_ADDRESS(house_address_id , house_address_line_one, house_address_line_two, house_address_zip_id) VALUES(727,'022 Marcy Trail','',685) 
INSERT INTO LIVING_SITUATION(living_situation_person_id,living_situation_house_address_id) VALUES(727,727)
INSERT INTO PERSON(person_id, person_gender_id, person_first_name, person_last_name, person_email_name) VALUES(728,2,'Ryan','Skill','rskill1z@simplemachines.org')
Insert into HOUSE_ADDRESS(house_address_id , house_address_line_one, house_address_line_two, house_address_zip_id) VALUES(728,'127 Dapin Drive','',672) 
INSERT INTO LIVING_SITUATION(living_situation_person_id,living_situation_house_address_id) VALUES(728,728)
INSERT INTO PERSON(person_id, person_gender_id, person_first_name, person_last_name, person_email_name) VALUES(729,9,'Shirlee','Emanulsson','semanulssonrq@walmart.com')
Insert into HOUSE_ADDRESS(house_address_id , house_address_line_one, house_address_line_two, house_address_zip_id) VALUES(729,'2592 Troy Trail','',685) 
INSERT INTO LIVING_SITUATION(living_situation_person_id,living_situation_house_address_id) VALUES(729,729)
INSERT INTO PERSON(person_id, person_gender_id, person_first_name, person_last_name, person_email_name) VALUES(730,9,'Oby','Northen','onorthenoz@de.vu')
Insert into HOUSE_ADDRESS(house_address_id , house_address_line_one, house_address_line_two, house_address_zip_id) VALUES(730,'50146 Haas Hill','',725) 
INSERT INTO LIVING_SITUATION(living_situation_person_id,living_situation_house_address_id) VALUES(730,730)
INSERT INTO PERSON(person_id, person_gender_id, person_first_name, person_last_name, person_email_name) VALUES(731,8,'Zorine','Ritzman','zritzmanmn@jimdo.com')
Insert into HOUSE_ADDRESS(house_address_id , house_address_line_one, house_address_line_two, house_address_zip_id) VALUES(731,'6 Bluejay Drive','',675) 
INSERT INTO LIVING_SITUATION(living_situation_person_id,living_situation_house_address_id) VALUES(731,731)
INSERT INTO PERSON(person_id, person_gender_id, person_first_name, person_last_name, person_email_name) VALUES(732,1,'Farly','Danielis','fdanielisf@salon.com')
Insert into HOUSE_ADDRESS(house_address_id , house_address_line_one, house_address_line_two, house_address_zip_id) VALUES(732,'65 Porter Court','',672) 
INSERT INTO LIVING_SITUATION(living_situation_person_id,living_situation_house_address_id) VALUES(732,732)
INSERT INTO PERSON(person_id, person_gender_id, person_first_name, person_last_name, person_email_name) VALUES(733,7,'Leora','Gandar','lgandarqf@telegraph.co.uk')
Insert into HOUSE_ADDRESS(house_address_id , house_address_line_one, house_address_line_two, house_address_zip_id) VALUES(733,'79 Darwin Court','',722) 
INSERT INTO LIVING_SITUATION(living_situation_person_id,living_situation_house_address_id) VALUES(733,733)
INSERT INTO PERSON(person_id, person_gender_id, person_first_name, person_last_name, person_email_name) VALUES(734,3,'Liva','Fellona','lfellonads@epa.gov')
Insert into HOUSE_ADDRESS(house_address_id , house_address_line_one, house_address_line_two, house_address_zip_id) VALUES(734,'3 Pearson Park','',705) 
INSERT INTO LIVING_SITUATION(living_situation_person_id,living_situation_house_address_id) VALUES(734,734)
INSERT INTO PERSON(person_id, person_gender_id, person_first_name, person_last_name, person_email_name) VALUES(735,3,'Etienne','Gregg','egregg6h@techcrunch.com')
Insert into HOUSE_ADDRESS(house_address_id , house_address_line_one, house_address_line_two, house_address_zip_id) VALUES(735,'6 Helena Plaza','',677) 
INSERT INTO LIVING_SITUATION(living_situation_person_id,living_situation_house_address_id) VALUES(735,735)
INSERT INTO PERSON(person_id, person_gender_id, person_first_name, person_last_name, person_email_name) VALUES(736,3,'Marlyn','Gittoes','mgittoese5@reuters.com')
Insert into HOUSE_ADDRESS(house_address_id , house_address_line_one, house_address_line_two, house_address_zip_id) VALUES(736,'72 Lawn Center','',677) 
INSERT INTO LIVING_SITUATION(living_situation_person_id,living_situation_house_address_id) VALUES(736,736)
INSERT INTO PERSON(person_id, person_gender_id, person_first_name, person_last_name, person_email_name) VALUES(737,4,'Ritchie','Hawkshaw','rhawkshaw2t@skype.com')
Insert into HOUSE_ADDRESS(house_address_id , house_address_line_one, house_address_line_two, house_address_zip_id) VALUES(737,'97 Emmet Point','',680) 
INSERT INTO LIVING_SITUATION(living_situation_person_id,living_situation_house_address_id) VALUES(737,737)
INSERT INTO PERSON(person_id, person_gender_id, person_first_name, person_last_name, person_email_name) VALUES(738,9,'Ruben','Dreinan','rdreinan9e@1und1.de')
Insert into HOUSE_ADDRESS(house_address_id , house_address_line_one, house_address_line_two, house_address_zip_id) VALUES(738,'16 Debra Hill','',687) 
INSERT INTO LIVING_SITUATION(living_situation_person_id,living_situation_house_address_id) VALUES(738,738)
INSERT INTO PERSON(person_id, person_gender_id, person_first_name, person_last_name, person_email_name) VALUES(739,7,'Corinne','Pablo','cpablo99@hostgator.com')
Insert into HOUSE_ADDRESS(house_address_id , house_address_line_one, house_address_line_two, house_address_zip_id) VALUES(739,'176 Iowa Road','',685) 
INSERT INTO LIVING_SITUATION(living_situation_person_id,living_situation_house_address_id) VALUES(739,739)
INSERT INTO PERSON(person_id, person_gender_id, person_first_name, person_last_name, person_email_name) VALUES(740,1,'Renie','Binnall','rbinnallj5@a8.net')
Insert into HOUSE_ADDRESS(house_address_id , house_address_line_one, house_address_line_two, house_address_zip_id) VALUES(740,'2 Becker Road','',673) 
INSERT INTO LIVING_SITUATION(living_situation_person_id,living_situation_house_address_id) VALUES(740,740)
INSERT INTO PERSON(person_id, person_gender_id, person_first_name, person_last_name, person_email_name) VALUES(741,7,'Mathilda','Chadwen','mchadwenks@unc.edu')
Insert into HOUSE_ADDRESS(house_address_id , house_address_line_one, house_address_line_two, house_address_zip_id) VALUES(741,'74 Amoth Park','',677) 
INSERT INTO LIVING_SITUATION(living_situation_person_id,living_situation_house_address_id) VALUES(741,741)
INSERT INTO PERSON(person_id, person_gender_id, person_first_name, person_last_name, person_email_name) VALUES(742,0,'Kain','Sinnatt','ksinnatt5p@hubpages.com')
Insert into zip(zip_id, zip_code, zip_city, zip_state)Values (742,'11355','Flushing','New York')
Insert into HOUSE_ADDRESS(house_address_id , house_address_line_one, house_address_line_two, house_address_zip_id) VALUES(742,'0 Golf Place','',742) 
INSERT INTO LIVING_SITUATION(living_situation_person_id,living_situation_house_address_id) VALUES(742,742)
INSERT INTO PERSON(person_id, person_gender_id, person_first_name, person_last_name, person_email_name) VALUES(743,0,'Jean','Mounsie','jmounsie4l@hubpages.com')
Insert into HOUSE_ADDRESS(house_address_id , house_address_line_one, house_address_line_two, house_address_zip_id) VALUES(743,'938 Kim Park','',681) 
INSERT INTO LIVING_SITUATION(living_situation_person_id,living_situation_house_address_id) VALUES(743,743)
INSERT INTO PERSON(person_id, person_gender_id, person_first_name, person_last_name, person_email_name) VALUES(744,9,'Lurline','Ingham','linghamfz@addthis.com')
Insert into HOUSE_ADDRESS(house_address_id , house_address_line_one, house_address_line_two, house_address_zip_id) VALUES(744,'6 East Hill','',687) 
INSERT INTO LIVING_SITUATION(living_situation_person_id,living_situation_house_address_id) VALUES(744,744)
INSERT INTO PERSON(person_id, person_gender_id, person_first_name, person_last_name, person_email_name) VALUES(745,8,'Gawen','Ethridge','gethridgeda@nyu.edu')
Insert into HOUSE_ADDRESS(house_address_id , house_address_line_one, house_address_line_two, house_address_zip_id) VALUES(745,'8 Pond Road','',681) 
INSERT INTO LIVING_SITUATION(living_situation_person_id,living_situation_house_address_id) VALUES(745,745)
INSERT INTO PERSON(person_id, person_gender_id, person_first_name, person_last_name, person_email_name) VALUES(746,3,'Bo','Essery','besserylz@elpais.com')
INSERT INTO LIVING_SITUATION(living_situation_person_id,living_situation_house_address_id) VALUES(746,745)
INSERT INTO PERSON(person_id, person_gender_id, person_first_name, person_last_name, person_email_name) VALUES(747,1,'Melisse','Jex','mjexdt@shareasale.com')
INSERT INTO LIVING_SITUATION(living_situation_person_id,living_situation_house_address_id) VALUES(747,745)
INSERT INTO PERSON(person_id, person_gender_id, person_first_name, person_last_name, person_email_name) VALUES(748,4,'Madelene','Indgs','mindgsfw@technorati.com')
Insert into HOUSE_ADDRESS(house_address_id , house_address_line_one, house_address_line_two, house_address_zip_id) VALUES(748,'9 Vera Pass','',685) 
INSERT INTO LIVING_SITUATION(living_situation_person_id,living_situation_house_address_id) VALUES(748,748)
INSERT INTO PERSON(person_id, person_gender_id, person_first_name, person_last_name, person_email_name) VALUES(749,1,'Gerrilee','Spedroni','gspedroniem@furl.net')
Insert into zip(zip_id, zip_code, zip_city, zip_state)Values (749,'14215','Buffalo','New York')
Insert into HOUSE_ADDRESS(house_address_id , house_address_line_one, house_address_line_two, house_address_zip_id) VALUES(749,'98881 Prairie Rose Street','',749) 
INSERT INTO LIVING_SITUATION(living_situation_person_id,living_situation_house_address_id) VALUES(749,749)
INSERT INTO PERSON(person_id, person_gender_id, person_first_name, person_last_name, person_email_name) VALUES(750,3,'Carroll','Cryer','ccryer1b@1688.com')
Insert into zip(zip_id, zip_code, zip_city, zip_state)Values (750,'14225','Buffalo','New York')
Insert into HOUSE_ADDRESS(house_address_id , house_address_line_one, house_address_line_two, house_address_zip_id) VALUES(750,'171 Northwestern Terrace','',750) 
INSERT INTO LIVING_SITUATION(living_situation_person_id,living_situation_house_address_id) VALUES(750,750)
INSERT INTO PERSON(person_id, person_gender_id, person_first_name, person_last_name, person_email_name) VALUES(751,3,'Josee','Greengrass','jgreengrassee@wiley.com')
Insert into zip(zip_id, zip_code, zip_city, zip_state)Values (751,'11407','Jamaica','New York')
Insert into HOUSE_ADDRESS(house_address_id , house_address_line_one, house_address_line_two, house_address_zip_id) VALUES(751,'60737 Tennessee Junction','',751) 
INSERT INTO LIVING_SITUATION(living_situation_person_id,living_situation_house_address_id) VALUES(751,751)
INSERT INTO PERSON(person_id, person_gender_id, person_first_name, person_last_name, person_email_name) VALUES(752,2,'Mariele','Trebilcock','mtrebilcock4v@ibm.com')
Insert into zip(zip_id, zip_code, zip_city, zip_state)Values (752,'11470','Jamaica','New York')
Insert into HOUSE_ADDRESS(house_address_id , house_address_line_one, house_address_line_two, house_address_zip_id) VALUES(752,'16270 Monument Crossing','',752) 
INSERT INTO LIVING_SITUATION(living_situation_person_id,living_situation_house_address_id) VALUES(752,752)
INSERT INTO PERSON(person_id, person_gender_id, person_first_name, person_last_name, person_email_name) VALUES(753,7,'Bard','Demangeot','bdemangeot1u@freewebs.com')
Insert into zip(zip_id, zip_code, zip_city, zip_state)Values (753,'11431','Jamaica','New York')
Insert into HOUSE_ADDRESS(house_address_id , house_address_line_one, house_address_line_two, house_address_zip_id) VALUES(753,'06117 Southridge Trail','',753) 
INSERT INTO LIVING_SITUATION(living_situation_person_id,living_situation_house_address_id) VALUES(753,753)
INSERT INTO PERSON(person_id, person_gender_id, person_first_name, person_last_name, person_email_name) VALUES(754,3,'Brier','Bonick','bbonick31@state.tx.us')
Insert into zip(zip_id, zip_code, zip_city, zip_state)Values (754,'11499','Jamaica','New York')
Insert into HOUSE_ADDRESS(house_address_id , house_address_line_one, house_address_line_two, house_address_zip_id) VALUES(754,'0811 Thackeray Parkway','',754) 
INSERT INTO LIVING_SITUATION(living_situation_person_id,living_situation_house_address_id) VALUES(754,754)
INSERT INTO PERSON(person_id, person_gender_id, person_first_name, person_last_name, person_email_name) VALUES(755,7,'Bennie','Radden','braddenon@ed.gov')
Insert into zip(zip_id, zip_code, zip_city, zip_state)Values (755,'14263','Buffalo','New York')
Insert into HOUSE_ADDRESS(house_address_id , house_address_line_one, house_address_line_two, house_address_zip_id) VALUES(755,'5375 Stone Corner Park','',755) 
INSERT INTO LIVING_SITUATION(living_situation_person_id,living_situation_house_address_id) VALUES(755,755)
INSERT INTO PERSON(person_id, person_gender_id, person_first_name, person_last_name, person_email_name) VALUES(756,3,'Lonna','Rudderham','lrudderham4m@deliciousdays.com')
Insert into HOUSE_ADDRESS(house_address_id , house_address_line_one, house_address_line_two, house_address_zip_id) VALUES(756,'9623 Autumn Leaf Drive','',750) 
INSERT INTO LIVING_SITUATION(living_situation_person_id,living_situation_house_address_id) VALUES(756,756)
INSERT INTO PERSON(person_id, person_gender_id, person_first_name, person_last_name, person_email_name) VALUES(757,1,'Lian','Cours','lcoursjy@dmoz.org')
Insert into HOUSE_ADDRESS(house_address_id , house_address_line_one, house_address_line_two, house_address_zip_id) VALUES(757,'429 Londonderry Drive','',751) 
INSERT INTO LIVING_SITUATION(living_situation_person_id,living_situation_house_address_id) VALUES(757,757)
INSERT INTO PERSON(person_id, person_gender_id, person_first_name, person_last_name, person_email_name) VALUES(758,0,'Elonore','Coonan','ecoonan5v@bravesites.com')
Insert into zip(zip_id, zip_code, zip_city, zip_state)Values (758,'14220','Buffalo','New York')
Insert into HOUSE_ADDRESS(house_address_id , house_address_line_one, house_address_line_two, house_address_zip_id) VALUES(758,'51984 Bunting Terrace','',758) 
INSERT INTO LIVING_SITUATION(living_situation_person_id,living_situation_house_address_id) VALUES(758,758)
INSERT INTO PERSON(person_id, person_gender_id, person_first_name, person_last_name, person_email_name) VALUES(759,4,'Lorrie','Ehlerding','lehlerdinga5@joomla.org')
Insert into zip(zip_id, zip_code, zip_city, zip_state)Values (759,'14276','Buffalo','New York')
Insert into HOUSE_ADDRESS(house_address_id , house_address_line_one, house_address_line_two, house_address_zip_id) VALUES(759,'54240 Birchwood Point','',759) 
INSERT INTO LIVING_SITUATION(living_situation_person_id,living_situation_house_address_id) VALUES(759,759)
INSERT INTO PERSON(person_id, person_gender_id, person_first_name, person_last_name, person_email_name) VALUES(760,0,'Aundrea','Zeplin','azeplinjv@ftc.gov')
Insert into HOUSE_ADDRESS(house_address_id , house_address_line_one, house_address_line_two, house_address_zip_id) VALUES(760,'6436 Summerview Drive','',751) 
INSERT INTO LIVING_SITUATION(living_situation_person_id,living_situation_house_address_id) VALUES(760,760)
INSERT INTO PERSON(person_id, person_gender_id, person_first_name, person_last_name, person_email_name) VALUES(761,2,'Ronni','Jevons','rjevonsfh@instagram.com')
Insert into HOUSE_ADDRESS(house_address_id , house_address_line_one, house_address_line_two, house_address_zip_id) VALUES(761,'7197 Old Gate Terrace','',750) 
INSERT INTO LIVING_SITUATION(living_situation_person_id,living_situation_house_address_id) VALUES(761,761)
INSERT INTO PERSON(person_id, person_gender_id, person_first_name, person_last_name, person_email_name) VALUES(762,2,'Leeanne','Obeney','lobeneykj@joomla.org')
Insert into HOUSE_ADDRESS(house_address_id , house_address_line_one, house_address_line_two, house_address_zip_id) VALUES(762,'73 Green Ridge Center','',751) 
INSERT INTO LIVING_SITUATION(living_situation_person_id,living_situation_house_address_id) VALUES(762,762)
INSERT INTO PERSON(person_id, person_gender_id, person_first_name, person_last_name, person_email_name) VALUES(763,7,'Griz','Hardiker','ghardikeroo@cornell.edu')
Insert into HOUSE_ADDRESS(house_address_id , house_address_line_one, house_address_line_two, house_address_zip_id) VALUES(763,'74724 Farragut Circle','',752) 
INSERT INTO LIVING_SITUATION(living_situation_person_id,living_situation_house_address_id) VALUES(763,763)
INSERT INTO PERSON(person_id, person_gender_id, person_first_name, person_last_name, person_email_name) VALUES(764,3,'Martie','Vickery','mvickery6s@domainmarket.com')
Insert into HOUSE_ADDRESS(house_address_id , house_address_line_one, house_address_line_two, house_address_zip_id) VALUES(764,'76468 Redwing Parkway','',750) 
INSERT INTO LIVING_SITUATION(living_situation_person_id,living_situation_house_address_id) VALUES(764,764)
INSERT INTO PERSON(person_id, person_gender_id, person_first_name, person_last_name, person_email_name) VALUES(765,7,'Ronda','Murr','rmurr2p@bluehost.com')
Insert into zip(zip_id, zip_code, zip_city, zip_state)Values (765,'14269','Buffalo','New York')
Insert into HOUSE_ADDRESS(house_address_id , house_address_line_one, house_address_line_two, house_address_zip_id) VALUES(765,'92095 Summit Junction','',765) 
INSERT INTO LIVING_SITUATION(living_situation_person_id,living_situation_house_address_id) VALUES(765,765)
INSERT INTO PERSON(person_id, person_gender_id, person_first_name, person_last_name, person_email_name) VALUES(766,4,'Claudine','Moogan','cmooganqt@livejournal.com')
Insert into zip(zip_id, zip_code, zip_city, zip_state)Values (766,'14210','Buffalo','New York')
Insert into HOUSE_ADDRESS(house_address_id , house_address_line_one, house_address_line_two, house_address_zip_id) VALUES(766,'04342 Talmadge Plaza','',766) 
INSERT INTO LIVING_SITUATION(living_situation_person_id,living_situation_house_address_id) VALUES(766,766)
INSERT INTO PERSON(person_id, person_gender_id, person_first_name, person_last_name, person_email_name) VALUES(767,2,'Raphaela','Wynrehame','rwynrehameu@wordpress.com')
Insert into HOUSE_ADDRESS(house_address_id , house_address_line_one, house_address_line_two, house_address_zip_id) VALUES(767,'11712 Caliangt Drive','',758) 
INSERT INTO LIVING_SITUATION(living_situation_person_id,living_situation_house_address_id) VALUES(767,767)
INSERT INTO PERSON(person_id, person_gender_id, person_first_name, person_last_name, person_email_name) VALUES(768,9,'Kati','McHarry','kmcharry91@noaa.gov')
Insert into HOUSE_ADDRESS(house_address_id , house_address_line_one, house_address_line_two, house_address_zip_id) VALUES(768,'26 Namekagon Parkway','',755) 
INSERT INTO LIVING_SITUATION(living_situation_person_id,living_situation_house_address_id) VALUES(768,768)
INSERT INTO PERSON(person_id, person_gender_id, person_first_name, person_last_name, person_email_name) VALUES(769,7,'Jewell','Roullier','jroullierdw@princeton.edu')
Insert into zip(zip_id, zip_code, zip_city, zip_state)Values (769,'11480','Jamaica','New York')
Insert into HOUSE_ADDRESS(house_address_id , house_address_line_one, house_address_line_two, house_address_zip_id) VALUES(769,'27639 Florence Trail','',769) 
INSERT INTO LIVING_SITUATION(living_situation_person_id,living_situation_house_address_id) VALUES(769,769)
INSERT INTO PERSON(person_id, person_gender_id, person_first_name, person_last_name, person_email_name) VALUES(770,9,'Riane','Fairburne','rfairburneai@engadget.com')
Insert into HOUSE_ADDRESS(house_address_id , house_address_line_one, house_address_line_two, house_address_zip_id) VALUES(770,'579 La Follette Park','',758) 
INSERT INTO LIVING_SITUATION(living_situation_person_id,living_situation_house_address_id) VALUES(770,770)
INSERT INTO PERSON(person_id, person_gender_id, person_first_name, person_last_name, person_email_name) VALUES(771,4,'Glennie','Martygin','gmartygin1d@163.com')
Insert into HOUSE_ADDRESS(house_address_id , house_address_line_one, house_address_line_two, house_address_zip_id) VALUES(771,'65 Ridgeway Crossing','',769) 
INSERT INTO LIVING_SITUATION(living_situation_person_id,living_situation_house_address_id) VALUES(771,771)
INSERT INTO PERSON(person_id, person_gender_id, person_first_name, person_last_name, person_email_name) VALUES(772,3,'Mildred','Flipsen','mflipsenno@histats.com')
Insert into HOUSE_ADDRESS(house_address_id , house_address_line_one, house_address_line_two, house_address_zip_id) VALUES(772,'83 La Follette Plaza','',759) 
INSERT INTO LIVING_SITUATION(living_situation_person_id,living_situation_house_address_id) VALUES(772,772)
INSERT INTO PERSON(person_id, person_gender_id, person_first_name, person_last_name, person_email_name) VALUES(773,1,'Marcellina','Knotton','mknottonjp@whitehouse.gov')
Insert into HOUSE_ADDRESS(house_address_id , house_address_line_one, house_address_line_two, house_address_zip_id) VALUES(773,'933 Sherman Junction','',766) 
INSERT INTO LIVING_SITUATION(living_situation_person_id,living_situation_house_address_id) VALUES(773,773)
INSERT INTO PERSON(person_id, person_gender_id, person_first_name, person_last_name, person_email_name) VALUES(774,4,'Hewet','Grzegorczyk','hgrzegorczykjt@vkontakte.ru')
Insert into HOUSE_ADDRESS(house_address_id , house_address_line_one, house_address_line_two, house_address_zip_id) VALUES(774,'046 Northland Alley','',753) 
INSERT INTO LIVING_SITUATION(living_situation_person_id,living_situation_house_address_id) VALUES(774,774)
INSERT INTO PERSON(person_id, person_gender_id, person_first_name, person_last_name, person_email_name) VALUES(775,2,'Paulette','Churchin','pchurchin4p@economist.com')
Insert into HOUSE_ADDRESS(house_address_id , house_address_line_one, house_address_line_two, house_address_zip_id) VALUES(775,'05155 Harbort Plaza','',769) 
INSERT INTO LIVING_SITUATION(living_situation_person_id,living_situation_house_address_id) VALUES(775,775)
INSERT INTO PERSON(person_id, person_gender_id, person_first_name, person_last_name, person_email_name) VALUES(776,4,'Ferne','Lebang','flebangnf@opera.com')
Insert into HOUSE_ADDRESS(house_address_id , house_address_line_one, house_address_line_two, house_address_zip_id) VALUES(776,'158 Northfield Lane','',753) 
INSERT INTO LIVING_SITUATION(living_situation_person_id,living_situation_house_address_id) VALUES(776,776)
INSERT INTO PERSON(person_id, person_gender_id, person_first_name, person_last_name, person_email_name) VALUES(777,9,'Kingsley','Cookman','kcookman9i@google.co.uk')
Insert into HOUSE_ADDRESS(house_address_id , house_address_line_one, house_address_line_two, house_address_zip_id) VALUES(777,'169 Colorado Circle','',753) 
INSERT INTO LIVING_SITUATION(living_situation_person_id,living_situation_house_address_id) VALUES(777,777)
INSERT INTO PERSON(person_id, person_gender_id, person_first_name, person_last_name, person_email_name) VALUES(778,7,'Diane-marie','Filipczak','dfilipczak82@wikimedia.org')
Insert into HOUSE_ADDRESS(house_address_id , house_address_line_one, house_address_line_two, house_address_zip_id) VALUES(778,'19719 Vermont Trail','',749) 
INSERT INTO LIVING_SITUATION(living_situation_person_id,living_situation_house_address_id) VALUES(778,778)
INSERT INTO PERSON(person_id, person_gender_id, person_first_name, person_last_name, person_email_name) VALUES(779,3,'Vonnie','Halvosen','vhalvosendz@nps.gov')
Insert into HOUSE_ADDRESS(house_address_id , house_address_line_one, house_address_line_two, house_address_zip_id) VALUES(779,'2 Ridge Oak Terrace','',766) 
INSERT INTO LIVING_SITUATION(living_situation_person_id,living_situation_house_address_id) VALUES(779,779)
INSERT INTO PERSON(person_id, person_gender_id, person_first_name, person_last_name, person_email_name) VALUES(780,4,'Leroy','O''Geaney','logeaneyiz@ocn.ne.jp')
Insert into HOUSE_ADDRESS(house_address_id , house_address_line_one, house_address_line_two, house_address_zip_id) VALUES(780,'49038 Arizona Place','',750) 
INSERT INTO LIVING_SITUATION(living_situation_person_id,living_situation_house_address_id) VALUES(780,780)
INSERT INTO PERSON(person_id, person_gender_id, person_first_name, person_last_name, person_email_name) VALUES(781,0,'Andres','Gover','agoveraw@paypal.com')
Insert into HOUSE_ADDRESS(house_address_id , house_address_line_one, house_address_line_two, house_address_zip_id) VALUES(781,'5829 Arapahoe Alley','',759) 
INSERT INTO LIVING_SITUATION(living_situation_person_id,living_situation_house_address_id) VALUES(781,781)
INSERT INTO PERSON(person_id, person_gender_id, person_first_name, person_last_name, person_email_name) VALUES(782,0,'Tore','Delion','tdelion88@google.fr')
Insert into HOUSE_ADDRESS(house_address_id , house_address_line_one, house_address_line_two, house_address_zip_id) VALUES(782,'6140 Coolidge Place','',758) 
INSERT INTO LIVING_SITUATION(living_situation_person_id,living_situation_house_address_id) VALUES(782,782)
INSERT INTO PERSON(person_id, person_gender_id, person_first_name, person_last_name, person_email_name) VALUES(783,0,'Naoma','Netley','nnetley2f@quantcast.com')
Insert into HOUSE_ADDRESS(house_address_id , house_address_line_one, house_address_line_two, house_address_zip_id) VALUES(783,'7832 Merchant Plaza','',749) 
INSERT INTO LIVING_SITUATION(living_situation_person_id,living_situation_house_address_id) VALUES(783,783)
INSERT INTO PERSON(person_id, person_gender_id, person_first_name, person_last_name, person_email_name) VALUES(784,0,'Claiborn','Jarad','cjaradcz@furl.net')
Insert into zip(zip_id, zip_code, zip_city, zip_state)Values (784,'11447','Jamaica','New York')
Insert into HOUSE_ADDRESS(house_address_id , house_address_line_one, house_address_line_two, house_address_zip_id) VALUES(784,'947 Stephen Terrace','',784) 
INSERT INTO LIVING_SITUATION(living_situation_person_id,living_situation_house_address_id) VALUES(784,784)
INSERT INTO PERSON(person_id, person_gender_id, person_first_name, person_last_name, person_email_name) VALUES(785,4,'Fleur','Vint','fvintg3@gmpg.org')
Insert into zip(zip_id, zip_code, zip_city, zip_state)Values (785,'10705','Yonkers','New York')
Insert into HOUSE_ADDRESS(house_address_id , house_address_line_one, house_address_line_two, house_address_zip_id) VALUES(785,'02355 Del Mar Road','',785) 
INSERT INTO LIVING_SITUATION(living_situation_person_id,living_situation_house_address_id) VALUES(785,785)
INSERT INTO PERSON(person_id, person_gender_id, person_first_name, person_last_name, person_email_name) VALUES(786,8,'Scott','Coulton','scoultonol@booking.com')
Insert into zip(zip_id, zip_code, zip_city, zip_state)Values (786,'14233','Buffalo','New York')
Insert into HOUSE_ADDRESS(house_address_id , house_address_line_one, house_address_line_two, house_address_zip_id) VALUES(786,'06345 Darwin Place','',786) 
INSERT INTO LIVING_SITUATION(living_situation_person_id,living_situation_house_address_id) VALUES(786,786)
INSERT INTO PERSON(person_id, person_gender_id, person_first_name, person_last_name, person_email_name) VALUES(787,0,'Marlon','Messent','mmessent3d@odnoklassniki.ru')
Insert into HOUSE_ADDRESS(house_address_id , house_address_line_one, house_address_line_two, house_address_zip_id) VALUES(787,'1901 Lunder Street','',766) 
INSERT INTO LIVING_SITUATION(living_situation_person_id,living_situation_house_address_id) VALUES(787,787)
INSERT INTO PERSON(person_id, person_gender_id, person_first_name, person_last_name, person_email_name) VALUES(788,7,'Inger','Haswall','ihaswallju@free.fr')
Insert into HOUSE_ADDRESS(house_address_id , house_address_line_one, house_address_line_two, house_address_zip_id) VALUES(788,'2522 Del Sol Alley','',755) 
INSERT INTO LIVING_SITUATION(living_situation_person_id,living_situation_house_address_id) VALUES(788,788)
INSERT INTO PERSON(person_id, person_gender_id, person_first_name, person_last_name, person_email_name) VALUES(789,9,'Gilemette','Bladesmith','gbladesmithey@kickstarter.com')
Insert into HOUSE_ADDRESS(house_address_id , house_address_line_one, house_address_line_two, house_address_zip_id) VALUES(789,'491 Westend Street','',749) 
INSERT INTO LIVING_SITUATION(living_situation_person_id,living_situation_house_address_id) VALUES(789,789)
INSERT INTO PERSON(person_id, person_gender_id, person_first_name, person_last_name, person_email_name) VALUES(790,2,'Blondy','Bolte','bboltee8@cdbaby.com')
Insert into zip(zip_id, zip_code, zip_city, zip_state)Values (790,'14205','Buffalo','New York')
Insert into HOUSE_ADDRESS(house_address_id , house_address_line_one, house_address_line_two, house_address_zip_id) VALUES(790,'63 Meadow Vale Way','',790) 
INSERT INTO LIVING_SITUATION(living_situation_person_id,living_situation_house_address_id) VALUES(790,790)
INSERT INTO PERSON(person_id, person_gender_id, person_first_name, person_last_name, person_email_name) VALUES(791,7,'Jorey','Jaffra','jjaffrakb@answers.com')
Insert into HOUSE_ADDRESS(house_address_id , house_address_line_one, house_address_line_two, house_address_zip_id) VALUES(791,'96 Sullivan Avenue','',759) 
INSERT INTO LIVING_SITUATION(living_situation_person_id,living_situation_house_address_id) VALUES(791,791)
INSERT INTO PERSON(person_id, person_gender_id, person_first_name, person_last_name, person_email_name) VALUES(792,3,'Ronda','Worlock','rworlockop@squarespace.com')
Insert into HOUSE_ADDRESS(house_address_id , house_address_line_one, house_address_line_two, house_address_zip_id) VALUES(792,'0580 Waxwing Pass','',765) 
INSERT INTO LIVING_SITUATION(living_situation_person_id,living_situation_house_address_id) VALUES(792,792)
INSERT INTO PERSON(person_id, person_gender_id, person_first_name, person_last_name, person_email_name) VALUES(793,2,'Rozamond','Sanbrook','rsanbrook8y@pinterest.com')
Insert into HOUSE_ADDRESS(house_address_id , house_address_line_one, house_address_line_two, house_address_zip_id) VALUES(793,'070 Old Gate Pass','',790) 
INSERT INTO LIVING_SITUATION(living_situation_person_id,living_situation_house_address_id) VALUES(793,793)
INSERT INTO PERSON(person_id, person_gender_id, person_first_name, person_last_name, person_email_name) VALUES(794,2,'Davidson','Frederick','dfrederick63@spotify.com')
Insert into HOUSE_ADDRESS(house_address_id , house_address_line_one, house_address_line_two, house_address_zip_id) VALUES(794,'097 Jackson Alley','',766) 
INSERT INTO LIVING_SITUATION(living_situation_person_id,living_situation_house_address_id) VALUES(794,794)
INSERT INTO PERSON(person_id, person_gender_id, person_first_name, person_last_name, person_email_name) VALUES(795,1,'Joye','Ren','jren4o@bloomberg.com')
Insert into HOUSE_ADDRESS(house_address_id , house_address_line_one, house_address_line_two, house_address_zip_id) VALUES(795,'1039 Derek Circle','',786) 
INSERT INTO LIVING_SITUATION(living_situation_person_id,living_situation_house_address_id) VALUES(795,795)
INSERT INTO PERSON(person_id, person_gender_id, person_first_name, person_last_name, person_email_name) VALUES(796,9,'Cleveland','Painswick','cpainswickgz@myspace.com')
Insert into HOUSE_ADDRESS(house_address_id , house_address_line_one, house_address_line_two, house_address_zip_id) VALUES(796,'31476 Manley Lane','',766) 
INSERT INTO LIVING_SITUATION(living_situation_person_id,living_situation_house_address_id) VALUES(796,796)
INSERT INTO PERSON(person_id, person_gender_id, person_first_name, person_last_name, person_email_name) VALUES(797,1,'Kennedy','Arnholz','karnholz9h@prnewswire.com')
Insert into HOUSE_ADDRESS(house_address_id , house_address_line_one, house_address_line_two, house_address_zip_id) VALUES(797,'33 Johnson Center','',755) 
INSERT INTO LIVING_SITUATION(living_situation_person_id,living_situation_house_address_id) VALUES(797,797)
INSERT INTO PERSON(person_id, person_gender_id, person_first_name, person_last_name, person_email_name) VALUES(798,4,'Sam','Wyett','swyettb3@smh.com.au')
Insert into HOUSE_ADDRESS(house_address_id , house_address_line_one, house_address_line_two, house_address_zip_id) VALUES(798,'3917 Maywood Lane','',750) 
INSERT INTO LIVING_SITUATION(living_situation_person_id,living_situation_house_address_id) VALUES(798,798)
INSERT INTO PERSON(person_id, person_gender_id, person_first_name, person_last_name, person_email_name) VALUES(799,7,'Jackie','Guinery','jguineryar@independent.co.uk')
Insert into HOUSE_ADDRESS(house_address_id , house_address_line_one, house_address_line_two, house_address_zip_id) VALUES(799,'5 Buhler Crossing','',751) 
INSERT INTO LIVING_SITUATION(living_situation_person_id,living_situation_house_address_id) VALUES(799,799)
INSERT INTO PERSON(person_id, person_gender_id, person_first_name, person_last_name, person_email_name) VALUES(800,4,'Hoebart','Graith','hgraith6v@wired.com')
Insert into HOUSE_ADDRESS(house_address_id , house_address_line_one, house_address_line_two, house_address_zip_id) VALUES(800,'501 Westport Hill','',759) 
INSERT INTO LIVING_SITUATION(living_situation_person_id,living_situation_house_address_id) VALUES(800,800)
INSERT INTO PERSON(person_id, person_gender_id, person_first_name, person_last_name, person_email_name) VALUES(801,8,'Silvan','Kemetz','skemetzcq@pbs.org')
Insert into zip(zip_id, zip_code, zip_city, zip_state)Values (801,'11436','Jamaica','New York')
Insert into HOUSE_ADDRESS(house_address_id , house_address_line_one, house_address_line_two, house_address_zip_id) VALUES(801,'569 Waywood Court','',801) 
INSERT INTO LIVING_SITUATION(living_situation_person_id,living_situation_house_address_id) VALUES(801,801)
INSERT INTO PERSON(person_id, person_gender_id, person_first_name, person_last_name, person_email_name) VALUES(802,9,'Garth','Judron','gjudron19@facebook.com')
Insert into HOUSE_ADDRESS(house_address_id , house_address_line_one, house_address_line_two, house_address_zip_id) VALUES(802,'6960 Rieder Point','',786) 
INSERT INTO LIVING_SITUATION(living_situation_person_id,living_situation_house_address_id) VALUES(802,802)
INSERT INTO PERSON(person_id, person_gender_id, person_first_name, person_last_name, person_email_name) VALUES(803,0,'Norina','Bridgstock','nbridgstockgy@scribd.com')
Insert into HOUSE_ADDRESS(house_address_id , house_address_line_one, house_address_line_two, house_address_zip_id) VALUES(803,'72315 Randy Alley','',752) 
INSERT INTO LIVING_SITUATION(living_situation_person_id,living_situation_house_address_id) VALUES(803,803)
INSERT INTO PERSON(person_id, person_gender_id, person_first_name, person_last_name, person_email_name) VALUES(804,7,'Zelda','Paridge','zparidger6@upenn.edu')
Insert into HOUSE_ADDRESS(house_address_id , house_address_line_one, house_address_line_two, house_address_zip_id) VALUES(804,'772 Jenifer Trail','',753) 
INSERT INTO LIVING_SITUATION(living_situation_person_id,living_situation_house_address_id) VALUES(804,804)
INSERT INTO PERSON(person_id, person_gender_id, person_first_name, person_last_name, person_email_name) VALUES(805,9,'Flossie','Klass','fklass2s@dot.gov')
Insert into HOUSE_ADDRESS(house_address_id , house_address_line_one, house_address_line_two, house_address_zip_id) VALUES(805,'86928 Vernon Hill','',785) 
INSERT INTO LIVING_SITUATION(living_situation_person_id,living_situation_house_address_id) VALUES(805,805)
INSERT INTO PERSON(person_id, person_gender_id, person_first_name, person_last_name, person_email_name) VALUES(806,9,'Kipp','Fancutt','kfancuttv@goodreads.com')
Insert into HOUSE_ADDRESS(house_address_id , house_address_line_one, house_address_line_two, house_address_zip_id) VALUES(806,'9 Sutherland Pass','',801) 
INSERT INTO LIVING_SITUATION(living_situation_person_id,living_situation_house_address_id) VALUES(806,806)
INSERT INTO PERSON(person_id, person_gender_id, person_first_name, person_last_name, person_email_name) VALUES(807,7,'Karim','Henworth','khenworthc0@xinhuanet.com')
Insert into HOUSE_ADDRESS(house_address_id , house_address_line_one, house_address_line_two, house_address_zip_id) VALUES(807,'96 Armistice Pass','',801) 
INSERT INTO LIVING_SITUATION(living_situation_person_id,living_situation_house_address_id) VALUES(807,807)
INSERT INTO PERSON(person_id, person_gender_id, person_first_name, person_last_name, person_email_name) VALUES(808,8,'Devora','Mudd','dmuddgm@apple.com')
Insert into HOUSE_ADDRESS(house_address_id , house_address_line_one, house_address_line_two, house_address_zip_id) VALUES(808,'28 Swallow Point','',755) 
INSERT INTO LIVING_SITUATION(living_situation_person_id,living_situation_house_address_id) VALUES(808,808)
INSERT INTO PERSON(person_id, person_gender_id, person_first_name, person_last_name, person_email_name) VALUES(809,7,'Phillip','Thunnerclef','pthunnerclef6w@ihg.com')
Insert into HOUSE_ADDRESS(house_address_id , house_address_line_one, house_address_line_two, house_address_zip_id) VALUES(809,'29 Express Place','',790) 
INSERT INTO LIVING_SITUATION(living_situation_person_id,living_situation_house_address_id) VALUES(809,809)
INSERT INTO PERSON(person_id, person_gender_id, person_first_name, person_last_name, person_email_name) VALUES(810,8,'Adi','Beebis','abeebis61@xrea.com')
Insert into HOUSE_ADDRESS(house_address_id , house_address_line_one, house_address_line_two, house_address_zip_id) VALUES(810,'57 Shelley Court','',765) 
INSERT INTO LIVING_SITUATION(living_situation_person_id,living_situation_house_address_id) VALUES(810,810)
INSERT INTO PERSON(person_id, person_gender_id, person_first_name, person_last_name, person_email_name) VALUES(811,0,'Jory','Tredgold','jtredgoldl3@harvard.edu')
Insert into HOUSE_ADDRESS(house_address_id , house_address_line_one, house_address_line_two, house_address_zip_id) VALUES(811,'6 Crowley Street','',765) 
INSERT INTO LIVING_SITUATION(living_situation_person_id,living_situation_house_address_id) VALUES(811,811)
INSERT INTO PERSON(person_id, person_gender_id, person_first_name, person_last_name, person_email_name) VALUES(812,8,'Julia','Moseby','jmosebycc@eventbrite.com')
Insert into HOUSE_ADDRESS(house_address_id , house_address_line_one, house_address_line_two, house_address_zip_id) VALUES(812,'64 Killdeer Road','',750) 
INSERT INTO LIVING_SITUATION(living_situation_person_id,living_situation_house_address_id) VALUES(812,812)
INSERT INTO PERSON(person_id, person_gender_id, person_first_name, person_last_name, person_email_name) VALUES(813,2,'Gwyn','Osment','gosmentex@timesonline.co.uk')
Insert into HOUSE_ADDRESS(house_address_id , house_address_line_one, house_address_line_two, house_address_zip_id) VALUES(813,'65 Manley Circle','',753) 
INSERT INTO LIVING_SITUATION(living_situation_person_id,living_situation_house_address_id) VALUES(813,813)
INSERT INTO PERSON(person_id, person_gender_id, person_first_name, person_last_name, person_email_name) VALUES(814,9,'Ame','Stannas','astannas8o@mediafire.com')
Insert into HOUSE_ADDRESS(house_address_id , house_address_line_one, house_address_line_two, house_address_zip_id) VALUES(814,'7 Village Street','',751) 
INSERT INTO LIVING_SITUATION(living_situation_person_id,living_situation_house_address_id) VALUES(814,814)
INSERT INTO PERSON(person_id, person_gender_id, person_first_name, person_last_name, person_email_name) VALUES(815,2,'Agna','Pedder','apeddero4@pbs.org')
Insert into HOUSE_ADDRESS(house_address_id , house_address_line_one, house_address_line_two, house_address_zip_id) VALUES(815,'73 Bayside Plaza','',759) 
INSERT INTO LIVING_SITUATION(living_situation_person_id,living_situation_house_address_id) VALUES(815,815)
INSERT INTO PERSON(person_id, person_gender_id, person_first_name, person_last_name, person_email_name) VALUES(816,3,'Lane','Creaven','lcreaven8q@google.cn')
Insert into HOUSE_ADDRESS(house_address_id , house_address_line_one, house_address_line_two, house_address_zip_id) VALUES(816,'73 Red Cloud Way','',784) 
INSERT INTO LIVING_SITUATION(living_situation_person_id,living_situation_house_address_id) VALUES(816,816)
INSERT INTO PERSON(person_id, person_gender_id, person_first_name, person_last_name, person_email_name) VALUES(817,1,'Aaron','Mulryan','amulryanjr@furl.net')
Insert into HOUSE_ADDRESS(house_address_id , house_address_line_one, house_address_line_two, house_address_zip_id) VALUES(817,'74 Maywood Court','',786) 
INSERT INTO LIVING_SITUATION(living_situation_person_id,living_situation_house_address_id) VALUES(817,817)
INSERT INTO PERSON(person_id, person_gender_id, person_first_name, person_last_name, person_email_name) VALUES(818,4,'Claudelle','Fawbert','cfawbert56@wordpress.com')
Insert into HOUSE_ADDRESS(house_address_id , house_address_line_one, house_address_line_two, house_address_zip_id) VALUES(818,'9 Milwaukee Lane','',784) 
INSERT INTO LIVING_SITUATION(living_situation_person_id,living_situation_house_address_id) VALUES(818,818)
INSERT INTO PERSON(person_id, person_gender_id, person_first_name, person_last_name, person_email_name) VALUES(819,1,'Lucas','Lethcoe','llethcoe43@wisc.edu')
Insert into HOUSE_ADDRESS(house_address_id , house_address_line_one, house_address_line_two, house_address_zip_id) VALUES(819,'94 Warner Center','',759) 
INSERT INTO LIVING_SITUATION(living_situation_person_id,living_situation_house_address_id) VALUES(819,819)
INSERT INTO PERSON(person_id, person_gender_id, person_first_name, person_last_name, person_email_name) VALUES(820,2,'Richmond','Clackson','rclacksonpo@nifty.com')
Insert into HOUSE_ADDRESS(house_address_id , house_address_line_one, house_address_line_two, house_address_zip_id) VALUES(820,'0240 Boyd Alley','',765) 
INSERT INTO LIVING_SITUATION(living_situation_person_id,living_situation_house_address_id) VALUES(820,820)
INSERT INTO PERSON(person_id, person_gender_id, person_first_name, person_last_name, person_email_name) VALUES(821,3,'Stanley','Duetsche','sduetscheqv@mysql.com')
Insert into HOUSE_ADDRESS(house_address_id , house_address_line_one, house_address_line_two, house_address_zip_id) VALUES(821,'112 Golf Center','',752) 
INSERT INTO LIVING_SITUATION(living_situation_person_id,living_situation_house_address_id) VALUES(821,821)
INSERT INTO PERSON(person_id, person_gender_id, person_first_name, person_last_name, person_email_name) VALUES(822,1,'Min','Barkshire','mbarkshirenh@blogger.com')
Insert into HOUSE_ADDRESS(house_address_id , house_address_line_one, house_address_line_two, house_address_zip_id) VALUES(822,'2 Moulton Place','',759) 
INSERT INTO LIVING_SITUATION(living_situation_person_id,living_situation_house_address_id) VALUES(822,822)
INSERT INTO PERSON(person_id, person_gender_id, person_first_name, person_last_name, person_email_name) VALUES(823,0,'Annemarie','Morfield','amorfield5@lycos.com')
Insert into HOUSE_ADDRESS(house_address_id , house_address_line_one, house_address_line_two, house_address_zip_id) VALUES(823,'21 Hanover Park','',769) 
INSERT INTO LIVING_SITUATION(living_situation_person_id,living_situation_house_address_id) VALUES(823,823)
INSERT INTO PERSON(person_id, person_gender_id, person_first_name, person_last_name, person_email_name) VALUES(824,9,'Jozef','Seleway','jselewaye2@engadget.com')
Insert into HOUSE_ADDRESS(house_address_id , house_address_line_one, house_address_line_two, house_address_zip_id) VALUES(824,'515 Loomis Lane','',751) 
INSERT INTO LIVING_SITUATION(living_situation_person_id,living_situation_house_address_id) VALUES(824,824)
INSERT INTO PERSON(person_id, person_gender_id, person_first_name, person_last_name, person_email_name) VALUES(825,2,'Dotty','Buckerfield','dbuckerfieldbf@omniture.com')
Insert into HOUSE_ADDRESS(house_address_id , house_address_line_one, house_address_line_two, house_address_zip_id) VALUES(825,'6 Brown Parkway','',754) 
INSERT INTO LIVING_SITUATION(living_situation_person_id,living_situation_house_address_id) VALUES(825,825)
INSERT INTO PERSON(person_id, person_gender_id, person_first_name, person_last_name, person_email_name) VALUES(826,9,'Maryjo','Sidery','msideryb9@census.gov')
Insert into HOUSE_ADDRESS(house_address_id , house_address_line_one, house_address_line_two, house_address_zip_id) VALUES(826,'94 Lunder Trail','',784) 
INSERT INTO LIVING_SITUATION(living_situation_person_id,living_situation_house_address_id) VALUES(826,826)
INSERT INTO PERSON(person_id, person_gender_id, person_first_name, person_last_name, person_email_name) VALUES(827,9,'Lorne','Starrs','lstarrst@ning.com')
Insert into HOUSE_ADDRESS(house_address_id , house_address_line_one, house_address_line_two, house_address_zip_id) VALUES(827,'940 Corben Lane','',769) 
INSERT INTO LIVING_SITUATION(living_situation_person_id,living_situation_house_address_id) VALUES(827,827)
INSERT INTO PERSON(person_id, person_gender_id, person_first_name, person_last_name, person_email_name) VALUES(828,1,'Delcina','Wolford','dwolfordm7@yale.edu')
Insert into HOUSE_ADDRESS(house_address_id , house_address_line_one, house_address_line_two, house_address_zip_id) VALUES(828,'008 Eagan Road','',753) 
INSERT INTO LIVING_SITUATION(living_situation_person_id,living_situation_house_address_id) VALUES(828,828)
INSERT INTO PERSON(person_id, person_gender_id, person_first_name, person_last_name, person_email_name) VALUES(829,4,'Rhody','Owlner','rowlnerbe@wikia.com')
Insert into HOUSE_ADDRESS(house_address_id , house_address_line_one, house_address_line_two, house_address_zip_id) VALUES(829,'126 Ryan Drive','',755) 
INSERT INTO LIVING_SITUATION(living_situation_person_id,living_situation_house_address_id) VALUES(829,829)
INSERT INTO PERSON(person_id, person_gender_id, person_first_name, person_last_name, person_email_name) VALUES(830,2,'Greg','Orford','gorford30@elegantthemes.com')
Insert into HOUSE_ADDRESS(house_address_id , house_address_line_one, house_address_line_two, house_address_zip_id) VALUES(830,'2 Algoma Alley','',766) 
INSERT INTO LIVING_SITUATION(living_situation_person_id,living_situation_house_address_id) VALUES(830,830)
INSERT INTO PERSON(person_id, person_gender_id, person_first_name, person_last_name, person_email_name) VALUES(831,0,'Willey','Veltmann','wveltmann5h@opensource.org')
Insert into HOUSE_ADDRESS(house_address_id , house_address_line_one, house_address_line_two, house_address_zip_id) VALUES(831,'702 Derek Lane','',765) 
INSERT INTO LIVING_SITUATION(living_situation_person_id,living_situation_house_address_id) VALUES(831,831)
INSERT INTO PERSON(person_id, person_gender_id, person_first_name, person_last_name, person_email_name) VALUES(832,7,'Devin','Newall','dnewalll4@chicagotribune.com')
Insert into HOUSE_ADDRESS(house_address_id , house_address_line_one, house_address_line_two, house_address_zip_id) VALUES(832,'98 Moland Hill','',790) 
INSERT INTO LIVING_SITUATION(living_situation_person_id,living_situation_house_address_id) VALUES(832,832)
INSERT INTO PERSON(person_id, person_gender_id, person_first_name, person_last_name, person_email_name) VALUES(833,7,'Delly','Domenichelli','ddomenichelliej@google.co.uk')
Insert into HOUSE_ADDRESS(house_address_id , house_address_line_one, house_address_line_two, house_address_zip_id) VALUES(833,'09 Nancy Lane','',751) 
INSERT INTO LIVING_SITUATION(living_situation_person_id,living_situation_house_address_id) VALUES(833,833)
INSERT INTO PERSON(person_id, person_gender_id, person_first_name, person_last_name, person_email_name) VALUES(834,2,'Enrichetta','Richardsson','erichardsson3q@quantcast.com')
Insert into HOUSE_ADDRESS(house_address_id , house_address_line_one, house_address_line_two, house_address_zip_id) VALUES(834,'1 Monica Lane','',749) 
INSERT INTO LIVING_SITUATION(living_situation_person_id,living_situation_house_address_id) VALUES(834,834)
INSERT INTO PERSON(person_id, person_gender_id, person_first_name, person_last_name, person_email_name) VALUES(835,4,'Gordy','Smalles','gsmallesbj@examiner.com')
Insert into HOUSE_ADDRESS(house_address_id , house_address_line_one, house_address_line_two, house_address_zip_id) VALUES(835,'284 Kings Way','',786) 
INSERT INTO LIVING_SITUATION(living_situation_person_id,living_situation_house_address_id) VALUES(835,835)
INSERT INTO PERSON(person_id, person_gender_id, person_first_name, person_last_name, person_email_name) VALUES(836,0,'Bunni','Coslett','bcoslett6i@istockphoto.com')
Insert into HOUSE_ADDRESS(house_address_id , house_address_line_one, house_address_line_two, house_address_zip_id) VALUES(836,'92 Dawn Trail','',784) 
INSERT INTO LIVING_SITUATION(living_situation_person_id,living_situation_house_address_id) VALUES(836,836)
INSERT INTO PERSON(person_id, person_gender_id, person_first_name, person_last_name, person_email_name) VALUES(837,8,'Electra','Darrel','edarrel6x@a8.net')
Insert into HOUSE_ADDRESS(house_address_id , house_address_line_one, house_address_line_two, house_address_zip_id) VALUES(837,'5 Corry Pass','',753) 
INSERT INTO LIVING_SITUATION(living_situation_person_id,living_situation_house_address_id) VALUES(837,837)
INSERT INTO PERSON(person_id, person_gender_id, person_first_name, person_last_name, person_email_name) VALUES(838,1,'Menard','Weadick','mweadicknv@dailymotion.com')
Insert into HOUSE_ADDRESS(house_address_id , house_address_line_one, house_address_line_two, house_address_zip_id) VALUES(838,'6 Nevada Way','',766) 
INSERT INTO LIVING_SITUATION(living_situation_person_id,living_situation_house_address_id) VALUES(838,838)
INSERT INTO PERSON(person_id, person_gender_id, person_first_name, person_last_name, person_email_name) VALUES(839,2,'Umeko','Littrik','ulittrik1n@google.es')
Insert into HOUSE_ADDRESS(house_address_id , house_address_line_one, house_address_line_two, house_address_zip_id) VALUES(839,'73 Elka Lane','',749) 
INSERT INTO LIVING_SITUATION(living_situation_person_id,living_situation_house_address_id) VALUES(839,839)
INSERT INTO PERSON(person_id, person_gender_id, person_first_name, person_last_name, person_email_name) VALUES(840,3,'Duke','Macrae','dmacraeph@weibo.com')
Insert into zip(zip_id, zip_code, zip_city, zip_state)Values (840,'12242','Albany','New York')
Insert into HOUSE_ADDRESS(house_address_id , house_address_line_one, house_address_line_two, house_address_zip_id) VALUES(840,'00778 Lakewood Gardens Circle','',840) 
INSERT INTO LIVING_SITUATION(living_situation_person_id,living_situation_house_address_id) VALUES(840,840)
INSERT INTO PERSON(person_id, person_gender_id, person_first_name, person_last_name, person_email_name) VALUES(841,7,'Marc','Deschlein','mdeschleinko@disqus.com')
Insert into zip(zip_id, zip_code, zip_city, zip_state)Values (841,'12210','Albany','New York')
Insert into HOUSE_ADDRESS(house_address_id , house_address_line_one, house_address_line_two, house_address_zip_id) VALUES(841,'3776 Meadow Ridge Avenue','',841) 
INSERT INTO LIVING_SITUATION(living_situation_person_id,living_situation_house_address_id) VALUES(841,841)
INSERT INTO PERSON(person_id, person_gender_id, person_first_name, person_last_name, person_email_name) VALUES(842,0,'Mariquilla','Vlasyuk','mvlasyuk8m@yellowbook.com')
Insert into zip(zip_id, zip_code, zip_city, zip_state)Values (842,'14905','Elmira','New York')
Insert into HOUSE_ADDRESS(house_address_id , house_address_line_one, house_address_line_two, house_address_zip_id) VALUES(842,'38429 Declaration Center','',842) 
INSERT INTO LIVING_SITUATION(living_situation_person_id,living_situation_house_address_id) VALUES(842,842)
INSERT INTO PERSON(person_id, person_gender_id, person_first_name, person_last_name, person_email_name) VALUES(843,7,'Dorothee','Rarity','drarityev@bloomberg.com')
Insert into zip(zip_id, zip_code, zip_city, zip_state)Values (843,'12247','Albany','New York')
Insert into HOUSE_ADDRESS(house_address_id , house_address_line_one, house_address_line_two, house_address_zip_id) VALUES(843,'02850 Straubel Crossing','',843) 
INSERT INTO LIVING_SITUATION(living_situation_person_id,living_situation_house_address_id) VALUES(843,843)
INSERT INTO PERSON(person_id, person_gender_id, person_first_name, person_last_name, person_email_name) VALUES(844,4,'Beck','Golly','bgolly5w@godaddy.com')
Insert into zip(zip_id, zip_code, zip_city, zip_state)Values (844,'12205','Albany','New York')
Insert into HOUSE_ADDRESS(house_address_id , house_address_line_one, house_address_line_two, house_address_zip_id) VALUES(844,'0247 Cardinal Junction','',844) 
INSERT INTO LIVING_SITUATION(living_situation_person_id,living_situation_house_address_id) VALUES(844,844)
INSERT INTO PERSON(person_id, person_gender_id, person_first_name, person_last_name, person_email_name) VALUES(845,9,'Silas','Dunnion','sdunnionib@github.com')
Insert into zip(zip_id, zip_code, zip_city, zip_state)Values (845,'12255','Albany','New York')
Insert into HOUSE_ADDRESS(house_address_id , house_address_line_one, house_address_line_two, house_address_zip_id) VALUES(845,'135 Burning Wood Point','',845) 
INSERT INTO LIVING_SITUATION(living_situation_person_id,living_situation_house_address_id) VALUES(845,845)
INSERT INTO PERSON(person_id, person_gender_id, person_first_name, person_last_name, person_email_name) VALUES(846,3,'Merrick','Oaks','moaks1f@forbes.com')
Insert into HOUSE_ADDRESS(house_address_id , house_address_line_one, house_address_line_two, house_address_zip_id) VALUES(846,'39 Forest Run Junction','',843) 
INSERT INTO LIVING_SITUATION(living_situation_person_id,living_situation_house_address_id) VALUES(846,846)
INSERT INTO PERSON(person_id, person_gender_id, person_first_name, person_last_name, person_email_name) VALUES(847,9,'Nelie','Thomazet','nthomazetmz@moonfruit.com')
Insert into zip(zip_id, zip_code, zip_city, zip_state)Values (847,'12227','Albany','New York')
Insert into HOUSE_ADDRESS(house_address_id , house_address_line_one, house_address_line_two, house_address_zip_id) VALUES(847,'4315 Golf Course Place','',847) 
INSERT INTO LIVING_SITUATION(living_situation_person_id,living_situation_house_address_id) VALUES(847,847)
INSERT INTO PERSON(person_id, person_gender_id, person_first_name, person_last_name, person_email_name) VALUES(848,0,'Cynthy','Flippini','cflippinioi@netlog.com')
Insert into HOUSE_ADDRESS(house_address_id , house_address_line_one, house_address_line_two, house_address_zip_id) VALUES(848,'22398 Graceland Point','',844) 
INSERT INTO LIVING_SITUATION(living_situation_person_id,living_situation_house_address_id) VALUES(848,848)
INSERT INTO PERSON(person_id, person_gender_id, person_first_name, person_last_name, person_email_name) VALUES(849,7,'Garwood','Ledamun','gledamun1t@t-online.de')
Insert into HOUSE_ADDRESS(house_address_id , house_address_line_one, house_address_line_two, house_address_zip_id) VALUES(849,'9895 Ridge Oak Center','',843) 
INSERT INTO LIVING_SITUATION(living_situation_person_id,living_situation_house_address_id) VALUES(849,849)
INSERT INTO PERSON(person_id, person_gender_id, person_first_name, person_last_name, person_email_name) VALUES(850,8,'Peg','Standish','pstandishpk@jiathis.com')
Insert into HOUSE_ADDRESS(house_address_id , house_address_line_one, house_address_line_two, house_address_zip_id) VALUES(850,'17258 Corben Terrace','',842) 
INSERT INTO LIVING_SITUATION(living_situation_person_id,living_situation_house_address_id) VALUES(850,850)
INSERT INTO PERSON(person_id, person_gender_id, person_first_name, person_last_name, person_email_name) VALUES(851,8,'Belvia','Bowick','bbowickaf@jigsy.com')
Insert into zip(zip_id, zip_code, zip_city, zip_state)Values (851,'12222','Albany','New York')
Insert into HOUSE_ADDRESS(house_address_id , house_address_line_one, house_address_line_two, house_address_zip_id) VALUES(851,'23038 Mcbride Circle','',851) 
INSERT INTO LIVING_SITUATION(living_situation_person_id,living_situation_house_address_id) VALUES(851,851)
INSERT INTO PERSON(person_id, person_gender_id, person_first_name, person_last_name, person_email_name) VALUES(852,9,'Carolin','Coule','ccouleqq@dion.ne.jp')
Insert into zip(zip_id, zip_code, zip_city, zip_state)Values (852,'12262','Albany','New York')
Insert into HOUSE_ADDRESS(house_address_id , house_address_line_one, house_address_line_two, house_address_zip_id) VALUES(852,'46 Washington Circle','',852) 
INSERT INTO LIVING_SITUATION(living_situation_person_id,living_situation_house_address_id) VALUES(852,852)
INSERT INTO PERSON(person_id, person_gender_id, person_first_name, person_last_name, person_email_name) VALUES(853,8,'Alice','Halbeard','ahalbeard1l@latimes.com')
Insert into HOUSE_ADDRESS(house_address_id , house_address_line_one, house_address_line_two, house_address_zip_id) VALUES(853,'6798 Schmedeman Hill','',852) 
INSERT INTO LIVING_SITUATION(living_situation_person_id,living_situation_house_address_id) VALUES(853,853)
INSERT INTO PERSON(person_id, person_gender_id, person_first_name, person_last_name, person_email_name) VALUES(854,7,'Giacobo','Borrington','gborrington9y@examiner.com')
Insert into HOUSE_ADDRESS(house_address_id , house_address_line_one, house_address_line_two, house_address_zip_id) VALUES(854,'0942 Thackeray Pass','',840) 
INSERT INTO LIVING_SITUATION(living_situation_person_id,living_situation_house_address_id) VALUES(854,854)
INSERT INTO PERSON(person_id, person_gender_id, person_first_name, person_last_name, person_email_name) VALUES(855,2,'Ardella','McCathie','amccathie8k@alexa.com')
Insert into HOUSE_ADDRESS(house_address_id , house_address_line_one, house_address_line_two, house_address_zip_id) VALUES(855,'15 Southridge Alley','',842) 
INSERT INTO LIVING_SITUATION(living_situation_person_id,living_situation_house_address_id) VALUES(855,855)
INSERT INTO PERSON(person_id, person_gender_id, person_first_name, person_last_name, person_email_name) VALUES(856,1,'Gray','Smallshaw','gsmallshawlc@imdb.com')
Insert into zip(zip_id, zip_code, zip_city, zip_state)Values (856,'19725','Newark','Delaware')
Insert into HOUSE_ADDRESS(house_address_id , house_address_line_one, house_address_line_two, house_address_zip_id) VALUES(856,'2 Bellgrove Parkway','',856) 
INSERT INTO LIVING_SITUATION(living_situation_person_id,living_situation_house_address_id) VALUES(856,856)
INSERT INTO PERSON(person_id, person_gender_id, person_first_name, person_last_name, person_email_name) VALUES(857,0,'Eustace','Lago','elagomi@aboutads.info')
Insert into zip(zip_id, zip_code, zip_city, zip_state)Values (857,'12237','Albany','New York')
Insert into HOUSE_ADDRESS(house_address_id , house_address_line_one, house_address_line_two, house_address_zip_id) VALUES(857,'2028 Donald Terrace','',857) 
INSERT INTO LIVING_SITUATION(living_situation_person_id,living_situation_house_address_id) VALUES(857,857)
INSERT INTO PERSON(person_id, person_gender_id, person_first_name, person_last_name, person_email_name) VALUES(858,7,'Mag','Flatt','mflatt76@imgur.com')
Insert into HOUSE_ADDRESS(house_address_id , house_address_line_one, house_address_line_two, house_address_zip_id) VALUES(858,'22547 Dayton Street','',844) 
INSERT INTO LIVING_SITUATION(living_situation_person_id,living_situation_house_address_id) VALUES(858,858)
INSERT INTO PERSON(person_id, person_gender_id, person_first_name, person_last_name, person_email_name) VALUES(859,8,'Angel','Le Grys','alegrysp4@odnoklassniki.ru')
Insert into HOUSE_ADDRESS(house_address_id , house_address_line_one, house_address_line_two, house_address_zip_id) VALUES(859,'7740 Merry Junction','',845) 
INSERT INTO LIVING_SITUATION(living_situation_person_id,living_situation_house_address_id) VALUES(859,859)
INSERT INTO PERSON(person_id, person_gender_id, person_first_name, person_last_name, person_email_name) VALUES(860,7,'Man','Rowberry','mrowberry24@ft.com')
Insert into HOUSE_ADDRESS(house_address_id , house_address_line_one, house_address_line_two, house_address_zip_id) VALUES(860,'796 Monument Street','',852) 
INSERT INTO LIVING_SITUATION(living_situation_person_id,living_situation_house_address_id) VALUES(860,860)
INSERT INTO PERSON(person_id, person_gender_id, person_first_name, person_last_name, person_email_name) VALUES(861,1,'Temple','Cherry','tcherryay@businesswire.com')
Insert into HOUSE_ADDRESS(house_address_id , house_address_line_one, house_address_line_two, house_address_zip_id) VALUES(861,'85 Parkside Terrace','',845) 
INSERT INTO LIVING_SITUATION(living_situation_person_id,living_situation_house_address_id) VALUES(861,861)
INSERT INTO PERSON(person_id, person_gender_id, person_first_name, person_last_name, person_email_name) VALUES(862,1,'Becca','Noah','bnoahhz@vimeo.com')
Insert into HOUSE_ADDRESS(house_address_id , house_address_line_one, house_address_line_two, house_address_zip_id) VALUES(862,'01 Southridge Lane','',852) 
INSERT INTO LIVING_SITUATION(living_situation_person_id,living_situation_house_address_id) VALUES(862,862)
INSERT INTO PERSON(person_id, person_gender_id, person_first_name, person_last_name, person_email_name) VALUES(863,9,'Clerissa','Ronaghan','cronaghangr@engadget.com')
Insert into HOUSE_ADDRESS(house_address_id , house_address_line_one, house_address_line_two, house_address_zip_id) VALUES(863,'22461 Upham Circle','',840) 
INSERT INTO LIVING_SITUATION(living_situation_person_id,living_situation_house_address_id) VALUES(863,863)
INSERT INTO PERSON(person_id, person_gender_id, person_first_name, person_last_name, person_email_name) VALUES(864,0,'Harbert','Todd','htodd1q@histats.com')
Insert into zip(zip_id, zip_code, zip_city, zip_state)Values (864,'12232','Albany','New York')
Insert into HOUSE_ADDRESS(house_address_id , house_address_line_one, house_address_line_two, house_address_zip_id) VALUES(864,'2708 Harper Center','',864) 
INSERT INTO LIVING_SITUATION(living_situation_person_id,living_situation_house_address_id) VALUES(864,864)
INSERT INTO PERSON(person_id, person_gender_id, person_first_name, person_last_name, person_email_name) VALUES(865,2,'Louisa','Pendrich','lpendrichjl@google.co.uk')
Insert into HOUSE_ADDRESS(house_address_id , house_address_line_one, house_address_line_two, house_address_zip_id) VALUES(865,'47601 Loomis Alley','',857) 
INSERT INTO LIVING_SITUATION(living_situation_person_id,living_situation_house_address_id) VALUES(865,865)
INSERT INTO PERSON(person_id, person_gender_id, person_first_name, person_last_name, person_email_name) VALUES(866,8,'Gunner','Sweetzer','gsweetzer5b@bbb.org')
Insert into HOUSE_ADDRESS(house_address_id , house_address_line_one, house_address_line_two, house_address_zip_id) VALUES(866,'49852 Harbort Hill','',842) 
INSERT INTO LIVING_SITUATION(living_situation_person_id,living_situation_house_address_id) VALUES(866,866)
INSERT INTO PERSON(person_id, person_gender_id, person_first_name, person_last_name, person_email_name) VALUES(867,9,'Annice','Baxster','abaxsterom@ovh.net')
Insert into HOUSE_ADDRESS(house_address_id , house_address_line_one, house_address_line_two, house_address_zip_id) VALUES(867,'5261 Iowa Crossing','',843) 
INSERT INTO LIVING_SITUATION(living_situation_person_id,living_situation_house_address_id) VALUES(867,867)
INSERT INTO PERSON(person_id, person_gender_id, person_first_name, person_last_name, person_email_name) VALUES(868,4,'Natividad','Ashbee','nashbee9x@google.com.hk')
Insert into HOUSE_ADDRESS(house_address_id , house_address_line_one, house_address_line_two, house_address_zip_id) VALUES(868,'943 Kensington Way','',845) 
INSERT INTO LIVING_SITUATION(living_situation_person_id,living_situation_house_address_id) VALUES(868,868)
INSERT INTO PERSON(person_id, person_gender_id, person_first_name, person_last_name, person_email_name) VALUES(869,4,'Miller','Paulisch','mpaulisch46@squarespace.com')
Insert into HOUSE_ADDRESS(house_address_id , house_address_line_one, house_address_line_two, house_address_zip_id) VALUES(869,'9585 Farragut Lane','',842) 
INSERT INTO LIVING_SITUATION(living_situation_person_id,living_situation_house_address_id) VALUES(869,869)
INSERT INTO PERSON(person_id, person_gender_id, person_first_name, person_last_name, person_email_name) VALUES(870,9,'Bevvy','Mogg','bmogg3a@xinhuanet.com')
Insert into HOUSE_ADDRESS(house_address_id , house_address_line_one, house_address_line_two, house_address_zip_id) VALUES(870,'98 Meadow Vale Way','',864) 
INSERT INTO LIVING_SITUATION(living_situation_person_id,living_situation_house_address_id) VALUES(870,870)
INSERT INTO PERSON(person_id, person_gender_id, person_first_name, person_last_name, person_email_name) VALUES(871,3,'Aubrie','Frankiss','afrankissia@cbsnews.com')
Insert into HOUSE_ADDRESS(house_address_id , house_address_line_one, house_address_line_two, house_address_zip_id) VALUES(871,'0035 School Plaza','',852) 
INSERT INTO LIVING_SITUATION(living_situation_person_id,living_situation_house_address_id) VALUES(871,871)
INSERT INTO PERSON(person_id, person_gender_id, person_first_name, person_last_name, person_email_name) VALUES(872,4,'Harmon','Santacrole','hsantacrolerb@addthis.com')
Insert into HOUSE_ADDRESS(house_address_id , house_address_line_one, house_address_line_two, house_address_zip_id) VALUES(872,'011 Roxbury Drive','',841) 
INSERT INTO LIVING_SITUATION(living_situation_person_id,living_situation_house_address_id) VALUES(872,872)
INSERT INTO PERSON(person_id, person_gender_id, person_first_name, person_last_name, person_email_name) VALUES(873,1,'Codi','Winstanley','cwinstanleynk@lycos.com')
Insert into HOUSE_ADDRESS(house_address_id , house_address_line_one, house_address_line_two, house_address_zip_id) VALUES(873,'27907 Rigney Lane','',856) 
INSERT INTO LIVING_SITUATION(living_situation_person_id,living_situation_house_address_id) VALUES(873,873)
INSERT INTO PERSON(person_id, person_gender_id, person_first_name, person_last_name, person_email_name) VALUES(874,7,'Ebony','Hunn','ehunnqo@ocn.ne.jp')
Insert into HOUSE_ADDRESS(house_address_id , house_address_line_one, house_address_line_two, house_address_zip_id) VALUES(874,'320 Eastlawn Pass','',840) 
INSERT INTO LIVING_SITUATION(living_situation_person_id,living_situation_house_address_id) VALUES(874,874)
INSERT INTO PERSON(person_id, person_gender_id, person_first_name, person_last_name, person_email_name) VALUES(875,0,'Analiese','MacGorrie','amacgorriekk@rakuten.co.jp')
Insert into HOUSE_ADDRESS(house_address_id , house_address_line_one, house_address_line_two, house_address_zip_id) VALUES(875,'34193 Gulseth Way','',845) 
INSERT INTO LIVING_SITUATION(living_situation_person_id,living_situation_house_address_id) VALUES(875,875)
INSERT INTO PERSON(person_id, person_gender_id, person_first_name, person_last_name, person_email_name) VALUES(876,3,'Essie','Corpes','ecorpes60@wufoo.com')
Insert into HOUSE_ADDRESS(house_address_id , house_address_line_one, house_address_line_two, house_address_zip_id) VALUES(876,'36 Kinsman Avenue','',845) 
INSERT INTO LIVING_SITUATION(living_situation_person_id,living_situation_house_address_id) VALUES(876,876)
INSERT INTO PERSON(person_id, person_gender_id, person_first_name, person_last_name, person_email_name) VALUES(877,8,'Gardner','Ikringill','gikringillpp@freewebs.com')
Insert into HOUSE_ADDRESS(house_address_id , house_address_line_one, house_address_line_two, house_address_zip_id) VALUES(877,'4504 Welch Street','',857) 
INSERT INTO LIVING_SITUATION(living_situation_person_id,living_situation_house_address_id) VALUES(877,877)
INSERT INTO PERSON(person_id, person_gender_id, person_first_name, person_last_name, person_email_name) VALUES(878,0,'Lurleen','Abyss','labyss4x@washington.edu')
Insert into HOUSE_ADDRESS(house_address_id , house_address_line_one, house_address_line_two, house_address_zip_id) VALUES(878,'52 Bowman Parkway','',864) 
INSERT INTO LIVING_SITUATION(living_situation_person_id,living_situation_house_address_id) VALUES(878,878)
INSERT INTO PERSON(person_id, person_gender_id, person_first_name, person_last_name, person_email_name) VALUES(879,4,'Ken','Alsop','kalsop6f@google.it')
Insert into HOUSE_ADDRESS(house_address_id , house_address_line_one, house_address_line_two, house_address_zip_id) VALUES(879,'61804 Kedzie Hill','',841) 
INSERT INTO LIVING_SITUATION(living_situation_person_id,living_situation_house_address_id) VALUES(879,879)
INSERT INTO PERSON(person_id, person_gender_id, person_first_name, person_last_name, person_email_name) VALUES(880,1,'Jackie','Hearnes','jhearnesp@spotify.com')
Insert into HOUSE_ADDRESS(house_address_id , house_address_line_one, house_address_line_two, house_address_zip_id) VALUES(880,'688 Veith Parkway','',843) 
INSERT INTO LIVING_SITUATION(living_situation_person_id,living_situation_house_address_id) VALUES(880,880)
INSERT INTO PERSON(person_id, person_gender_id, person_first_name, person_last_name, person_email_name) VALUES(881,4,'Trevor','Barus','tbaruse4@arizona.edu')
Insert into HOUSE_ADDRESS(house_address_id , house_address_line_one, house_address_line_two, house_address_zip_id) VALUES(881,'0624 Merry Place','',843) 
INSERT INTO LIVING_SITUATION(living_situation_person_id,living_situation_house_address_id) VALUES(881,881)
INSERT INTO PERSON(person_id, person_gender_id, person_first_name, person_last_name, person_email_name) VALUES(882,9,'Kerby','Kemshell','kkemshella3@oaic.gov.au')
Insert into HOUSE_ADDRESS(house_address_id , house_address_line_one, house_address_line_two, house_address_zip_id) VALUES(882,'1 Crownhardt Way','',856) 
INSERT INTO LIVING_SITUATION(living_situation_person_id,living_situation_house_address_id) VALUES(882,882)
INSERT INTO PERSON(person_id, person_gender_id, person_first_name, person_last_name, person_email_name) VALUES(883,4,'Lindy','Keighley','lkeighleyhq@pbs.org')
Insert into HOUSE_ADDRESS(house_address_id , house_address_line_one, house_address_line_two, house_address_zip_id) VALUES(883,'3 Marquette Lane','',841) 
INSERT INTO LIVING_SITUATION(living_situation_person_id,living_situation_house_address_id) VALUES(883,883)
INSERT INTO PERSON(person_id, person_gender_id, person_first_name, person_last_name, person_email_name) VALUES(884,3,'Verena','Daleman','vdaleman3v@skype.com')
Insert into zip(zip_id, zip_code, zip_city, zip_state)Values (884,'19714','Newark','Delaware')
Insert into HOUSE_ADDRESS(house_address_id , house_address_line_one, house_address_line_two, house_address_zip_id) VALUES(884,'32 Arapahoe Park','',884) 
INSERT INTO LIVING_SITUATION(living_situation_person_id,living_situation_house_address_id) VALUES(884,884)
INSERT INTO PERSON(person_id, person_gender_id, person_first_name, person_last_name, person_email_name) VALUES(885,9,'Rheba','Fernandes','rfernandesfx@reference.com')
Insert into HOUSE_ADDRESS(house_address_id , house_address_line_one, house_address_line_two, house_address_zip_id) VALUES(885,'39 Center Center','',841) 
INSERT INTO LIVING_SITUATION(living_situation_person_id,living_situation_house_address_id) VALUES(885,885)
INSERT INTO PERSON(person_id, person_gender_id, person_first_name, person_last_name, person_email_name) VALUES(886,0,'Reggie','Rzehorz','rrzehorznm@wordpress.com')
Insert into HOUSE_ADDRESS(house_address_id , house_address_line_one, house_address_line_two, house_address_zip_id) VALUES(886,'443 Ruskin Place','',852) 
INSERT INTO LIVING_SITUATION(living_situation_person_id,living_situation_house_address_id) VALUES(886,886)
INSERT INTO PERSON(person_id, person_gender_id, person_first_name, person_last_name, person_email_name) VALUES(887,1,'Vonnie','Sidlow','vsidlowcb@ebay.co.uk')
Insert into HOUSE_ADDRESS(house_address_id , house_address_line_one, house_address_line_two, house_address_zip_id) VALUES(887,'4688 Mayer Point','',843) 
INSERT INTO LIVING_SITUATION(living_situation_person_id,living_situation_house_address_id) VALUES(887,887)
INSERT INTO PERSON(person_id, person_gender_id, person_first_name, person_last_name, person_email_name) VALUES(888,4,'Guglielma','Regenhardt','gregenhardt9f@samsung.com')
Insert into HOUSE_ADDRESS(house_address_id , house_address_line_one, house_address_line_two, house_address_zip_id) VALUES(888,'65 Rieder Avenue','',840) 
INSERT INTO LIVING_SITUATION(living_situation_person_id,living_situation_house_address_id) VALUES(888,888)
INSERT INTO PERSON(person_id, person_gender_id, person_first_name, person_last_name, person_email_name) VALUES(889,7,'Renell','Krugmann','rkrugmannby@so-net.ne.jp')
Insert into HOUSE_ADDRESS(house_address_id , house_address_line_one, house_address_line_two, house_address_zip_id) VALUES(889,'685 Melvin Drive','',841) 
INSERT INTO LIVING_SITUATION(living_situation_person_id,living_situation_house_address_id) VALUES(889,889)
INSERT INTO PERSON(person_id, person_gender_id, person_first_name, person_last_name, person_email_name) VALUES(890,3,'Ives','Riediger','iriediger66@fema.gov')
Insert into HOUSE_ADDRESS(house_address_id , house_address_line_one, house_address_line_two, house_address_zip_id) VALUES(890,'87 Sullivan Park','',852) 
INSERT INTO LIVING_SITUATION(living_situation_person_id,living_situation_house_address_id) VALUES(890,890)
INSERT INTO PERSON(person_id, person_gender_id, person_first_name, person_last_name, person_email_name) VALUES(891,2,'Oralia','Wankling','owanklingbz@4shared.com')
Insert into HOUSE_ADDRESS(house_address_id , house_address_line_one, house_address_line_two, house_address_zip_id) VALUES(891,'25913 Utah Hill','',842) 
INSERT INTO LIVING_SITUATION(living_situation_person_id,living_situation_house_address_id) VALUES(891,891)
INSERT INTO PERSON(person_id, person_gender_id, person_first_name, person_last_name, person_email_name) VALUES(892,4,'Arleta','Getcliff','agetcliffef@businessweek.com')
Insert into HOUSE_ADDRESS(house_address_id , house_address_line_one, house_address_line_two, house_address_zip_id) VALUES(892,'28 Montana Lane','',864) 
INSERT INTO LIVING_SITUATION(living_situation_person_id,living_situation_house_address_id) VALUES(892,892)
INSERT INTO PERSON(person_id, person_gender_id, person_first_name, person_last_name, person_email_name) VALUES(893,0,'Galvin','Lacheze','glachezef4@netscape.com')
Insert into HOUSE_ADDRESS(house_address_id , house_address_line_one, house_address_line_two, house_address_zip_id) VALUES(893,'446 Merry Plaza','',857) 
INSERT INTO LIVING_SITUATION(living_situation_person_id,living_situation_house_address_id) VALUES(893,893)
INSERT INTO PERSON(person_id, person_gender_id, person_first_name, person_last_name, person_email_name) VALUES(894,1,'Ofilia','Iacovino','oiacovinog5@army.mil')
Insert into HOUSE_ADDRESS(house_address_id , house_address_line_one, house_address_line_two, house_address_zip_id) VALUES(894,'583 Westend Way','',884) 
INSERT INTO LIVING_SITUATION(living_situation_person_id,living_situation_house_address_id) VALUES(894,894)
INSERT INTO PERSON(person_id, person_gender_id, person_first_name, person_last_name, person_email_name) VALUES(895,1,'Crystal','Alldridge','calldridged9@taobao.com')
Insert into HOUSE_ADDRESS(house_address_id , house_address_line_one, house_address_line_two, house_address_zip_id) VALUES(895,'789 Warbler Way','',864) 
INSERT INTO LIVING_SITUATION(living_situation_person_id,living_situation_house_address_id) VALUES(895,895)
INSERT INTO PERSON(person_id, person_gender_id, person_first_name, person_last_name, person_email_name) VALUES(896,3,'Lea','Dunsmore','ldunsmorebp@cbslocal.com')
Insert into HOUSE_ADDRESS(house_address_id , house_address_line_one, house_address_line_two, house_address_zip_id) VALUES(896,'871 Dawn Avenue','',845) 
INSERT INTO LIVING_SITUATION(living_situation_person_id,living_situation_house_address_id) VALUES(896,896)
INSERT INTO PERSON(person_id, person_gender_id, person_first_name, person_last_name, person_email_name) VALUES(897,3,'Julienne','Hay','jhayiu@umich.edu')
INSERT INTO LIVING_SITUATION(living_situation_person_id,living_situation_house_address_id) VALUES(897,896)
INSERT INTO PERSON(person_id, person_gender_id, person_first_name, person_last_name, person_email_name) VALUES(898,8,'Armando','Lettice','alettice3w@webeden.co.uk')
INSERT INTO LIVING_SITUATION(living_situation_person_id,living_situation_house_address_id) VALUES(898,896)
INSERT INTO PERSON(person_id, person_gender_id, person_first_name, person_last_name, person_email_name) VALUES(899,1,'Dall','Bembrick','dbembrickjf@newsvine.com')
INSERT INTO LIVING_SITUATION(living_situation_person_id,living_situation_house_address_id) VALUES(899,896)
INSERT INTO PERSON(person_id, person_gender_id, person_first_name, person_last_name, person_email_name) VALUES(900,0,'Mycah','Esmond','mesmond6j@zimbio.com')
INSERT INTO LIVING_SITUATION(living_situation_person_id,living_situation_house_address_id) VALUES(900,896)
INSERT INTO PERSON(person_id, person_gender_id, person_first_name, person_last_name, person_email_name) VALUES(901,3,'Brigg','Dacres','bdacres8t@engadget.com')
INSERT INTO LIVING_SITUATION(living_situation_person_id,living_situation_house_address_id) VALUES(901,896)
INSERT INTO PERSON(person_id, person_gender_id, person_first_name, person_last_name, person_email_name) VALUES(902,0,'Betta','Annets','bannetsn9@ox.ac.uk')
INSERT INTO LIVING_SITUATION(living_situation_person_id,living_situation_house_address_id) VALUES(902,896)
INSERT INTO PERSON(person_id, person_gender_id, person_first_name, person_last_name, person_email_name) VALUES(903,2,'Ddene','Meldrum','dmeldrumns@bbc.co.uk')
INSERT INTO LIVING_SITUATION(living_situation_person_id,living_situation_house_address_id) VALUES(903,896)
INSERT INTO PERSON(person_id, person_gender_id, person_first_name, person_last_name, person_email_name) VALUES(904,2,'Bat','McIlveen','bmcilveenms@t.co')
INSERT INTO LIVING_SITUATION(living_situation_person_id,living_situation_house_address_id) VALUES(904,896)
INSERT INTO PERSON(person_id, person_gender_id, person_first_name, person_last_name, person_email_name) VALUES(905,0,'Davy','Durnford','ddurnforde9@wufoo.com')
INSERT INTO LIVING_SITUATION(living_situation_person_id,living_situation_house_address_id) VALUES(905,896)
INSERT INTO PERSON(person_id, person_gender_id, person_first_name, person_last_name, person_email_name) VALUES(906,7,'Tildy','Brugmann','tbrugmann7i@myspace.com')
INSERT INTO LIVING_SITUATION(living_situation_person_id,living_situation_house_address_id) VALUES(906,896)
INSERT INTO PERSON(person_id, person_gender_id, person_first_name, person_last_name, person_email_name) VALUES(907,2,'Lezley','Seviour','lseviouriy@mapquest.com')
INSERT INTO LIVING_SITUATION(living_situation_person_id,living_situation_house_address_id) VALUES(907,896)
INSERT INTO PERSON(person_id, person_gender_id, person_first_name, person_last_name, person_email_name) VALUES(908,9,'Juline','Reisenstein','jreisenstein7m@thetimes.co.uk')
INSERT INTO LIVING_SITUATION(living_situation_person_id,living_situation_house_address_id) VALUES(908,896)
INSERT INTO PERSON(person_id, person_gender_id, person_first_name, person_last_name, person_email_name) VALUES(909,8,'Lezley','Nortcliffe','lnortcliffeeu@redcross.org')
INSERT INTO LIVING_SITUATION(living_situation_person_id,living_situation_house_address_id) VALUES(909,896)
INSERT INTO PERSON(person_id, person_gender_id, person_first_name, person_last_name, person_email_name) VALUES(910,1,'Vidovic','MacCallister','vmaccallisterbi@symantec.com')
INSERT INTO LIVING_SITUATION(living_situation_person_id,living_situation_house_address_id) VALUES(910,896)
INSERT INTO PERSON(person_id, person_gender_id, person_first_name, person_last_name, person_email_name) VALUES(911,9,'Leann','Ferry','lferryo7@wiley.com')
INSERT INTO LIVING_SITUATION(living_situation_person_id,living_situation_house_address_id) VALUES(911,896)
INSERT INTO PERSON(person_id, person_gender_id, person_first_name, person_last_name, person_email_name) VALUES(912,9,'Blake','Davidek','bdavidekcu@networkadvertising.org')
INSERT INTO LIVING_SITUATION(living_situation_person_id,living_situation_house_address_id) VALUES(912,896)
INSERT INTO PERSON(person_id, person_gender_id, person_first_name, person_last_name, person_email_name) VALUES(913,3,'Carolyne','Lacroutz','clacroutzf6@parallels.com')
INSERT INTO LIVING_SITUATION(living_situation_person_id,living_situation_house_address_id) VALUES(913,896)
INSERT INTO PERSON(person_id, person_gender_id, person_first_name, person_last_name, person_email_name) VALUES(914,3,'Neysa','Bond','nbond95@gov.uk')
INSERT INTO LIVING_SITUATION(living_situation_person_id,living_situation_house_address_id) VALUES(914,896)
INSERT INTO PERSON(person_id, person_gender_id, person_first_name, person_last_name, person_email_name) VALUES(915,0,'Vivyanne','Crowson','vcrowsonl6@lycos.com')
INSERT INTO LIVING_SITUATION(living_situation_person_id,living_situation_house_address_id) VALUES(915,896)
INSERT INTO PERSON(person_id, person_gender_id, person_first_name, person_last_name, person_email_name) VALUES(916,0,'Morgan','Stenbridge','mstenbridgelm@reference.com')
INSERT INTO LIVING_SITUATION(living_situation_person_id,living_situation_house_address_id) VALUES(916,896)
INSERT INTO PERSON(person_id, person_gender_id, person_first_name, person_last_name, person_email_name) VALUES(917,9,'Dominic','Tapping','dtappinga9@google.de')
INSERT INTO LIVING_SITUATION(living_situation_person_id,living_situation_house_address_id) VALUES(917,896)
INSERT INTO PERSON(person_id, person_gender_id, person_first_name, person_last_name, person_email_name) VALUES(918,9,'Toddie','Settle','tsettleif@google.com.br')
INSERT INTO LIVING_SITUATION(living_situation_person_id,living_situation_house_address_id) VALUES(918,896)
INSERT INTO PERSON(person_id, person_gender_id, person_first_name, person_last_name, person_email_name) VALUES(919,2,'Quincy','Brogiotti','qbrogiottihe@wired.com')
INSERT INTO LIVING_SITUATION(living_situation_person_id,living_situation_house_address_id) VALUES(919,896)
INSERT INTO PERSON(person_id, person_gender_id, person_first_name, person_last_name, person_email_name) VALUES(920,8,'Lemmie','Vassar','lvassardx@intel.com')
INSERT INTO LIVING_SITUATION(living_situation_person_id,living_situation_house_address_id) VALUES(920,896)
INSERT INTO PERSON(person_id, person_gender_id, person_first_name, person_last_name, person_email_name) VALUES(921,9,'Dido','MacIntosh','dmacintosh0@umn.edu')
Insert into HOUSE_ADDRESS(house_address_id , house_address_line_one, house_address_line_two, house_address_zip_id) VALUES(921,'34 Acker Trail','',842) 
INSERT INTO LIVING_SITUATION(living_situation_person_id,living_situation_house_address_id) VALUES(921,921)
INSERT INTO PERSON(person_id, person_gender_id, person_first_name, person_last_name, person_email_name) VALUES(922,3,'Berkeley','Cranton','bcrantongd@mail.ru')
Insert into HOUSE_ADDRESS(house_address_id , house_address_line_one, house_address_line_two, house_address_zip_id) VALUES(922,'387 3rd Street','',842) 
INSERT INTO LIVING_SITUATION(living_situation_person_id,living_situation_house_address_id) VALUES(922,922)
INSERT INTO PERSON(person_id, person_gender_id, person_first_name, person_last_name, person_email_name) VALUES(923,1,'Noemi','Slinn','nslinngv@cam.ac.uk')
Insert into HOUSE_ADDRESS(house_address_id , house_address_line_one, house_address_line_two, house_address_zip_id) VALUES(923,'4 Canary Trail','',884) 
INSERT INTO LIVING_SITUATION(living_situation_person_id,living_situation_house_address_id) VALUES(923,923)
INSERT INTO PERSON(person_id, person_gender_id, person_first_name, person_last_name, person_email_name) VALUES(924,2,'Nikolos','Jagson','njagsonp2@epa.gov')
INSERT INTO LIVING_SITUATION(living_situation_person_id,living_situation_house_address_id) VALUES(924,923)
INSERT INTO PERSON(person_id, person_gender_id, person_first_name, person_last_name, person_email_name) VALUES(925,8,'Rebecca','Clarke-Williams','rclarkewilliamshi@xinhuanet.com')
INSERT INTO LIVING_SITUATION(living_situation_person_id,living_situation_house_address_id) VALUES(925,923)
INSERT INTO PERSON(person_id, person_gender_id, person_first_name, person_last_name, person_email_name) VALUES(926,9,'Any','Conibeer','aconibeer3f@goo.gl')
INSERT INTO LIVING_SITUATION(living_situation_person_id,living_situation_house_address_id) VALUES(926,923)
INSERT INTO PERSON(person_id, person_gender_id, person_first_name, person_last_name, person_email_name) VALUES(927,3,'Collin','Wolland','cwollandfk@fema.gov')
INSERT INTO LIVING_SITUATION(living_situation_person_id,living_situation_house_address_id) VALUES(927,923)
INSERT INTO PERSON(person_id, person_gender_id, person_first_name, person_last_name, person_email_name) VALUES(928,8,'Lila','Coverlyn','lcoverlyn32@webs.com')
INSERT INTO LIVING_SITUATION(living_situation_person_id,living_situation_house_address_id) VALUES(928,923)
INSERT INTO PERSON(person_id, person_gender_id, person_first_name, person_last_name, person_email_name) VALUES(929,8,'Armin','Priestley','apriestley53@fema.gov')
INSERT INTO LIVING_SITUATION(living_situation_person_id,living_situation_house_address_id) VALUES(929,923)
INSERT INTO PERSON(person_id, person_gender_id, person_first_name, person_last_name, person_email_name) VALUES(930,7,'Roberta','Rimes','rrimesq3@booking.com')
INSERT INTO LIVING_SITUATION(living_situation_person_id,living_situation_house_address_id) VALUES(930,923)
INSERT INTO PERSON(person_id, person_gender_id, person_first_name, person_last_name, person_email_name) VALUES(931,4,'Shena','Allflatt','sallflattiv@webeden.co.uk')
INSERT INTO LIVING_SITUATION(living_situation_person_id,living_situation_house_address_id) VALUES(931,923)
INSERT INTO PERSON(person_id, person_gender_id, person_first_name, person_last_name, person_email_name) VALUES(932,1,'Willem','Lang','wlangdg@123-reg.co.uk')
INSERT INTO LIVING_SITUATION(living_situation_person_id,living_situation_house_address_id) VALUES(932,923)
INSERT INTO PERSON(person_id, person_gender_id, person_first_name, person_last_name, person_email_name) VALUES(933,9,'Vallie','Jury','vjuryog@webmd.com')
INSERT INTO LIVING_SITUATION(living_situation_person_id,living_situation_house_address_id) VALUES(933,923)
INSERT INTO PERSON(person_id, person_gender_id, person_first_name, person_last_name, person_email_name) VALUES(934,0,'Addia','Reynault','areynaultau@utexas.edu')
INSERT INTO LIVING_SITUATION(living_situation_person_id,living_situation_house_address_id) VALUES(934,923)
INSERT INTO PERSON(person_id, person_gender_id, person_first_name, person_last_name, person_email_name) VALUES(935,2,'Chickie','Mercy','cmercylt@joomla.org')
INSERT INTO LIVING_SITUATION(living_situation_person_id,living_situation_house_address_id) VALUES(935,923)
INSERT INTO PERSON(person_id, person_gender_id, person_first_name, person_last_name, person_email_name) VALUES(936,9,'Kirbee','Backhouse','kbackhousei8@facebook.com')
INSERT INTO LIVING_SITUATION(living_situation_person_id,living_situation_house_address_id) VALUES(936,923)
INSERT INTO PERSON(person_id, person_gender_id, person_first_name, person_last_name, person_email_name) VALUES(937,7,'Laverne','McKennan','lmckennanj8@netvibes.com')
INSERT INTO LIVING_SITUATION(living_situation_person_id,living_situation_house_address_id) VALUES(937,923)
INSERT INTO PERSON(person_id, person_gender_id, person_first_name, person_last_name, person_email_name) VALUES(938,1,'Salvador','Roycroft','sroycroftim@rambler.ru')
INSERT INTO LIVING_SITUATION(living_situation_person_id,living_situation_house_address_id) VALUES(938,923)
INSERT INTO PERSON(person_id, person_gender_id, person_first_name, person_last_name, person_email_name) VALUES(939,8,'Bridie','Brace','bbraceal@ovh.net')
INSERT INTO LIVING_SITUATION(living_situation_person_id,living_situation_house_address_id) VALUES(939,923)
INSERT INTO PERSON(person_id, person_gender_id, person_first_name, person_last_name, person_email_name) VALUES(940,8,'Effie','Karpfen','ekarpfen8e@plala.or.jp')
INSERT INTO LIVING_SITUATION(living_situation_person_id,living_situation_house_address_id) VALUES(940,923)
INSERT INTO PERSON(person_id, person_gender_id, person_first_name, person_last_name, person_email_name) VALUES(941,3,'Chryste','Floodgate','cfloodgategf@fastcompany.com')
INSERT INTO LIVING_SITUATION(living_situation_person_id,living_situation_house_address_id) VALUES(941,923)
INSERT INTO PERSON(person_id, person_gender_id, person_first_name, person_last_name, person_email_name) VALUES(942,3,'Hirsch','Massingham','hmassingham4c@redcross.org')
INSERT INTO LIVING_SITUATION(living_situation_person_id,living_situation_house_address_id) VALUES(942,923)
INSERT INTO PERSON(person_id, person_gender_id, person_first_name, person_last_name, person_email_name) VALUES(943,9,'Tilda','Ganforthe','tganforthe6c@nifty.com')
INSERT INTO LIVING_SITUATION(living_situation_person_id,living_situation_house_address_id) VALUES(943,923)
INSERT INTO PERSON(person_id, person_gender_id, person_first_name, person_last_name, person_email_name) VALUES(944,8,'Michaelina','Mathewson','mmathewson6b@jiathis.com')
INSERT INTO LIVING_SITUATION(living_situation_person_id,living_situation_house_address_id) VALUES(944,923)
INSERT INTO PERSON(person_id, person_gender_id, person_first_name, person_last_name, person_email_name) VALUES(945,4,'Winny','Lewis','wlewislv@dagondesign.com')
INSERT INTO LIVING_SITUATION(living_situation_person_id,living_situation_house_address_id) VALUES(945,923)
INSERT INTO PERSON(person_id, person_gender_id, person_first_name, person_last_name, person_email_name) VALUES(946,1,'Ailina','Brownett','abrownett79@mac.com')
INSERT INTO LIVING_SITUATION(living_situation_person_id,living_situation_house_address_id) VALUES(946,923)
INSERT INTO PERSON(person_id, person_gender_id, person_first_name, person_last_name, person_email_name) VALUES(947,4,'Rosetta','Cogswell','rcogswellix@chronoengine.com')
INSERT INTO LIVING_SITUATION(living_situation_person_id,living_situation_house_address_id) VALUES(947,923)
INSERT INTO PERSON(person_id, person_gender_id, person_first_name, person_last_name, person_email_name) VALUES(948,9,'Emily','Colbridge','ecolbridgea0@ow.ly')
INSERT INTO LIVING_SITUATION(living_situation_person_id,living_situation_house_address_id) VALUES(948,923)
INSERT INTO PERSON(person_id, person_gender_id, person_first_name, person_last_name, person_email_name) VALUES(949,7,'Mikel','Morfett','mmorfett5c@yale.edu')
INSERT INTO LIVING_SITUATION(living_situation_person_id,living_situation_house_address_id) VALUES(949,923)
INSERT INTO PERSON(person_id, person_gender_id, person_first_name, person_last_name, person_email_name) VALUES(950,8,'Demetris','Weiss','dweissen@gmpg.org')
INSERT INTO LIVING_SITUATION(living_situation_person_id,living_situation_house_address_id) VALUES(950,923)
INSERT INTO PERSON(person_id, person_gender_id, person_first_name, person_last_name, person_email_name) VALUES(951,1,'Fredrika','Koppens','fkoppens5l@hatena.ne.jp')
INSERT INTO LIVING_SITUATION(living_situation_person_id,living_situation_house_address_id) VALUES(951,923)
INSERT INTO PERSON(person_id, person_gender_id, person_first_name, person_last_name, person_email_name) VALUES(952,8,'Linea','Mc Elory','lmceloryd7@fema.gov')
INSERT INTO LIVING_SITUATION(living_situation_person_id,living_situation_house_address_id) VALUES(952,923)
INSERT INTO PERSON(person_id, person_gender_id, person_first_name, person_last_name, person_email_name) VALUES(953,3,'Melamie','Romera','mromeraj0@is.gd')
INSERT INTO LIVING_SITUATION(living_situation_person_id,living_situation_house_address_id) VALUES(953,923)
INSERT INTO PERSON(person_id, person_gender_id, person_first_name, person_last_name, person_email_name) VALUES(954,7,'Henry','Hark','hharkly@mail.ru')
INSERT INTO LIVING_SITUATION(living_situation_person_id,living_situation_house_address_id) VALUES(954,923)
INSERT INTO PERSON(person_id, person_gender_id, person_first_name, person_last_name, person_email_name) VALUES(955,2,'Reeta','Veillard','rveillardbl@twitter.com')
INSERT INTO LIVING_SITUATION(living_situation_person_id,living_situation_house_address_id) VALUES(955,923)
INSERT INTO PERSON(person_id, person_gender_id, person_first_name, person_last_name, person_email_name) VALUES(956,2,'Izak','Tavner','itavnerrj@shop-pro.jp')
INSERT INTO LIVING_SITUATION(living_situation_person_id,living_situation_house_address_id) VALUES(956,923)
INSERT INTO PERSON(person_id, person_gender_id, person_first_name, person_last_name, person_email_name) VALUES(957,8,'Gunar','Milleton','gmilletonpz@blogs.com')
INSERT INTO LIVING_SITUATION(living_situation_person_id,living_situation_house_address_id) VALUES(957,923)
INSERT INTO PERSON(person_id, person_gender_id, person_first_name, person_last_name, person_email_name) VALUES(958,2,'Mead','Beceril','mbecerilr5@is.gd')
Insert into HOUSE_ADDRESS(house_address_id , house_address_line_one, house_address_line_two, house_address_zip_id) VALUES(958,'50889 Gale Way','',845) 
INSERT INTO LIVING_SITUATION(living_situation_person_id,living_situation_house_address_id) VALUES(958,958)
INSERT INTO PERSON(person_id, person_gender_id, person_first_name, person_last_name, person_email_name) VALUES(959,4,'Vasily','Roscoe','vroscoeqk@google.it')
Insert into HOUSE_ADDRESS(house_address_id , house_address_line_one, house_address_line_two, house_address_zip_id) VALUES(959,'651 Dryden Way','',864) 
INSERT INTO LIVING_SITUATION(living_situation_person_id,living_situation_house_address_id) VALUES(959,959)
INSERT INTO PERSON(person_id, person_gender_id, person_first_name, person_last_name, person_email_name) VALUES(960,4,'Corina','Cranstone','ccranstonel9@com.com')
Insert into HOUSE_ADDRESS(house_address_id , house_address_line_one, house_address_line_two, house_address_zip_id) VALUES(960,'739 East Trail','',856) 
INSERT INTO LIVING_SITUATION(living_situation_person_id,living_situation_house_address_id) VALUES(960,960)
INSERT INTO PERSON(person_id, person_gender_id, person_first_name, person_last_name, person_email_name) VALUES(961,3,'Cristian','Kneesha','ckneesha8p@addthis.com')
Insert into HOUSE_ADDRESS(house_address_id , house_address_line_one, house_address_line_two, house_address_zip_id) VALUES(961,'78 Kipling Way','',845) 
INSERT INTO LIVING_SITUATION(living_situation_person_id,living_situation_house_address_id) VALUES(961,961)
INSERT INTO PERSON(person_id, person_gender_id, person_first_name, person_last_name, person_email_name) VALUES(962,1,'Jacklin','Lovelock','jlovelockro@wikispaces.com')
Insert into HOUSE_ADDRESS(house_address_id , house_address_line_one, house_address_line_two, house_address_zip_id) VALUES(962,'00 Welch Road','',844) 
INSERT INTO LIVING_SITUATION(living_situation_person_id,living_situation_house_address_id) VALUES(962,962)
INSERT INTO PERSON(person_id, person_gender_id, person_first_name, person_last_name, person_email_name) VALUES(963,7,'Horatio','Rann','hrann96@mashable.com')
Insert into HOUSE_ADDRESS(house_address_id , house_address_line_one, house_address_line_two, house_address_zip_id) VALUES(963,'647 Debs Road','',845) 
INSERT INTO LIVING_SITUATION(living_situation_person_id,living_situation_house_address_id) VALUES(963,963)
INSERT INTO PERSON(person_id, person_gender_id, person_first_name, person_last_name, person_email_name) VALUES(964,4,'Devland','Linforth','dlinforthlk@merriam-webster.com')
Insert into HOUSE_ADDRESS(house_address_id , house_address_line_one, house_address_line_two, house_address_zip_id) VALUES(964,'7 Schurz Lane','',852) 
INSERT INTO LIVING_SITUATION(living_situation_person_id,living_situation_house_address_id) VALUES(964,964)
INSERT INTO PERSON(person_id, person_gender_id, person_first_name, person_last_name, person_email_name) VALUES(965,0,'Myrilla','Rings','mringsrd@cnn.com')
Insert into HOUSE_ADDRESS(house_address_id , house_address_line_one, house_address_line_two, house_address_zip_id) VALUES(965,'2 David Hill','',845) 
INSERT INTO LIVING_SITUATION(living_situation_person_id,living_situation_house_address_id) VALUES(965,965)
INSERT INTO PERSON(person_id, person_gender_id, person_first_name, person_last_name, person_email_name) VALUES(966,0,'Locke','Livock','llivockc8@sun.com')
Insert into HOUSE_ADDRESS(house_address_id , house_address_line_one, house_address_line_two, house_address_zip_id) VALUES(966,'3 South Park','',843) 
INSERT INTO LIVING_SITUATION(living_situation_person_id,living_situation_house_address_id) VALUES(966,966)
INSERT INTO PERSON(person_id, person_gender_id, person_first_name, person_last_name, person_email_name) VALUES(967,8,'Ellette','Gennrich','egennrichd2@networkadvertising.org')
Insert into HOUSE_ADDRESS(house_address_id , house_address_line_one, house_address_line_two, house_address_zip_id) VALUES(967,'94 Dawn Hill','',864) 
INSERT INTO LIVING_SITUATION(living_situation_person_id,living_situation_house_address_id) VALUES(967,967)
INSERT INTO PERSON(person_id, person_gender_id, person_first_name, person_last_name, person_email_name) VALUES(968,9,'Harris','Hinckesman','hhinckesmanmb@sakura.ne.jp')
Insert into HOUSE_ADDRESS(house_address_id , house_address_line_one, house_address_line_two, house_address_zip_id) VALUES(968,'5 Grim Way','',864) 
INSERT INTO LIVING_SITUATION(living_situation_person_id,living_situation_house_address_id) VALUES(968,968)
INSERT INTO PERSON(person_id, person_gender_id, person_first_name, person_last_name, person_email_name) VALUES(969,8,'Gael','Gierok','ggierok5u@t-online.de')
Insert into zip(zip_id, zip_code, zip_city, zip_state)Values (969,'10459','Bronx','New York')
Insert into HOUSE_ADDRESS(house_address_id , house_address_line_one, house_address_line_two, house_address_zip_id) VALUES(969,'08918 Crownhardt Junction','',969) 
INSERT INTO LIVING_SITUATION(living_situation_person_id,living_situation_house_address_id) VALUES(969,969)
INSERT INTO PERSON(person_id, person_gender_id, person_first_name, person_last_name, person_email_name) VALUES(970,2,'Dolly','Keiley','dkeileyli@arstechnica.com')
Insert into zip(zip_id, zip_code, zip_city, zip_state)Values (970,'10454','Bronx','New York')
Insert into HOUSE_ADDRESS(house_address_id , house_address_line_one, house_address_line_two, house_address_zip_id) VALUES(970,'292 American Ash Junction','',970) 
INSERT INTO LIVING_SITUATION(living_situation_person_id,living_situation_house_address_id) VALUES(970,970)
INSERT INTO PERSON(person_id, person_gender_id, person_first_name, person_last_name, person_email_name) VALUES(971,9,'Fabien','Augie','faugie15@jiathis.com')
Insert into zip(zip_id, zip_code, zip_city, zip_state)Values (971,'10474','Bronx','New York')
Insert into HOUSE_ADDRESS(house_address_id , house_address_line_one, house_address_line_two, house_address_zip_id) VALUES(971,'96456 Meadow Ridge Circle','',971) 
INSERT INTO LIVING_SITUATION(living_situation_person_id,living_situation_house_address_id) VALUES(971,971)
INSERT INTO PERSON(person_id, person_gender_id, person_first_name, person_last_name, person_email_name) VALUES(972,9,'Virgie','McCready','vmccready22@illinois.edu')
Insert into zip(zip_id, zip_code, zip_city, zip_state)Values (972,'10469','Bronx','New York')
Insert into HOUSE_ADDRESS(house_address_id , house_address_line_one, house_address_line_two, house_address_zip_id) VALUES(972,'436 Saint Paul Junction','',972) 
INSERT INTO LIVING_SITUATION(living_situation_person_id,living_situation_house_address_id) VALUES(972,972)
INSERT INTO PERSON(person_id, person_gender_id, person_first_name, person_last_name, person_email_name) VALUES(973,7,'Catherine','Colborn','ccolbornqi@oaic.gov.au')
Insert into HOUSE_ADDRESS(house_address_id , house_address_line_one, house_address_line_two, house_address_zip_id) VALUES(973,'2019 Bartillon Terrace','',969) 
INSERT INTO LIVING_SITUATION(living_situation_person_id,living_situation_house_address_id) VALUES(973,973)
INSERT INTO PERSON(person_id, person_gender_id, person_first_name, person_last_name, person_email_name) VALUES(974,3,'Mauricio','Gobat','mgobatmd@fastcompany.com')
Insert into zip(zip_id, zip_code, zip_city, zip_state)Values (974,'10464','Bronx','New York')
Insert into HOUSE_ADDRESS(house_address_id , house_address_line_one, house_address_line_two, house_address_zip_id) VALUES(974,'27399 Cambridge Center','',974) 
INSERT INTO LIVING_SITUATION(living_situation_person_id,living_situation_house_address_id) VALUES(974,974)
INSERT INTO PERSON(person_id, person_gender_id, person_first_name, person_last_name, person_email_name) VALUES(975,9,'Anson','Harmer','aharmer2l@trellian.com')
Insert into HOUSE_ADDRESS(house_address_id , house_address_line_one, house_address_line_two, house_address_zip_id) VALUES(975,'51 Forest Run Crossing','',971) 
INSERT INTO LIVING_SITUATION(living_situation_person_id,living_situation_house_address_id) VALUES(975,975)
INSERT INTO PERSON(person_id, person_gender_id, person_first_name, person_last_name, person_email_name) VALUES(976,3,'Jeremiah','Rehm','jrehmoe@ning.com')
Insert into HOUSE_ADDRESS(house_address_id , house_address_line_one, house_address_line_two, house_address_zip_id) VALUES(976,'69010 La Follette Road','',970) 
INSERT INTO LIVING_SITUATION(living_situation_person_id,living_situation_house_address_id) VALUES(976,976)
INSERT INTO PERSON(person_id, person_gender_id, person_first_name, person_last_name, person_email_name) VALUES(977,2,'Ernesta','Haynes','ehaynes9o@noaa.gov')
Insert into HOUSE_ADDRESS(house_address_id , house_address_line_one, house_address_line_two, house_address_zip_id) VALUES(977,'19884 Ridge Oak Plaza','',970) 
INSERT INTO LIVING_SITUATION(living_situation_person_id,living_situation_house_address_id) VALUES(977,977)
INSERT INTO PERSON(person_id, person_gender_id, person_first_name, person_last_name, person_email_name) VALUES(978,2,'Kathi','Golsthorp','kgolsthorp2r@gizmodo.com')
Insert into HOUSE_ADDRESS(house_address_id , house_address_line_one, house_address_line_two, house_address_zip_id) VALUES(978,'77929 Corscot Parkway','',969) 
INSERT INTO LIVING_SITUATION(living_situation_person_id,living_situation_house_address_id) VALUES(978,978)
INSERT INTO PERSON(person_id, person_gender_id, person_first_name, person_last_name, person_email_name) VALUES(979,9,'Bradan','Batey','bbateyea@army.mil')
Insert into HOUSE_ADDRESS(house_address_id , house_address_line_one, house_address_line_two, house_address_zip_id) VALUES(979,'0439 Farmco Junction','',970) 
INSERT INTO LIVING_SITUATION(living_situation_person_id,living_situation_house_address_id) VALUES(979,979)
INSERT INTO PERSON(person_id, person_gender_id, person_first_name, person_last_name, person_email_name) VALUES(980,8,'Helge','Adrain','hadraince@google.de')
Insert into zip(zip_id, zip_code, zip_city, zip_state)Values (980,'13505','Utica','New York')
Insert into HOUSE_ADDRESS(house_address_id , house_address_line_one, house_address_line_two, house_address_zip_id) VALUES(980,'2224 Menomonie Drive','',980) 
INSERT INTO LIVING_SITUATION(living_situation_person_id,living_situation_house_address_id) VALUES(980,980)
INSERT INTO PERSON(person_id, person_gender_id, person_first_name, person_last_name, person_email_name) VALUES(981,3,'Thalia','Breukelman','tbreukelman7s@wunderground.com')
Insert into HOUSE_ADDRESS(house_address_id , house_address_line_one, house_address_line_two, house_address_zip_id) VALUES(981,'2568 Armistice Trail','',974) 
INSERT INTO LIVING_SITUATION(living_situation_person_id,living_situation_house_address_id) VALUES(981,981)
INSERT INTO PERSON(person_id, person_gender_id, person_first_name, person_last_name, person_email_name) VALUES(982,4,'Waneta','Ivanilov','wivanilovof@wp.com')
Insert into HOUSE_ADDRESS(house_address_id , house_address_line_one, house_address_line_two, house_address_zip_id) VALUES(982,'68710 Spaight Center','',970) 
INSERT INTO LIVING_SITUATION(living_situation_person_id,living_situation_house_address_id) VALUES(982,982)
INSERT INTO PERSON(person_id, person_gender_id, person_first_name, person_last_name, person_email_name) VALUES(983,7,'Joane','Poulsen','jpoulsen16@si.edu')
Insert into HOUSE_ADDRESS(house_address_id , house_address_line_one, house_address_line_two, house_address_zip_id) VALUES(983,'223 Warrior Parkway','',980) 
INSERT INTO LIVING_SITUATION(living_situation_person_id,living_situation_house_address_id) VALUES(983,983)
INSERT INTO PERSON(person_id, person_gender_id, person_first_name, person_last_name, person_email_name) VALUES(984,3,'Maude','Clarycott','mclarycottrg@google.co.uk')
Insert into HOUSE_ADDRESS(house_address_id , house_address_line_one, house_address_line_two, house_address_zip_id) VALUES(984,'4260 Roxbury Trail','',974) 
INSERT INTO LIVING_SITUATION(living_situation_person_id,living_situation_house_address_id) VALUES(984,984)
INSERT INTO PERSON(person_id, person_gender_id, person_first_name, person_last_name, person_email_name) VALUES(985,7,'Rica','McReedy','rmcreedy84@businesswire.com')
Insert into HOUSE_ADDRESS(house_address_id , house_address_line_one, house_address_line_two, house_address_zip_id) VALUES(985,'6 Shelley Junction','',969) 
INSERT INTO LIVING_SITUATION(living_situation_person_id,living_situation_house_address_id) VALUES(985,985)
INSERT INTO PERSON(person_id, person_gender_id, person_first_name, person_last_name, person_email_name) VALUES(986,1,'Brinna','Andrivot','bandrivotps@blogger.com')
Insert into HOUSE_ADDRESS(house_address_id , house_address_line_one, house_address_line_two, house_address_zip_id) VALUES(986,'237 Carioca Place','',971) 
INSERT INTO LIVING_SITUATION(living_situation_person_id,living_situation_house_address_id) VALUES(986,986)
INSERT INTO PERSON(person_id, person_gender_id, person_first_name, person_last_name, person_email_name) VALUES(987,3,'Bianca','Albutt','balbuttnj@friendfeed.com')
Insert into HOUSE_ADDRESS(house_address_id , house_address_line_one, house_address_line_two, house_address_zip_id) VALUES(987,'27 Drewry Circle','',974) 
INSERT INTO LIVING_SITUATION(living_situation_person_id,living_situation_house_address_id) VALUES(987,987)
INSERT INTO PERSON(person_id, person_gender_id, person_first_name, person_last_name, person_email_name) VALUES(988,0,'Goldie','Lawty','glawtyav@msn.com')
Insert into HOUSE_ADDRESS(house_address_id , house_address_line_one, house_address_line_two, house_address_zip_id) VALUES(988,'37796 Merry Road','',971) 
INSERT INTO LIVING_SITUATION(living_situation_person_id,living_situation_house_address_id) VALUES(988,988)
INSERT INTO PERSON(person_id, person_gender_id, person_first_name, person_last_name, person_email_name) VALUES(989,9,'Atalanta','Sharvill','asharvillqc@live.com')
Insert into HOUSE_ADDRESS(house_address_id , house_address_line_one, house_address_line_two, house_address_zip_id) VALUES(989,'867 Atwood Trail','',972) 
INSERT INTO LIVING_SITUATION(living_situation_person_id,living_situation_house_address_id) VALUES(989,989)
INSERT INTO PERSON(person_id, person_gender_id, person_first_name, person_last_name, person_email_name) VALUES(990,9,'Jamey','Vowels','jvowelslw@cloudflare.com')
Insert into HOUSE_ADDRESS(house_address_id , house_address_line_one, house_address_line_two, house_address_zip_id) VALUES(990,'9 Riverside Hill','',970) 
INSERT INTO LIVING_SITUATION(living_situation_person_id,living_situation_house_address_id) VALUES(990,990)
INSERT INTO PERSON(person_id, person_gender_id, person_first_name, person_last_name, person_email_name) VALUES(991,2,'Kerry','Barthod','kbarthodfy@deviantart.com')
Insert into HOUSE_ADDRESS(house_address_id , house_address_line_one, house_address_line_two, house_address_zip_id) VALUES(991,'28 Main Terrace','',970) 
INSERT INTO LIVING_SITUATION(living_situation_person_id,living_situation_house_address_id) VALUES(991,991)
INSERT INTO PERSON(person_id, person_gender_id, person_first_name, person_last_name, person_email_name) VALUES(992,7,'Tamarah','Muat','tmuat90@digg.com')
Insert into HOUSE_ADDRESS(house_address_id , house_address_line_one, house_address_line_two, house_address_zip_id) VALUES(992,'696 Fuller Pass','',969) 
INSERT INTO LIVING_SITUATION(living_situation_person_id,living_situation_house_address_id) VALUES(992,992)
INSERT INTO PERSON(person_id, person_gender_id, person_first_name, person_last_name, person_email_name) VALUES(993,2,'Stormi','Varley','svarleyh9@google.fr')
Insert into HOUSE_ADDRESS(house_address_id , house_address_line_one, house_address_line_two, house_address_zip_id) VALUES(993,'7960 Nelson Way','',972) 
INSERT INTO LIVING_SITUATION(living_situation_person_id,living_situation_house_address_id) VALUES(993,993)
INSERT INTO PERSON(person_id, person_gender_id, person_first_name, person_last_name, person_email_name) VALUES(994,0,'Marcelia','Jumonet','mjumonet1a@e-recht24.de')
Insert into HOUSE_ADDRESS(house_address_id , house_address_line_one, house_address_line_two, house_address_zip_id) VALUES(994,'9 Pearson Court','',970) 
INSERT INTO LIVING_SITUATION(living_situation_person_id,living_situation_house_address_id) VALUES(994,994)
INSERT INTO PERSON(person_id, person_gender_id, person_first_name, person_last_name, person_email_name) VALUES(995,3,'Jerry','Buglass','jbuglass2k@nydailynews.com')
Insert into HOUSE_ADDRESS(house_address_id , house_address_line_one, house_address_line_two, house_address_zip_id) VALUES(995,'4528 Upham Way','',969) 
INSERT INTO LIVING_SITUATION(living_situation_person_id,living_situation_house_address_id) VALUES(995,995)
INSERT INTO PERSON(person_id, person_gender_id, person_first_name, person_last_name, person_email_name) VALUES(996,1,'Donica','Darnell','ddarnell6o@blogger.com')
Insert into HOUSE_ADDRESS(house_address_id , house_address_line_one, house_address_line_two, house_address_zip_id) VALUES(996,'63 Susan Point','',971) 
INSERT INTO LIVING_SITUATION(living_situation_person_id,living_situation_house_address_id) VALUES(996,996)
INSERT INTO PERSON(person_id, person_gender_id, person_first_name, person_last_name, person_email_name) VALUES(997,8,'Tabby','Issacov','tissacovkv@wikimedia.org')
Insert into HOUSE_ADDRESS(house_address_id , house_address_line_one, house_address_line_two, house_address_zip_id) VALUES(997,'3 Dryden Park','',974) 
INSERT INTO LIVING_SITUATION(living_situation_person_id,living_situation_house_address_id) VALUES(997,997)
INSERT INTO PERSON(person_id, person_gender_id, person_first_name, person_last_name, person_email_name) VALUES(998,8,'Ebenezer','Biggans','ebiggansj1@yale.edu')
Insert into HOUSE_ADDRESS(house_address_id , house_address_line_one, house_address_line_two, house_address_zip_id) VALUES(998,'60 Dakota Way','',969) 
INSERT INTO LIVING_SITUATION(living_situation_person_id,living_situation_house_address_id) VALUES(998,998)
INSERT INTO PERSON(person_id, person_gender_id, person_first_name, person_last_name, person_email_name) VALUES(999,0,'Hastings','Allanby','hallanbybd@over-blog.com')
Insert into HOUSE_ADDRESS(house_address_id , house_address_line_one, house_address_line_two, house_address_zip_id) VALUES(999,'9 Pond Street','',971) 
INSERT INTO LIVING_SITUATION(living_situation_person_id,living_situation_house_address_id) VALUES(999,999)
